,ghi,t_air,e,tp,windspeed
2022-01-01 00:00:00,0.09972222,26.494812,-0.03578198,0.75519365,0.97473514
2022-01-01 01:00:00,3.4722223e-05,26.293396,-0.023573332,0.14339574,0.45877343
2022-01-01 02:00:00,3.4722223e-05,26.173248,-0.020033257,0.041020103,0.90518606
2022-01-01 03:00:00,3.4722223e-05,26.003113,-0.020260952,0.4428085,0.6529405
2022-01-01 04:00:00,3.4722223e-05,26.241852,-0.02026638,0.16302896,0.70657927
2022-01-01 05:00:00,3.4722223e-05,25.929596,-0.025085872,0.03470946,0.95286155
2022-01-01 06:00:00,3.4722223e-05,25.636383,-0.032502126,0.11674967,1.1197346
2022-01-01 07:00:00,3.4722223e-05,25.871002,-0.042558547,0.1321761,1.5757734
2022-01-01 08:00:00,3.4722223e-05,25.238678,-0.05086389,0.37479216,1.6158085
2022-01-01 09:00:00,3.4722223e-05,25.01065,-0.05037598,0.18371455,1.3233926
2022-01-01 10:00:00,3.4722223e-05,24.808716,-0.049915165,0.35200268,1.574277
2022-01-01 11:00:00,3.4722223e-05,24.838318,-0.053097434,0.5679736,1.2210199
2022-01-01 12:00:00,11.054063,24.661072,-0.05838857,0.8859681,1.6579899
2022-01-01 13:00:00,77.77719,24.801971,-0.07592089,0.61074644,1.8656665
2022-01-01 14:00:00,184.24356,25.760956,-0.10511971,0.36146957,2.3761458
2022-01-01 15:00:00,213.67352,25.662994,-0.113885865,0.20089373,2.3962855
2022-01-01 16:00:00,226.23753,25.967712,-0.11768615,0.09676535,2.0288205
2022-01-01 17:00:00,337.31927,26.778687,-0.13449201,0.1034271,1.597217
2022-01-01 18:00:00,527.8591,27.14978,-0.19120908,0.14655106,1.1467382
2022-01-01 19:00:00,453.68588,27.44159,-0.16654783,0.11674967,0.62052536
2022-01-01 20:00:00,462.6459,27.59607,-0.16127297,0.14690123,0.87188053
2022-01-01 21:00:00,195.76768,27.533112,-0.10141157,0.48978907,0.95122296
2022-01-01 22:00:00,132.13573,27.020416,-0.07465774,0.8011227,0.61931425
2022-01-01 23:00:00,41.766075,26.828766,-0.048906818,0.5599093,0.22565061
2022-01-02 00:00:00,0.07125,26.537048,-0.034551356,0.5539488,0.7310017
2022-01-02 01:00:00,3.4722223e-05,26.507446,-0.037928797,0.22333302,0.86745477
2022-01-02 02:00:00,3.4722223e-05,26.200806,-0.037083082,0.15461445,0.8992386
2022-01-02 03:00:00,3.4722223e-05,25.85852,-0.039170265,0.30817837,0.95442224
2022-01-02 04:00:00,3.4722223e-05,25.485748,-0.038882937,0.62231624,1.0939549
2022-01-02 05:00:00,3.4722223e-05,25.227417,-0.030230628,0.38320664,0.88177925
2022-01-02 06:00:00,3.4722223e-05,25.300415,-0.03040953,0.72188675,0.9551422
2022-01-02 07:00:00,3.4722223e-05,25.069763,-0.045111943,0.52029175,1.0234774
2022-01-02 08:00:00,3.4722223e-05,24.493835,-0.045984764,0.7748278,1.7171077
2022-01-02 09:00:00,3.4722223e-05,24.555847,-0.052945644,1.1948477,2.0666957
2022-01-02 10:00:00,3.4722223e-05,24.979645,-0.058177147,1.7337213,1.784786
2022-01-02 11:00:00,3.4722223e-05,25.184998,-0.06111547,2.3584914,2.3296711
2022-01-02 12:00:00,5.4557986,24.720612,-0.071654364,3.0688086,3.0406222
2022-01-02 13:00:00,45.313057,24.809235,-0.08532674,3.084586,3.3305275
2022-01-02 14:00:00,108.531906,25.426208,-0.11722535,2.206331,3.4983945
2022-01-02 15:00:00,149.0444,25.542938,-0.12837686,1.1492697,3.7879453
2022-01-02 16:00:00,182.69087,25.772888,-0.13924645,0.4386017,3.5668952
2022-01-02 17:00:00,281.06616,26.516052,-0.17204498,0.15601702,3.376142
2022-01-02 18:00:00,260.98087,26.610321,-0.15804733,0.13498124,2.6234436
2022-01-02 19:00:00,274.99783,26.488647,-0.14396836,0.39863306,1.6431744
2022-01-02 20:00:00,198.403,26.145233,-0.09854916,0.26785862,0.81116354
2022-01-02 21:00:00,173.48868,25.967712,-0.092629164,0.732054,1.6845268
2022-01-02 22:00:00,46.637814,26.006805,-0.07584498,0.763258,2.2978077
2022-01-02 23:00:00,15.982813,26.097351,-0.07441377,0.79235804,3.0373988
2022-01-03 00:00:00,0.057013888,26.144684,-0.08275165,0.7870989,3.1358821
2022-01-03 01:00:00,3.4722223e-05,26.145386,-0.085039414,1.2502428,3.2934887
2022-01-03 02:00:00,3.4722223e-05,25.735016,-0.08709949,1.8287338,3.4310162
2022-01-03 03:00:00,3.4722223e-05,25.266083,-0.08621041,2.3416626,3.5620224
2022-01-03 04:00:00,3.4722223e-05,25.164703,-0.086085714,2.4962778,3.6583505
2022-01-03 05:00:00,3.4722223e-05,24.905151,-0.088368066,2.7104952,3.7926998
2022-01-03 06:00:00,3.4722223e-05,24.870544,-0.082914285,2.5404534,3.4950876
2022-01-03 07:00:00,3.4722223e-05,24.859589,-0.0791411,2.0226157,3.7136118
2022-01-03 08:00:00,3.4722223e-05,24.662292,-0.08160234,0.68577474,3.8212285
2022-01-03 09:00:00,3.4722223e-05,24.381744,-0.079021834,0.31554046,3.9726918
2022-01-03 10:00:00,3.4722223e-05,25.207672,-0.06914975,0.2899468,2.5548258
2022-01-03 11:00:00,3.4722223e-05,25.381042,-0.06796249,0.24366751,1.5921831
2022-01-03 12:00:00,10.27059,25.391235,-0.06298037,0.3691828,1.1832964
2022-01-03 13:00:00,99.15878,25.099548,-0.07709187,0.8687889,1.3399991
2022-01-03 14:00:00,172.04993,25.340729,-0.09356161,0.96134746,1.6166297
2022-01-03 15:00:00,254.45668,25.746002,-0.10952718,0.6728033,1.7437135
2022-01-03 16:00:00,394.0567,26.3815,-0.15464821,0.42948592,1.8355359
2022-01-03 17:00:00,346.73514,26.864685,-0.1420438,0.3842581,1.8176843
2022-01-03 18:00:00,518.18677,26.924927,-0.19460277,0.14024042,1.7903463
2022-01-03 19:00:00,274.24286,27.566833,-0.12586139,0.405645,2.0754454
2022-01-03 20:00:00,359.14246,27.409088,-0.14475986,0.1816107,1.9126272
2022-01-03 21:00:00,337.6184,27.398376,-0.142857,0.04627928,2.126488
2022-01-03 22:00:00,167.61975,26.524567,-0.092059925,0.04803203,2.4149818
2022-01-03 23:00:00,60.911217,26.34909,-0.057976563,0.16934052,1.9059708
2022-01-04 00:00:00,0.19944444,26.066772,-0.042699497,0.25699008,1.366084
2022-01-04 01:00:00,3.4722223e-05,26.092957,-0.03722946,0.16548392,1.3776078
2022-01-04 02:00:00,3.4722223e-05,25.780182,-0.034952536,0.31098258,0.77306014
2022-01-04 03:00:00,3.4722223e-05,25.456512,-0.03559224,0.33271965,0.7401234
2022-01-04 04:00:00,3.4722223e-05,25.162506,-0.033450853,0.6170571,0.88631785
2022-01-04 05:00:00,3.4722223e-05,24.770966,-0.033369534,0.47506392,0.6847933
2022-01-04 06:00:00,3.4722223e-05,24.914215,-0.033521324,0.5571041,0.41520256
2022-01-04 07:00:00,3.4722223e-05,25.144257,-0.038752828,0.26365185,0.20579283
2022-01-04 08:00:00,3.4722223e-05,24.883728,-0.04021656,0.30151662,0.56334645
2022-01-04 09:00:00,3.4722223e-05,24.964264,-0.039343737,0.2394598,1.2285172
2022-01-04 10:00:00,3.4722223e-05,25.168396,-0.04433129,0.26645696,1.6892005
2022-01-04 11:00:00,3.4722223e-05,25.028229,-0.048820075,0.21702144,2.450918
2022-01-04 12:00:00,5.655243,24.863007,-0.05035971,0.21456741,2.6561139
2022-01-04 13:00:00,51.52382,24.871796,-0.061641317,0.6054873,2.137427
2022-01-04 14:00:00,147.71965,25.267029,-0.09120879,0.6387942,1.8179921
2022-01-04 15:00:00,291.74982,25.463257,-0.12569334,0.41090417,1.9289881
2022-01-04 16:00:00,386.37872,25.848328,-0.1580907,0.22788998,2.1003134
2022-01-04 17:00:00,423.1448,26.746002,-0.17502667,0.11289306,1.9460177
2022-01-04 18:00:00,363.3732,26.730103,-0.15508732,0.03961753,1.8312532
2022-01-04 19:00:00,303.11725,27.157623,-0.14515561,0.11429563,2.164633
2022-01-04 20:00:00,197.93292,26.906128,-0.11413524,0.06591249,2.6577237
2022-01-04 21:00:00,162.50583,26.463806,-0.104561314,0.03470946,2.707833
2022-01-04 22:00:00,81.85121,25.909393,-0.08519663,0.027697533,2.562004
2022-01-04 23:00:00,48.617847,25.924744,-0.07601846,0.0003501773,2.2161775
2022-01-05 00:00:00,0.31340277,25.62268,-0.06438447,0.0014025718,2.1887856
2022-01-05 01:00:00,3.4722223e-05,25.582184,-0.06265509,0.0035054982,2.466881
2022-01-05 02:00:00,3.4722223e-05,25.245789,-0.06208045,0.015426427,2.694737
2022-01-05 03:00:00,3.4722223e-05,25.03067,-0.06281774,0.008414499,2.5820804
2022-01-05 04:00:00,3.4722223e-05,24.910614,-0.06463385,0.012972392,2.2568684
2022-01-05 05:00:00,3.4722223e-05,24.906647,-0.068786524,0.016127713,1.8002449
2022-01-05 06:00:00,3.4722223e-05,24.953308,-0.072250694,0.103778206,1.6724381
2022-01-05 07:00:00,3.4722223e-05,24.851227,-0.06048118,0.37444198,1.9570343
2022-01-05 08:00:00,3.4722223e-05,24.419342,-0.05710374,0.21316484,1.8383586
2022-01-05 09:00:00,3.4722223e-05,24.48645,-0.058952384,0.120256096,1.6247045
2022-01-05 10:00:00,3.4722223e-05,24.481354,-0.053959418,0.22788998,1.1029488
2022-01-05 11:00:00,3.4722223e-05,24.530884,-0.05254448,0.41055307,0.53795046
2022-01-05 12:00:00,11.054063,24.565338,-0.052501097,0.5883081,0.6719047
2022-01-05 13:00:00,86.77997,24.519928,-0.0753137,0.434394,1.6285218
2022-01-05 14:00:00,222.87573,25.193268,-0.118168645,0.07958617,2.1389856
2022-01-05 15:00:00,303.08875,25.513855,-0.12739561,0.0830926,2.6795304
2022-01-05 16:00:00,424.71173,26.053864,-0.15662697,0.10482967,2.8164918
2022-01-05 17:00:00,447.38962,26.862213,-0.15935385,0.07993728,2.8718557
2022-01-05 18:00:00,641.3197,27.140045,-0.22510813,0.19037631,2.7930772
2022-01-05 19:00:00,338.2167,27.04361,-0.14076981,0.03470946,2.4198017
2022-01-05 20:00:00,302.51895,26.751099,-0.12328088,0.07993728,2.0085325
2022-01-05 21:00:00,258.431,26.809265,-0.10601964,0.1156982,1.4573759
2022-01-05 22:00:00,128.75969,26.736542,-0.06483443,0.6910339,0.91832846
2022-01-05 23:00:00,52.563717,26.585876,-0.045111943,1.2404257,1.3213923
2022-01-06 00:00:00,0.29916668,26.105865,-0.033467107,1.303183,1.1627064
2022-01-06 01:00:00,3.4722223e-05,25.966736,-0.04619619,0.8936813,1.2402892
2022-01-06 02:00:00,3.4722223e-05,25.603455,-0.04823458,0.39021856,1.1897216
2022-01-06 03:00:00,3.4722223e-05,25.254822,-0.046385933,0.22683851,0.9137336
2022-01-06 04:00:00,3.4722223e-05,25.244995,-0.046787113,0.38951728,0.9700148
2022-01-06 05:00:00,3.4722223e-05,24.99527,-0.053406447,0.2780268,1.3422174
2022-01-06 06:00:00,3.4722223e-05,24.642273,-0.05459912,0.15496555,1.7472785
2022-01-06 07:00:00,3.4722223e-05,24.720886,-0.05194814,0.13953912,1.791258
2022-01-06 08:00:00,3.4722223e-05,25.017761,-0.052289672,1.2975736,2.0617862
2022-01-06 09:00:00,3.4722223e-05,24.796326,-0.055802636,1.1464646,2.4637783
2022-01-06 10:00:00,3.4722223e-05,24.409851,-0.06203707,0.75133705,2.1300104
2022-01-06 11:00:00,3.4722223e-05,24.459412,-0.062449094,0.82636625,2.377587
2022-01-06 12:00:00,4.5441318,24.443237,-0.06527898,0.46524686,2.6986635
2022-01-06 13:00:00,50.982536,24.53952,-0.081564404,0.23981091,3.047191
2022-01-06 14:00:00,139.94191,24.950836,-0.11373948,0.21316484,3.3255622
2022-01-06 15:00:00,224.14352,25.231384,-0.15261523,0.17249584,3.3538697
2022-01-06 16:00:00,332.1911,25.608276,-0.19163735,0.18406567,3.156713
2022-01-06 17:00:00,361.9202,26.01654,-0.2048869,0.19843969,3.3709724
2022-01-06 18:00:00,421.0508,25.92395,-0.21120264,0.30326936,3.2875893
2022-01-06 19:00:00,408.5295,25.92984,-0.20420381,2.7683442,3.0754251
2022-01-06 20:00:00,348.74368,25.418121,-0.18014975,2.8524883,2.9631777
2022-01-06 21:00:00,124.99903,25.675201,-0.09910213,3.406087,2.4346495
2022-01-06 22:00:00,94.11607,25.3107,-0.095995754,1.6962066,2.6151285
2022-01-06 23:00:00,28.390104,25.148102,-0.07438667,1.1362973,2.1405044
2022-01-07 00:00:00,0.15670139,25.112732,-0.07300425,1.0479456,2.2190597
2022-01-07 01:00:00,3.4722223e-05,25.146454,-0.08190594,1.0069255,2.801502
2022-01-07 02:00:00,3.4722223e-05,24.98236,-0.084844254,0.7611541,2.97492
2022-01-07 03:00:00,3.4722223e-05,25.039032,-0.09060703,0.5339645,3.2386372
2022-01-07 04:00:00,3.4722223e-05,24.77771,-0.09388147,1.1843294,3.7677357
2022-01-07 05:00:00,3.4722223e-05,24.568481,-0.09045524,1.4020522,4.007737
2022-01-07 06:00:00,3.4722223e-05,24.398895,-0.09008117,1.557719,4.492599
2022-01-07 07:00:00,3.4722223e-05,24.437866,-0.08250769,0.20019338,4.618378
2022-01-07 08:00:00,3.4722223e-05,24.266083,-0.08807532,0.51959044,4.688433
2022-01-07 09:00:00,3.4722223e-05,24.217407,-0.09377846,1.1306871,4.962641
2022-01-07 10:00:00,3.4722223e-05,24.200378,-0.10441495,2.668773,3.953059
2022-01-07 11:00:00,3.4722223e-05,24.1315,-0.11193963,4.179512,3.702869
2022-01-07 12:00:00,1.3532987,24.083649,-0.11687297,4.533619,3.5961797
2022-01-07 13:00:00,18.504131,24.269684,-0.11738256,4.199847,3.49063
2022-01-07 14:00:00,44.999653,24.615387,-0.12542771,3.238149,3.6832204
2022-01-07 15:00:00,91.03917,24.454468,-0.1361238,2.1582983,4.1512656
2022-01-07 16:00:00,114.48628,24.661774,-0.13449201,1.1464646,3.6327078
2022-01-07 17:00:00,246.65047,25.095154,-0.1607959,0.7878002,3.2927384
2022-01-07 18:00:00,365.29626,25.49356,-0.19221744,1.0286626,2.7343397
2022-01-07 19:00:00,399.68344,25.997742,-0.17130226,1.2779394,2.098782
2022-01-07 20:00:00,274.68445,25.713501,-0.12817627,0.59847534,1.8279612
2022-01-07 21:00:00,139.47185,25.673004,-0.08010608,0.65246785,1.4164525
2022-01-07 22:00:00,102.57754,25.200378,-0.06187985,0.48207584,0.87642735
2022-01-07 23:00:00,31.68066,25.074158,-0.04461319,0.6784126,1.1661915
2022-01-08 00:00:00,0.29916668,24.92694,-0.034269456,0.120256096,1.2646126
2022-01-08 01:00:00,3.4722223e-05,24.898407,-0.037787847,0.54974204,1.0360849
2022-01-08 02:00:00,3.4722223e-05,24.993622,-0.050278395,0.45262557,1.6626508
2022-01-08 03:00:00,3.4722223e-05,24.976227,-0.0548214,0.4855823,1.7595061
2022-01-08 04:00:00,3.4722223e-05,24.977448,-0.056773044,0.34919846,1.5738779
2022-01-08 05:00:00,3.4722223e-05,24.809235,-0.05447444,0.307126,1.4567726
2022-01-08 06:00:00,3.4722223e-05,24.709381,-0.05192103,0.14970638,1.698115
2022-01-08 07:00:00,3.4722223e-05,24.68811,-0.051368058,0.063809566,1.8253107
2022-01-08 08:00:00,3.4722223e-05,24.28064,-0.055645417,0.06451085,2.0443554
2022-01-08 09:00:00,3.4722223e-05,24.52362,-0.05519546,0.035760924,2.1412919
2022-01-08 10:00:00,3.4722223e-05,24.325897,-0.057223007,0.1539141,1.8946235
2022-01-08 11:00:00,3.4722223e-05,24.536255,-0.06008,0.10763481,2.0416064
2022-01-08 12:00:00,13.375972,24.526062,-0.07078696,0.026645139,2.7275207
2022-01-08 13:00:00,107.10743,25.297272,-0.105829895,0.013673678,2.7917001
2022-01-08 14:00:00,268.78705,26.056763,-0.15115693,0.0066617504,2.6438231
2022-01-08 15:00:00,484.61154,26.539246,-0.20568922,0.02489239,2.2452023
2022-01-08 16:00:00,541.4772,26.968414,-0.2161685,0.063809566,1.8309867
2022-01-08 17:00:00,700.379,27.859497,-0.25210592,0.09290874,1.0947629
2022-01-08 18:00:00,727.6865,27.865387,-0.24037977,0.04137121,0.8269984
2022-01-08 19:00:00,615.0236,28.431824,-0.23300688,0.030501746,1.8446887
2022-01-08 20:00:00,455.77985,27.963318,-0.19323663,0.013322569,2.4596457
2022-01-08 21:00:00,447.71725,27.466003,-0.20188352,0.23981091,2.867766
2022-01-08 22:00:00,227.64778,27.280396,-0.13067545,0.029450282,2.6480362
2022-01-08 23:00:00,61.922604,27.176392,-0.06947502,0.062406994,2.0120165
2022-01-09 00:00:00,0.48434028,26.943542,-0.041474283,0.08344278,2.252946
2022-01-09 01:00:00,3.4722223e-05,26.842468,-0.03831371,0.09781774,2.1551664
2022-01-09 02:00:00,3.4722223e-05,26.544067,-0.03042037,0.002454035,1.997277
2022-01-09 03:00:00,3.4722223e-05,26.26117,-0.026159264,0.10027178,2.2718415
2022-01-09 04:00:00,3.4722223e-05,25.425934,-0.031304035,0.7695686,2.4178603
2022-01-09 05:00:00,3.4722223e-05,24.534851,-0.034448355,0.72749704,1.9833264
2022-01-09 06:00:00,3.4722223e-05,24.570526,-0.03739752,0.85406375,1.1425892
2022-01-09 07:00:00,3.4722223e-05,24.413025,-0.04559985,1.0511009,1.4397653
2022-01-09 08:00:00,3.4722223e-05,24.555847,-0.053563666,1.6569393,1.9358387
2022-01-09 09:00:00,3.4722223e-05,24.834198,-0.06514345,1.641863,1.6621742
2022-01-09 10:00:00,3.4722223e-05,24.681366,-0.07557392,1.1362973,2.1046288
2022-01-09 11:00:00,3.4722223e-05,24.613739,-0.07042374,0.31483918,2.0393078
2022-01-09 12:00:00,12.564028,24.725006,-0.06341949,0.09185728,2.0834813
2022-01-09 13:00:00,100.83969,24.847107,-0.083461836,0.05294103,2.353819
2022-01-09 14:00:00,290.65295,25.552673,-0.14343706,0.032255426,2.6911914
2022-01-09 15:00:00,356.06555,25.694977,-0.15406814,0.032255426,2.3850596
2022-01-09 16:00:00,600.42255,26.17157,-0.21275853,0.0063106418,2.1151264
2022-01-09 17:00:00,650.30817,26.870728,-0.21226521,0.00490807,1.6745
2022-01-09 18:00:00,565.2662,26.581665,-0.17799751,0.0038566068,1.4390779
2022-01-09 19:00:00,476.1786,26.996521,-0.17002827,0.038566068,1.504168
2022-01-09 20:00:00,407.48965,27.2919,-0.16035135,0.05294103,2.1578062
2022-01-09 21:00:00,366.1367,27.199585,-0.15910989,0.059251674,2.3987212
2022-01-09 22:00:00,209.95561,27.047028,-0.118212014,0.047681853,1.6440284
2022-01-09 23:00:00,78.005104,26.878113,-0.080886744,0.008063391,1.352071
2022-01-10 00:00:00,0.6552778,26.383698,-0.05269627,0.021386892,1.274142
2022-01-10 01:00:00,3.4722223e-05,26.319763,-0.04364821,0.052589923,1.4488537
2022-01-10 02:00:00,3.4722223e-05,25.998169,-0.044114437,0.22788998,1.3694004
2022-01-10 03:00:00,3.4722223e-05,26.002563,-0.048380956,0.5294075,1.6784737
2022-01-10 04:00:00,3.4722223e-05,25.91272,-0.047611147,0.41581225,1.6877043
2022-01-10 05:00:00,3.4722223e-05,25.847382,-0.044564396,0.29766,0.99097586
2022-01-10 06:00:00,3.4722223e-05,25.368317,-0.05438227,0.9354027,0.496738
2022-01-10 07:00:00,3.4722223e-05,25.166382,-0.04149055,0.8172505,0.96827
2022-01-10 08:00:00,3.4722223e-05,24.856323,-0.046038985,1.2246482,0.9772314
2022-01-10 09:00:00,3.4722223e-05,24.497955,-0.049378462,0.784995,1.2632211
2022-01-10 10:00:00,3.4722223e-05,24.44403,-0.056762204,0.6286269,0.8488196
2022-01-10 11:00:00,3.4722223e-05,24.465454,-0.05489729,0.68577474,0.67869836
2022-01-10 12:00:00,10.527014,24.40686,-0.05224631,0.5791923,1.3068427
2022-01-10 13:00:00,103.717155,24.805817,-0.07438125,0.11079013,1.888921
2022-01-10 14:00:00,161.08136,25.408112,-0.098896116,0.06801635,2.5187294
2022-01-10 15:00:00,221.93558,25.40451,-0.114037655,0.042772852,2.5930827
2022-01-10 16:00:00,396.35013,25.81363,-0.15665407,0.018931925,2.0436358
2022-01-10 17:00:00,621.7899,26.255798,-0.21244952,0.012972392,1.232376
2022-01-10 18:00:00,601.9753,26.435242,-0.19109525,0.038566068,0.8800698
2022-01-10 19:00:00,716.91736,26.57492,-0.23506695,0.12551528,0.91321194
2022-01-10 20:00:00,577.0467,26.963043,-0.20210579,0.12165867,1.1665726
2022-01-10 21:00:00,352.83194,27.016998,-0.13648704,0.19493419,1.4481632
2022-01-10 22:00:00,227.4341,26.317566,-0.117089815,0.34043285,2.5938485
2022-01-10 23:00:00,57.150555,25.561218,-0.079677805,1.1440105,3.4409554
2022-01-11 00:00:00,0.5840625,25.601685,-0.06285026,0.113594346,4.1994433
2022-01-11 01:00:00,3.4722223e-05,25.711151,-0.06509466,0.0066617504,3.9282577
2022-01-11 02:00:00,3.4722223e-05,25.446503,-0.061039567,0.0077132136,3.467493
2022-01-11 03:00:00,3.4722223e-05,25.01532,-0.057521176,0.030501746,3.4631336
2022-01-11 04:00:00,3.4722223e-05,24.659302,-0.0646718,0.04627928,3.8034134
2022-01-11 05:00:00,3.4722223e-05,24.273895,-0.064341106,0.0950126,3.5661044
2022-01-11 06:00:00,3.4722223e-05,24.122192,-0.0635225,0.039267354,3.1815047
2022-01-11 07:00:00,3.4722223e-05,24.233582,-0.06156543,0.13883784,2.5236747
2022-01-11 08:00:00,3.4722223e-05,24.022156,-0.05481056,0.29520598,2.5881877
2022-01-11 09:00:00,3.4722223e-05,23.86853,-0.059391502,0.41896757,2.6292818
2022-01-11 10:00:00,3.4722223e-05,24.020386,-0.06630902,0.5174866,2.4764984
2022-01-11 11:00:00,3.4722223e-05,24.042877,-0.06317011,0.40809903,2.2864277
2022-01-11 12:00:00,7.678021,24.067993,-0.064194724,0.08694921,2.8714669
2022-01-11 13:00:00,80.36976,24.285034,-0.08224747,0.16338006,3.3627927
2022-01-11 14:00:00,301.17993,25.293823,-0.14438578,0.044175424,3.453462
2022-01-11 15:00:00,418.57217,26.103943,-0.17288528,0.03961753,2.9558053
2022-01-11 16:00:00,564.5539,26.615662,-0.20618798,0.05960185,2.5305812
2022-01-11 17:00:00,734.9372,27.123718,-0.24805084,0.09290874,2.648899
2022-01-11 18:00:00,721.8461,27.225769,-0.25569478,0.19773841,2.8724275
2022-01-11 19:00:00,691.46173,27.141968,-0.27575883,0.021035783,2.9601808
2022-01-11 20:00:00,608.20026,26.700348,-0.25603092,0.039267354,2.823054
2022-01-11 21:00:00,388.2163,26.635162,-0.18307722,0.0,2.6273043
2022-01-11 22:00:00,269.61325,26.216705,-0.1355058,0.0,2.532336
2022-01-11 23:00:00,80.12757,26.053162,-0.079114,0.0017527491,1.3531448
2022-01-12 00:00:00,0.7977431,25.68988,-0.040341254,0.09922031,0.8147631
2022-01-12 01:00:00,3.4722223e-05,25.690155,-0.030393261,0.017530285,0.81822515
2022-01-12 02:00:00,3.4722223e-05,25.273376,-0.026056267,0.0017527491,1.044305
2022-01-12 03:00:00,3.4722223e-05,25.454498,-0.026549606,0.023489818,1.1837876
2022-01-12 04:00:00,3.4722223e-05,25.269684,-0.025606306,0.08449517,0.9741225
2022-01-12 05:00:00,3.4722223e-05,25.579742,-0.027774803,0.14725235,0.78503245
2022-01-12 06:00:00,3.4722223e-05,25.500671,-0.03052337,0.01156982,0.7956393
2022-01-12 07:00:00,3.4722223e-05,25.161804,-0.03355385,0.080638565,0.81252795
2022-01-12 08:00:00,3.4722223e-05,24.588074,-0.039826233,0.07678103,0.8237101
2022-01-12 09:00:00,3.4722223e-05,24.564362,-0.0434151,0.015426427,0.91950965
2022-01-12 10:00:00,3.4722223e-05,24.996246,-0.045513123,0.0038566068,1.227269
2022-01-12 11:00:00,3.4722223e-05,24.873993,-0.045247477,0.0014025718,1.3085045
2022-01-12 12:00:00,17.492743,24.863007,-0.047350913,0.0003501773,1.3356538
2022-01-12 13:00:00,169.74226,25.389587,-0.079688646,0.008063391,1.4965326
2022-01-12 14:00:00,374.84033,26.373688,-0.1379345,0.0950126,1.6515924
2022-01-12 15:00:00,525.6369,26.964294,-0.18763106,0.108686276,1.1366278
2022-01-12 16:00:00,673.9975,27.355682,-0.2240293,0.07292442,0.55485266
2022-01-12 17:00:00,671.7895,27.67743,-0.2189279,0.07502828,1.102236
2022-01-12 18:00:00,747.51544,27.634216,-0.26144674,0.0781836,1.6981767
2022-01-12 19:00:00,791.44666,27.658875,-0.30159107,0.10307692,2.0237923
2022-01-12 20:00:00,626.09186,27.746704,-0.2590072,0.16408134,2.4128704
2022-01-12 21:00:00,478.32956,27.656677,-0.21941581,0.063809566,2.3275244
2022-01-12 22:00:00,242.66191,27.261597,-0.1332397,0.0014025718,1.6400862
2022-01-12 23:00:00,91.19587,27.254059,-0.083949745,0.0,1.7423296
2022-01-13 00:00:00,1.139618,26.61267,-0.045290843,0.0,1.5498221
2022-01-13 01:00:00,3.4722223e-05,26.44403,-0.034903742,0.0,1.7160141
2022-01-13 02:00:00,3.4722223e-05,26.109558,-0.031629317,0.0,1.8444148
2022-01-13 03:00:00,3.4722223e-05,25.745758,-0.030387849,0.0,2.058773
2022-01-13 04:00:00,3.4722223e-05,26.172974,-0.02787239,0.016828999,1.6504071
2022-01-13 05:00:00,3.4722223e-05,25.965942,-0.02608879,0.082040206,1.0988669
2022-01-13 06:00:00,3.4722223e-05,25.82901,-0.029883668,0.070470385,0.9073898
2022-01-13 07:00:00,3.4722223e-05,25.866608,-0.034220662,0.067315064,0.599586
2022-01-13 08:00:00,3.4722223e-05,24.957153,-0.036817435,0.24191476,0.45507368
2022-01-13 09:00:00,3.4722223e-05,24.621979,-0.048174944,0.29520598,0.9726499
2022-01-13 10:00:00,3.4722223e-05,24.700592,-0.05587311,0.04627928,1.4684168
2022-01-13 11:00:00,3.4722223e-05,24.77948,-0.05481056,0.0010514632,1.5617479
2022-01-13 12:00:00,11.324722,25.04483,-0.05749949,0.005609356,1.8700356
2022-01-13 13:00:00,125.28392,25.171295,-0.08926257,0.02489239,2.0529885
2022-01-13 14:00:00,158.47455,25.904999,-0.096478246,0.077132136,2.0000105
2022-01-13 15:00:00,346.25082,26.125366,-0.14196248,0.102024525,1.4121791
2022-01-13 16:00:00,514.4831,26.53241,-0.17517845,0.048733316,0.74352
2022-01-13 17:00:00,642.559,26.945923,-0.21025935,0.06486103,0.7426537
2022-01-13 18:00:00,668.6984,26.880585,-0.21487823,0.07678103,1.3167772
2022-01-13 19:00:00,661.7611,27.258972,-0.22864278,0.09676535,2.1510482
2022-01-13 20:00:00,549.22644,27.077332,-0.20957626,0.042422675,2.380428
2022-01-13 21:00:00,470.8652,26.668365,-0.19246681,0.035410747,2.0760312
2022-01-13 22:00:00,251.18034,27.032623,-0.12160572,0.009465963,1.5668617
2022-01-13 23:00:00,74.78577,26.476257,-0.068667255,0.1325272,1.6713756
2022-01-14 00:00:00,0.9117014,26.485504,-0.0566863,0.0613546,1.523558
2022-01-14 01:00:00,3.4722223e-05,26.121246,-0.059993267,0.18441585,2.1095924
2022-01-14 02:00:00,3.4722223e-05,25.561737,-0.07246755,0.1858184,2.5557504
2022-01-14 03:00:00,3.4722223e-05,25.23111,-0.080496415,0.16197748,2.6546495
2022-01-14 04:00:00,3.4722223e-05,25.215485,-0.071686886,0.002454035,2.504467
2022-01-14 05:00:00,3.4722223e-05,25.307281,-0.06288278,0.0,2.354858
2022-01-14 06:00:00,3.4722223e-05,24.912018,-0.056865204,0.0,2.2134504
2022-01-14 07:00:00,3.4722223e-05,24.774109,-0.068797365,0.026294962,2.1876745
2022-01-14 08:00:00,3.4722223e-05,24.556274,-0.07516733,0.022088178,2.1529498
2022-01-14 09:00:00,3.4722223e-05,24.355408,-0.079938024,0.0,2.2450721
2022-01-14 10:00:00,3.4722223e-05,25.445953,-0.081575245,0.0,2.2558892
2022-01-14 11:00:00,3.4722223e-05,25.37149,-0.08673627,0.0,2.5865748
2022-01-14 12:00:00,15.612431,25.686462,-0.09215209,0.0,3.0059066
2022-01-14 13:00:00,167.6625,25.970154,-0.13912718,0.0,3.29207
2022-01-14 14:00:00,382.27618,26.445953,-0.20758666,0.0,3.4945416
2022-01-14 15:00:00,578.9983,26.998016,-0.26327914,0.0,3.4884768
2022-01-14 16:00:00,745.84875,27.357605,-0.30906156,0.0010514632,3.3203537
2022-01-14 17:00:00,838.54034,27.955505,-0.34670666,0.0003501773,3.5850146
2022-01-14 18:00:00,796.3612,28.00409,-0.34194136,0.0,3.878335
2022-01-14 19:00:00,690.32214,27.93399,-0.30518532,0.0003501773,4.0769744
2022-01-14 20:00:00,415.69473,27.877594,-0.22718988,0.0,4.1566753
2022-01-14 21:00:00,488.30096,27.70816,-0.24719429,0.0,4.1543074
2022-01-14 22:00:00,310.083,27.887177,-0.19734593,0.0,3.362451
2022-01-14 23:00:00,96.08188,27.428131,-0.12705949,0.0,3.1609337
2022-01-15 00:00:00,1.3675348,26.81076,-0.084280446,0.0,2.9620576
2022-01-15 01:00:00,3.4722223e-05,26.637085,-0.074018024,0.0,3.0430682
2022-01-15 02:00:00,3.4722223e-05,26.378876,-0.06926902,0.0,3.267305
2022-01-15 03:00:00,3.4722223e-05,25.996765,-0.06668308,0.0,3.2607088
2022-01-15 04:00:00,3.4722223e-05,26.042358,-0.06450374,0.0,2.93509
2022-01-15 05:00:00,3.4722223e-05,25.770416,-0.061364844,0.0003501773,2.6023939
2022-01-15 06:00:00,3.4722223e-05,25.684967,-0.05898491,0.013673678,2.6003122
2022-01-15 07:00:00,3.4722223e-05,25.647888,-0.07343253,0.042772852,2.9363704
2022-01-15 08:00:00,3.4722223e-05,25.218903,-0.088660814,0.009465963,2.9743562
2022-01-15 09:00:00,3.4722223e-05,25.038757,-0.100934505,0.0003501773,3.1116982
2022-01-15 10:00:00,3.4722223e-05,25.354431,-0.109478384,0.0,3.048889
2022-01-15 11:00:00,3.4722223e-05,25.147156,-0.11298594,0.0,3.244498
2022-01-15 12:00:00,15.6409025,25.1857,-0.11381539,0.0,3.2488325
2022-01-15 13:00:00,146.89343,25.629272,-0.15066902,0.0010514632,3.4050133
2022-01-15 14:00:00,342.29074,26.49234,-0.2123411,0.012972392,3.636997
2022-01-15 15:00:00,457.81686,26.506042,-0.23241597,0.045928173,3.689213
2022-01-15 16:00:00,568.8844,26.913788,-0.25345042,0.057147816,3.2328398
2022-01-15 17:00:00,681.84644,27.295074,-0.2973462,0.08765049,2.9168384
2022-01-15 18:00:00,639.5391,27.265564,-0.27941275,0.07327553,2.8726313
2022-01-15 19:00:00,642.1886,27.341003,-0.2675619,0.0,3.3221486
2022-01-15 20:00:00,587.3885,27.341461,-0.26068774,0.021386892,3.3865862
2022-01-15 21:00:00,415.78018,27.475494,-0.21319224,0.0038566068,3.412466
2022-01-15 22:00:00,247.24876,27.071167,-0.15797143,0.0,2.9070964
2022-01-15 23:00:00,78.50368,27.013123,-0.10536908,0.0003501773,2.472721
2022-01-16 00:00:00,1.2820486,26.741089,-0.06968103,0.015426427,1.8659856
2022-01-16 01:00:00,3.4722223e-05,26.781952,-0.05730975,0.016828999,1.6002198
2022-01-16 02:00:00,3.4722223e-05,26.30368,-0.04681421,0.0070119277,1.5478501
2022-01-16 03:00:00,3.4722223e-05,26.450897,-0.03876908,0.058550388,1.3276192
2022-01-16 04:00:00,3.4722223e-05,26.128357,-0.03358096,0.13077445,0.7179366
2022-01-16 05:00:00,3.4722223e-05,25.986938,-0.032746088,0.29029697,0.5200255
2022-01-16 06:00:00,3.4722223e-05,25.365845,-0.041230336,0.31483918,0.9824937
2022-01-16 07:00:00,3.4722223e-05,25.332214,-0.043084394,0.17074215,1.2531271
2022-01-16 08:00:00,3.4722223e-05,24.372253,-0.05198609,0.6251214,1.2868756
2022-01-16 09:00:00,3.4722223e-05,24.35733,-0.05367209,0.6626351,1.4118502
2022-01-16 10:00:00,3.4722223e-05,24.726776,-0.05726637,0.35340524,1.2576088
2022-01-16 11:00:00,3.4722223e-05,24.52414,-0.057710916,0.19598566,1.3804301
2022-01-16 12:00:00,11.111042,24.44693,-0.059445724,0.122008845,1.6782541
2022-01-16 13:00:00,105.284065,24.941803,-0.08643268,0.08484535,1.6561848
2022-01-16 14:00:00,271.73575,26.085571,-0.13424805,0.032255426,1.2820543
2022-01-16 15:00:00,407.31873,26.362427,-0.16223794,0.00490807,0.7440871
2022-01-16 16:00:00,647.1458,26.890076,-0.21903092,0.012972392,0.12104884
2022-01-16 17:00:00,660.80676,27.708954,-0.20718007,0.028748997,0.5148865
2022-01-16 18:00:00,702.6867,27.811462,-0.22241378,0.03961753,1.4763349
2022-01-16 19:00:00,664.61017,27.970184,-0.2510488,0.04662946,2.3969488
2022-01-16 20:00:00,496.66275,28.11203,-0.23294725,0.6054873,2.9244924
2022-01-16 21:00:00,438.20166,28.40567,-0.20280512,0.039267354,2.2091103
2022-01-16 22:00:00,234.30014,27.349274,-0.12672338,0.056096353,1.646749
2022-01-16 23:00:00,82.40677,27.392029,-0.07980249,0.01156982,1.2280009
2022-01-17 00:00:00,1.2820486,27.144165,-0.042818762,0.015776604,1.009272
2022-01-17 01:00:00,3.4722223e-05,27.186676,-0.039088946,0.041020103,0.32075453
2022-01-17 02:00:00,3.4722223e-05,26.9953,-0.037554726,0.05118735,0.41762218
2022-01-17 03:00:00,3.4722223e-05,26.295074,-0.039061837,0.7587001,0.41387922
2022-01-17 04:00:00,3.4722223e-05,25.413727,-0.041214064,1.4052083,0.15803109
2022-01-17 05:00:00,3.4722223e-05,25.057556,-0.04451019,1.1850307,0.4694519
2022-01-17 06:00:00,3.4722223e-05,25.01477,-0.04842975,0.6117979,0.51406795
2022-01-17 07:00:00,3.4722223e-05,24.779907,-0.03258344,0.49960613,0.38179272
2022-01-17 08:00:00,3.4722223e-05,24.631989,-0.037798688,0.4557809,0.71311104
2022-01-17 09:00:00,3.4722223e-05,24.590271,-0.052598685,0.1994921,1.2793714
2022-01-17 10:00:00,3.4722223e-05,25.467224,-0.06395619,0.0017527491,2.5347774
2022-01-17 11:00:00,3.4722223e-05,25.576324,-0.078501396,0.0028051436,2.7505565
2022-01-17 12:00:00,16.111008,25.391785,-0.10516851,0.0028051436,2.2325745
2022-01-17 13:00:00,150.0558,25.635162,-0.15262066,0.018931925,1.9674948
2022-01-17 14:00:00,299.49905,25.769897,-0.17825773,0.1156982,1.8410404
2022-01-17 15:00:00,399.18488,25.858093,-0.16644484,0.07958617,1.5654414
2022-01-17 16:00:00,575.76465,26.371735,-0.20105949,0.030852854,1.0572958
2022-01-17 17:00:00,618.9125,26.893738,-0.20224674,0.022788532,0.5358438
2022-01-17 18:00:00,561.36304,26.880737,-0.19435883,0.035760924,0.7049634
2022-01-17 19:00:00,467.27548,27.210388,-0.19457568,0.0038566068,1.3421733
2022-01-17 20:00:00,432.0336,27.815582,-0.18474154,0.0077132136,1.549323
2022-01-17 21:00:00,384.56958,28.148376,-0.16366915,0.00490807,1.5402586
2022-01-17 22:00:00,182.00711,27.472595,-0.10594373,0.0028051436,1.2544587
2022-01-17 23:00:00,61.238853,27.268463,-0.07216938,0.014374964,1.6436719
2022-01-18 00:00:00,1.3675348,26.963745,-0.047844253,0.013322569,1.6269279
2022-01-18 01:00:00,3.4722223e-05,26.93573,-0.04302476,0.00490807,1.3192255
2022-01-18 02:00:00,3.4722223e-05,26.59732,-0.038676925,0.06661378,1.2587535
2022-01-18 03:00:00,3.4722223e-05,26.234283,-0.03707224,0.07853471,1.0759327
2022-01-18 04:00:00,3.4722223e-05,26.095428,-0.037256554,0.36672875,0.36715412
2022-01-18 05:00:00,3.4722223e-05,25.854675,-0.034963377,0.35095122,0.9004948
2022-01-18 06:00:00,3.4722223e-05,25.865112,-0.03070227,0.103778206,1.4415072
2022-01-18 07:00:00,3.4722223e-05,25.801697,-0.056848947,0.1405906,1.3012832
2022-01-18 08:00:00,3.4722223e-05,25.274597,-0.054566596,0.06310828,1.330272
2022-01-18 09:00:00,3.4722223e-05,25.10614,-0.04530711,0.09536371,1.0841904
2022-01-18 10:00:00,3.4722223e-05,25.516327,-0.041235764,0.014374964,0.92634904
2022-01-18 11:00:00,3.4722223e-05,25.49646,-0.04791473,0.016127713,1.0874052
2022-01-18 12:00:00,11.951493,25.702545,-0.051243376,0.023840927,1.1663816
2022-01-18 13:00:00,138.47469,25.96402,-0.08406359,0.068717636,1.3073032
2022-01-18 14:00:00,318.459,26.716675,-0.14730784,0.042071566,1.2810503
2022-01-18 15:00:00,502.85928,27.03122,-0.19300352,0.0662636,1.3329083
2022-01-18 16:00:00,666.56165,27.22525,-0.24263501,0.022088178,1.3623859
2022-01-18 17:00:00,622.5734,27.07486,-0.22416483,0.0052591786,1.3706917
2022-01-18 18:00:00,654.01196,27.338806,-0.23625962,0.0077132136,1.8662833
2022-01-18 19:00:00,684.93756,27.391785,-0.2473027,0.028748997,2.4742315
2022-01-18 20:00:00,565.66504,27.336609,-0.23164073,0.032255426,3.3894963
2022-01-18 21:00:00,420.1961,27.338806,-0.19763869,0.07117167,3.4278886
2022-01-18 22:00:00,220.21194,26.835876,-0.1376526,0.016828999,2.1031044
2022-01-18 23:00:00,66.95104,27.130829,-0.090140805,0.042422675,1.5382531
2022-01-19 00:00:00,1.4102777,26.954529,-0.06201539,0.07257424,1.6074646
2022-01-19 01:00:00,3.4722223e-05,27.13443,-0.05764044,0.30291918,1.5665333
2022-01-19 02:00:00,3.4722223e-05,26.600739,-0.05620382,0.21421723,1.0722046
2022-01-19 03:00:00,3.4722223e-05,26.459137,-0.039658174,0.0010514632,0.49702412
2022-01-19 04:00:00,3.4722223e-05,26.232788,-0.030512528,0.0,0.51474965
2022-01-19 05:00:00,3.4722223e-05,25.990356,-0.027774803,0.0003501773,0.8087713
2022-01-19 06:00:00,3.4722223e-05,25.8378,-0.02624601,0.0035054982,0.9269753
2022-01-19 07:00:00,3.4722223e-05,25.909393,-0.030686017,0.0010514632,1.005076
2022-01-19 08:00:00,3.4722223e-05,25.97702,-0.03310389,0.0010514632,1.3361661
2022-01-19 09:00:00,3.4722223e-05,26.015747,-0.038123965,0.008414499,1.398654
2022-01-19 10:00:00,3.4722223e-05,25.891998,-0.041100226,0.049434602,1.5116034
2022-01-19 11:00:00,3.4722223e-05,25.989136,-0.04605524,0.04803203,1.6119475
2022-01-19 12:00:00,12.920139,25.897186,-0.048744187,0.034008175,1.2860208
2022-01-19 13:00:00,142.05017,26.057312,-0.07307473,0.062055886,1.2590023
2022-01-19 14:00:00,327.2766,26.967194,-0.118168645,0.122008845,0.97790927
2022-01-19 15:00:00,512.1184,27.16446,-0.16477509,0.17915666,0.61846775
2022-01-19 16:00:00,572.26044,27.2948,-0.17968895,0.12341142,0.5426473
2022-01-19 17:00:00,692.75806,28.045532,-0.2359723,0.051888637,0.8385525
2022-01-19 18:00:00,650.8068,27.786072,-0.23960453,0.0066617504,1.4751306
2022-01-19 19:00:00,618.34265,27.83612,-0.23149435,0.059251674,2.1424005
2022-01-19 20:00:00,450.63745,27.860565,-0.18357597,0.07923599,2.612707
2022-01-19 21:00:00,325.48175,27.785278,-0.1593701,0.02489239,2.8858845
2022-01-19 22:00:00,248.58778,27.7453,-0.13777187,0.0017527491,2.2316747
2022-01-19 23:00:00,82.13611,27.756989,-0.0922551,0.0010514632,2.6217043
2022-01-20 00:00:00,1.8376042,27.590027,-0.06504044,0.0010514632,2.6466694
2022-01-20 01:00:00,3.4722223e-05,27.493042,-0.058236778,0.0003501773,2.5156736
2022-01-20 02:00:00,3.4722223e-05,27.091034,-0.052164994,0.0035054982,2.5323377
2022-01-20 03:00:00,3.4722223e-05,26.741608,-0.044564396,0.01156982,2.252457
2022-01-20 04:00:00,3.4722223e-05,26.713776,-0.035456702,0.022438355,2.0230718
2022-01-20 05:00:00,3.4722223e-05,26.617065,-0.03199796,0.06591249,1.673989
2022-01-20 06:00:00,3.4722223e-05,26.755493,-0.029449962,0.08589681,1.8010272
2022-01-20 07:00:00,3.4722223e-05,26.589752,-0.048332162,0.16267878,2.0859122
2022-01-20 08:00:00,3.4722223e-05,25.974304,-0.055293042,0.05995296,2.02794
2022-01-20 09:00:00,3.4722223e-05,25.964294,-0.052327625,0.014374964,1.7590314
2022-01-20 10:00:00,3.4722223e-05,25.898834,-0.04544265,0.0066617504,1.2750387
2022-01-20 11:00:00,3.4722223e-05,26.340729,-0.045469742,0.014374964,1.2280833
2022-01-20 12:00:00,10.014167,26.322906,-0.04777378,0.077132136,1.3630652
2022-01-20 13:00:00,91.05344,26.526062,-0.062926166,0.031904317,1.475921
2022-01-20 14:00:00,230.6677,27.347595,-0.092694215,0.02489239,1.5381021
2022-01-20 15:00:00,425.0821,27.508942,-0.14033611,0.075729564,1.1614953
2022-01-20 16:00:00,502.3607,27.575623,-0.15928337,0.05819928,0.5800397
2022-01-20 17:00:00,525.8648,28.087341,-0.1781222,0.022088178,0.560041
2022-01-20 18:00:00,541.7905,28.009705,-0.18754974,0.023840927,1.4938065
2022-01-20 19:00:00,451.8198,27.90033,-0.16815795,0.17775409,1.9916078
2022-01-20 20:00:00,443.89963,27.97992,-0.17393158,0.1325272,1.7573236
2022-01-20 21:00:00,372.60388,27.999146,-0.1537808,0.19353163,1.7728804
2022-01-20 22:00:00,182.83331,27.710083,-0.10814476,0.6917352,1.4644595
2022-01-20 23:00:00,67.74875,27.496307,-0.07191458,0.4014382,1.5414035
2022-01-21 00:00:00,1.5669445,27.394928,-0.043973487,0.021035783,1.4588692
2022-01-21 01:00:00,3.4722223e-05,27.664246,-0.036020517,0.1658341,1.6093504
2022-01-21 02:00:00,3.4722223e-05,26.932312,-0.03180279,0.4421072,1.0263921
2022-01-21 03:00:00,3.4722223e-05,25.838776,-0.042558547,1.1380501,0.67372257
2022-01-21 04:00:00,3.4722223e-05,25.496033,-0.048527334,0.42773318,0.7385168
2022-01-21 05:00:00,3.4722223e-05,25.93451,-0.045670327,0.009115785,1.1626039
2022-01-21 06:00:00,3.4722223e-05,26.097626,-0.041718245,0.013322569,1.7884023
2022-01-21 07:00:00,3.4722223e-05,25.595886,-0.05870301,0.6948905,2.2247996
2022-01-21 08:00:00,3.4722223e-05,24.787537,-0.065745205,0.5353671,2.7037446
2022-01-21 09:00:00,3.4722223e-05,24.978668,-0.07104718,0.40669647,3.0699677
2022-01-21 10:00:00,3.4722223e-05,25.497955,-0.07801348,0.16443151,2.8580177
2022-01-21 11:00:00,3.4722223e-05,25.543915,-0.07264103,0.009465963,3.2954416
2022-01-21 12:00:00,12.093924,25.463531,-0.06111547,0.03961753,3.3662467
2022-01-21 13:00:00,110.611664,25.72229,-0.085359275,0.02804771,2.8149445
2022-01-21 14:00:00,274.65594,26.522644,-0.13233437,0.07152278,2.329789
2022-01-21 15:00:00,334.59848,26.29242,-0.14263473,0.26330072,2.1033423
2022-01-21 16:00:00,397.19058,26.475494,-0.1528646,0.28644037,1.6226817
2022-01-21 17:00:00,588.79877,27.24527,-0.20633435,0.13918802,1.5343376
2022-01-21 18:00:00,495.67984,27.35199,-0.18384704,0.11008885,1.6482803
2022-01-21 19:00:00,513.1583,27.545044,-0.19832174,0.13813657,1.8900181
2022-01-21 20:00:00,335.7096,27.319061,-0.13843326,0.13533142,2.3039384
2022-01-21 21:00:00,332.94608,27.094177,-0.14111678,0.39197132,2.0254493
2022-01-21 22:00:00,151.15268,26.609528,-0.10018096,0.9280406,2.3288062
2022-01-21 23:00:00,66.18184,26.690155,-0.06840161,0.5683238,1.7215099
2022-01-22 00:00:00,1.3675348,26.408112,-0.046949748,1.0195467,1.6118213
2022-01-22 01:00:00,3.4722223e-05,26.609528,-0.04531795,0.093610026,1.8488889
2022-01-22 02:00:00,3.4722223e-05,26.362274,-0.036090992,0.15321282,1.7973942
2022-01-22 03:00:00,3.4722223e-05,26.294373,-0.0365789,0.94136316,1.342712
2022-01-22 04:00:00,3.4722223e-05,26.13205,-0.033689387,0.4172148,0.963429
2022-01-22 05:00:00,3.4722223e-05,26.151031,-0.03796132,0.09536371,1.2008322
2022-01-22 06:00:00,3.4722223e-05,25.99582,-0.041550186,0.030501746,1.2677118
2022-01-22 07:00:00,3.4722223e-05,25.985535,-0.051189154,0.12831949,1.3416723
2022-01-22 08:00:00,3.4722223e-05,25.746552,-0.052338466,0.18055923,1.6882557
2022-01-22 09:00:00,3.4722223e-05,25.721588,-0.06760469,0.5167853,2.4880168
2022-01-22 10:00:00,3.4722223e-05,25.735718,-0.078837514,0.70365614,3.5402524
2022-01-22 11:00:00,3.4722223e-05,25.855896,-0.084822565,0.2811821,2.6980915
2022-01-22 12:00:00,5.968646,25.548737,-0.08109275,0.547288,2.304184
2022-01-22 13:00:00,42.80594,25.094452,-0.08436176,1.8655472,2.1804345
2022-01-22 14:00:00,69.67184,25.26651,-0.086871795,2.5674496,1.2034037
2022-01-22 15:00:00,121.02469,25.097351,-0.092049085,1.870105,0.57601666
2022-01-22 16:00:00,190.22643,24.777008,-0.09782271,2.4272091,0.8694554
2022-01-22 17:00:00,205.7961,25.146637,-0.10865978,0.9704633,0.87750816
2022-01-22 18:00:00,280.71002,25.3779,-0.14789332,0.23805815,1.2487293
2022-01-22 19:00:00,304.76965,25.735565,-0.15146594,0.44631493,1.6927391
2022-01-22 20:00:00,221.00966,25.911316,-0.13953918,0.34744573,1.9224688
2022-01-22 21:00:00,209.68497,26.189575,-0.12849613,0.14164299,1.6809125
2022-01-22 22:00:00,89.44375,25.992828,-0.0788863,0.15671831,1.8877536
2022-01-22 23:00:00,34.45844,25.976746,-0.062053338,0.21036062,1.8804871
2022-01-23 00:00:00,1.0113889,25.946716,-0.054534074,0.3267601,1.3964912
2022-01-23 01:00:00,3.4722223e-05,25.949615,-0.04957363,0.18126053,1.5881283
2022-01-23 02:00:00,3.4722223e-05,25.761658,-0.05269084,0.19458309,1.6770058
2022-01-23 03:00:00,3.4722223e-05,25.415924,-0.05424132,0.102375634,1.8747685
2022-01-23 04:00:00,3.4722223e-05,25.297272,-0.054268427,0.01156982,2.4504454
2022-01-23 05:00:00,3.4722223e-05,25.161041,-0.059597515,0.028748997,2.674184
2022-01-23 06:00:00,3.4722223e-05,25.011871,-0.066791505,0.4929444,2.3646302
2022-01-23 07:00:00,3.4722223e-05,24.801178,-0.05682725,0.10097306,2.0069258
2022-01-23 08:00:00,3.4722223e-05,24.379303,-0.052972756,0.1651328,1.6620479
2022-01-23 09:00:00,3.4722223e-05,24.197205,-0.04690638,0.24191476,1.2945406
2022-01-23 10:00:00,3.4722223e-05,24.885132,-0.043187406,0.13498124,0.55230135
2022-01-23 11:00:00,3.4722223e-05,24.915161,-0.039788283,0.036112033,0.65719813
2022-01-23 12:00:00,7.749236,24.988434,-0.0410677,0.06310828,0.986703
2022-01-23 13:00:00,124.95628,25.099274,-0.073801175,0.07257424,1.4735168
2022-01-23 14:00:00,316.17987,26.261871,-0.12150271,0.037163496,1.4666637
2022-01-23 15:00:00,333.8435,26.068268,-0.11364191,0.10482967,1.4795338
2022-01-23 16:00:00,537.8732,26.729675,-0.17012586,0.12586546,1.0409932
2022-01-23 17:00:00,737.3446,27.73285,-0.22711942,0.10482967,0.15549134
2022-01-23 18:00:00,810.91943,28.07434,-0.26048175,0.11639949,0.6409447
2022-01-23 19:00:00,707.701,28.139343,-0.23493142,0.05329121,1.5507582
2022-01-23 20:00:00,595.9354,28.284088,-0.21553421,0.030501746,2.1000795
2022-01-23 21:00:00,499.88208,28.259247,-0.20091312,0.07432699,2.2409863
2022-01-23 22:00:00,305.01184,27.650269,-0.15542345,0.1156982,2.3437624
2022-01-23 23:00:00,94.2158,27.562439,-0.09065041,0.013322569,2.237795
2022-01-24 00:00:00,2.2792015,27.439392,-0.06016133,0.013673678,2.2101572
2022-01-24 01:00:00,3.4722223e-05,27.464508,-0.055574942,0.0578491,2.2480977
2022-01-24 02:00:00,3.4722223e-05,27.00241,-0.056176707,0.04803203,2.1428032
2022-01-24 03:00:00,3.4722223e-05,26.998718,-0.05733143,0.1360327,1.9419856
2022-01-24 04:00:00,3.4722223e-05,26.358582,-0.049936846,0.36111847,1.8906742
2022-01-24 05:00:00,3.4722223e-05,26.244568,-0.043241613,0.26260036,1.7066715
2022-01-24 06:00:00,3.4722223e-05,26.292877,-0.041994732,0.25208202,1.3182544
2022-01-24 07:00:00,3.4722223e-05,26.234283,-0.042498913,0.22017676,1.1497256
2022-01-24 08:00:00,3.4722223e-05,26.128632,-0.040531,0.35866442,1.1774205
2022-01-24 09:00:00,3.4722223e-05,26.087067,-0.04131708,0.48838648,1.4612767
2022-01-24 10:00:00,3.4722223e-05,25.425507,-0.052907694,0.45928732,1.2282456
2022-01-24 11:00:00,3.4722223e-05,25.369812,-0.05108073,0.307126,1.4634063
2022-01-24 12:00:00,7.008507,25.621735,-0.052474003,0.23174658,1.7359122
2022-01-24 13:00:00,78.98798,25.725983,-0.07094418,0.20790659,1.8526567
2022-01-24 14:00:00,135.99608,26.599518,-0.088406004,0.14409703,2.0746315
2022-01-24 15:00:00,153.9589,26.57904,-0.093740515,0.08169003,2.385654
2022-01-24 16:00:00,254.18602,26.935211,-0.12144308,0.08169003,2.4563053
2022-01-24 17:00:00,265.93808,27.395905,-0.12323208,0.093961135,2.8347745
2022-01-24 18:00:00,373.98563,27.676178,-0.1318085,0.045928173,2.807453
2022-01-24 19:00:00,524.2266,28.03894,-0.21103999,0.032255426,2.7411065
2022-01-24 20:00:00,495.39493,28.228668,-0.20635062,0.016127713,3.0381744
2022-01-24 21:00:00,257.36264,28.148132,-0.15321156,0.5139811,3.3185544
2022-01-24 22:00:00,162.2067,27.143982,-0.12832263,0.5129287,2.4806561
2022-01-24 23:00:00,53.2617,26.934784,-0.085662864,0.37374067,2.011018
2022-01-25 00:00:00,1.4957292,26.801422,-0.06436279,0.71522593,1.9460722
2022-01-25 01:00:00,3.4722223e-05,26.610748,-0.07197422,1.0437388,2.1075954
2022-01-25 02:00:00,3.4722223e-05,25.695251,-0.06775648,0.5707778,1.9912454
2022-01-25 03:00:00,3.4722223e-05,25.521149,-0.06065465,0.861777,1.5719366
2022-01-25 04:00:00,3.4722223e-05,25.245514,-0.052240882,0.9322474,0.962777
2022-01-25 05:00:00,3.4722223e-05,25.214783,-0.055932745,1.152074,0.59398097
2022-01-25 06:00:00,3.4722223e-05,24.68399,-0.06609216,1.3045855,1.0254316
2022-01-25 07:00:00,3.4722223e-05,24.244019,-0.055780955,0.30817837,2.0290759
2022-01-25 08:00:00,3.4722223e-05,24.496033,-0.061939485,0.037514605,2.1820383
2022-01-25 09:00:00,3.4722223e-05,24.775085,-0.05478345,0.002454035,1.9806855
2022-01-25 10:00:00,3.4722223e-05,24.885132,-0.052110773,0.0003501773,1.5456111
2022-01-25 11:00:00,3.4722223e-05,24.988434,-0.04985553,0.0070119277,1.3928072
2022-01-25 12:00:00,10.726423,25.276794,-0.05181803,0.023489818,1.2581422
2022-01-25 13:00:00,124.6999,25.478638,-0.08891561,0.05679764,1.5487691
2022-01-25 14:00:00,294.84097,26.279266,-0.15981464,0.010518357,1.5442647
2022-01-25 15:00:00,554.34033,26.91861,-0.23008482,0.0017527491,0.9647666
2022-01-25 16:00:00,630.2514,26.877594,-0.24182725,0.011919998,0.8200764
2022-01-25 17:00:00,644.4108,27.268707,-0.24357831,0.031904317,1.0961215
2022-01-25 18:00:00,560.893,27.029205,-0.22571531,0.029450282,1.6843762
2022-01-25 19:00:00,582.5737,26.831207,-0.23746857,0.1500575,2.4672651
2022-01-25 20:00:00,352.66104,27.04657,-0.18933333,0.19984227,2.5551865
2022-01-25 21:00:00,257.14896,27.26361,-0.16117539,0.794461,2.1463947
2022-01-25 22:00:00,128.2326,26.168854,-0.1197896,0.24787429,2.265299
2022-01-25 23:00:00,43.674896,26.295593,-0.085597806,0.103778206,1.4462608
2022-01-26 00:00:00,2.0655208,25.846588,-0.062405713,0.05819928,1.7223808
2022-01-26 01:00:00,3.4722223e-05,25.726501,-0.06325143,0.19107759,1.7132686
2022-01-26 02:00:00,3.4722223e-05,25.566559,-0.06418388,0.19353163,1.5621264
2022-01-26 03:00:00,3.4722223e-05,25.441315,-0.06515429,0.27136505,1.1910113
2022-01-26 04:00:00,3.4722223e-05,25.129578,-0.06606506,0.28048083,0.64154625
2022-01-26 05:00:00,3.4722223e-05,25.079254,-0.055162936,0.16338006,0.5493482
2022-01-26 06:00:00,3.4722223e-05,25.266083,-0.041409235,0.032956712,0.25941077
2022-01-26 07:00:00,3.4722223e-05,24.998016,-0.030615542,0.054342672,0.3376806
2022-01-26 08:00:00,3.4722223e-05,24.92694,-0.031011282,0.090454705,0.5840699
2022-01-26 09:00:00,3.4722223e-05,24.892517,-0.033559278,0.16022474,0.8952439
2022-01-26 10:00:00,3.4722223e-05,24.544067,-0.038790777,0.102024525,1.4821894
2022-01-26 11:00:00,3.4722223e-05,24.545135,-0.041083958,0.010868534,1.5858446
2022-01-26 12:00:00,12.1936455,24.65036,-0.040287036,0.002454035,1.6996977
2022-01-26 13:00:00,139.15843,24.781128,-0.07431077,0.011919998,1.9652663
2022-01-26 14:00:00,241.4226,25.555573,-0.10231151,0.021386892,1.7747607
2022-01-26 15:00:00,370.28198,26.256073,-0.13091399,0.042422675,1.3470603
2022-01-26 16:00:00,563.6565,26.701141,-0.17334065,0.07783342,0.64552754
2022-01-26 17:00:00,738.38446,27.236206,-0.22690256,0.12446288,1.5521005
2022-01-26 18:00:00,694.7238,27.459686,-0.22561231,0.12691784,2.771704
2022-01-26 19:00:00,469.04187,27.593445,-0.18615107,0.052589923,2.394178
2022-01-26 20:00:00,403.65778,26.733093,-0.15087502,0.039267354,2.2184129
2022-01-26 21:00:00,372.1623,26.58905,-0.13633524,0.030151568,1.7690774
2022-01-26 22:00:00,223.92986,26.514313,-0.09814799,0.01998432,0.7836406
2022-01-26 23:00:00,89.87111,26.647125,-0.06630902,0.017179176,1.1879773
2022-01-27 00:00:00,2.3931596,26.230164,-0.04274286,0.25593862,1.1875662
2022-01-27 01:00:00,3.4722223e-05,26.095581,-0.035982564,0.05469378,1.0345501
2022-01-27 02:00:00,3.4722223e-05,25.680573,-0.030078838,0.015776604,0.9865295
2022-01-27 03:00:00,3.4722223e-05,25.67688,-0.03008425,0.030151568,0.9422003
2022-01-27 04:00:00,3.4722223e-05,25.369812,-0.029856557,0.19248016,0.8672863
2022-01-27 05:00:00,3.4722223e-05,25.390106,-0.027915753,0.20019338,0.44059604
2022-01-27 06:00:00,3.4722223e-05,25.327301,-0.026495386,0.08098874,0.6124442
2022-01-27 07:00:00,3.4722223e-05,25.427155,-0.026191803,0.09957049,0.55517435
2022-01-27 08:00:00,3.4722223e-05,25.121765,-0.030496273,0.2699625,0.48609915
2022-01-27 09:00:00,3.4722223e-05,25.086365,-0.036318686,0.14129189,0.31854782
2022-01-27 10:00:00,3.4722223e-05,25.189392,-0.033055097,0.05995296,1.0756738
2022-01-27 11:00:00,3.4722223e-05,24.968414,-0.04159898,0.083793886,1.3248433
2022-01-27 12:00:00,7.5498266,24.922302,-0.057011582,0.77062005,1.7686676
2022-01-27 13:00:00,79.04497,24.680298,-0.086356774,1.0328703,1.8511169
2022-01-27 14:00:00,142.4348,25.483826,-0.10224103,0.2699625,1.7183082
2022-01-27 15:00:00,272.7044,25.626892,-0.13011707,0.20510145,1.7652429
2022-01-27 16:00:00,500.86496,26.418823,-0.19011399,0.16302896,1.5559307
2022-01-27 17:00:00,637.8012,27.268463,-0.22325405,0.05679764,0.98549306
2022-01-27 18:00:00,538.41455,27.41101,-0.19335046,0.06591249,1.4024544
2022-01-27 19:00:00,659.5247,27.420593,-0.21270433,0.06345846,2.2002783
2022-01-27 20:00:00,620.75006,27.228394,-0.22336249,0.018931925,3.298093
2022-01-27 21:00:00,446.8483,26.917389,-0.19342096,0.24226494,3.208176
2022-01-27 22:00:00,258.14612,26.460907,-0.14299253,0.12621656,2.0476024
2022-01-27 23:00:00,89.885345,26.484802,-0.08523458,0.029100105,1.8259325
2022-01-28 00:00:00,2.6068404,26.273102,-0.048695393,0.0052591786,1.1595575
2022-01-28 01:00:00,3.4722223e-05,26.273804,-0.03961481,0.013322569,1.1865185
2022-01-28 02:00:00,3.4722223e-05,25.903229,-0.03738125,0.011919998,0.9511541
2022-01-28 03:00:00,3.4722223e-05,25.739685,-0.034296565,0.0781836,0.6827913
2022-01-28 04:00:00,3.4722223e-05,25.602661,-0.03848177,0.22122917,0.3498322
2022-01-28 05:00:00,3.4722223e-05,25.62323,-0.03561935,0.29310212,0.1047815
2022-01-28 06:00:00,3.4722223e-05,24.98816,-0.033597216,0.3348235,0.59295046
2022-01-28 07:00:00,3.4722223e-05,24.894989,-0.032691866,0.13007316,1.2839857
2022-01-28 08:00:00,3.4722223e-05,24.819794,-0.04018945,0.01998432,1.3076552
2022-01-28 09:00:00,3.4722223e-05,24.613739,-0.038676925,0.023840927,1.1556472
2022-01-28 10:00:00,3.4722223e-05,24.881805,-0.035429604,0.06345846,0.8481786
2022-01-28 11:00:00,3.4722223e-05,24.814178,-0.030686017,0.18231198,1.1118405
2022-01-28 12:00:00,8.119618,24.990631,-0.030149313,0.22122917,1.8019428
2022-01-28 13:00:00,99.13028,25.14566,-0.049476046,0.082040206,1.4707364
2022-01-28 14:00:00,320.6955,26.128784,-0.11404308,0.0781836,1.2781832
2022-01-28 15:00:00,465.01056,26.383698,-0.15160689,0.09115599,0.7713675
2022-01-28 16:00:00,555.3802,26.589478,-0.16867837,0.06486103,0.61961555
2022-01-28 17:00:00,698.6697,27.661774,-0.21499209,0.036112033,0.6525318
2022-01-28 18:00:00,515.6939,27.303406,-0.18011722,0.07783342,1.0812125
2022-01-28 19:00:00,632.8013,27.484802,-0.24049903,0.06801635,1.8124692
2022-01-28 20:00:00,582.60223,27.330719,-0.22615986,0.05013589,2.0379703
2022-01-28 21:00:00,474.26974,27.056335,-0.20277801,0.010167249,2.0029075
2022-01-28 22:00:00,276.03772,27.08197,-0.14484659,0.034358352,2.4456651
2022-01-28 23:00:00,79.57205,26.611267,-0.077026814,0.102375634,1.849134
2022-01-29 00:00:00,2.3077083,26.107086,-0.044168644,0.097116455,1.5607584
2022-01-29 01:00:00,3.4722223e-05,26.009003,-0.04022199,0.088701956,1.3694451
2022-01-29 02:00:00,3.4722223e-05,25.931793,-0.038779937,0.039267354,1.1984406
2022-01-29 03:00:00,3.4722223e-05,25.744507,-0.040015977,0.15601702,0.48572963
2022-01-29 04:00:00,3.4722223e-05,25.967438,-0.039354578,0.1483038,0.3535849
2022-01-29 05:00:00,3.4722223e-05,25.387909,-0.03805349,0.17600134,0.16040574
2022-01-29 06:00:00,3.4722223e-05,24.895416,-0.03388454,0.12306124,0.55134976
2022-01-29 07:00:00,3.4722223e-05,25.006958,-0.02516176,0.3274614,0.62120605
2022-01-29 08:00:00,3.4722223e-05,24.480927,-0.03531034,0.38811472,0.33443996
2022-01-29 09:00:00,3.4722223e-05,24.259918,-0.034123078,0.6728033,0.62459105
2022-01-29 10:00:00,3.4722223e-05,24.518677,-0.03575487,0.9389091,0.8262825
2022-01-29 11:00:00,3.4722223e-05,24.56189,-0.042959712,1.0605679,1.1504151
2022-01-29 12:00:00,6.837569,24.281433,-0.051427692,0.59847534,1.2707928
2022-01-29 13:00:00,66.72312,24.86319,-0.07216396,0.25804248,1.2764848
2022-01-29 14:00:00,177.50572,26.036743,-0.110199414,0.16127619,1.4917445
2022-01-29 15:00:00,338.55856,26.519653,-0.15813406,0.026645139,1.5896742
2022-01-29 16:00:00,516.1213,26.91571,-0.20510916,0.0003501773,1.4347767
2022-01-29 17:00:00,585.94977,27.802399,-0.21928029,0.0,1.4267473
2022-01-29 18:00:00,774.82294,28.265839,-0.28512132,0.02489239,1.7202934
2022-01-29 19:00:00,536.51996,28.283142,-0.20172088,0.015776604,2.372873
2022-01-29 20:00:00,566.5767,27.487946,-0.22979209,0.070470385,3.1069803
2022-01-29 21:00:00,431.5778,27.299713,-0.20545068,0.08344278,3.4239078
2022-01-29 22:00:00,313.53027,26.836823,-0.16686228,0.12551528,2.7667964
2022-01-29 23:00:00,101.83681,26.545563,-0.095659636,0.0003501773,2.4339888
2022-01-30 00:00:00,2.7777777,26.072937,-0.04983385,0.0,2.0588434
2022-01-30 01:00:00,3.4722223e-05,26.095581,-0.04192967,0.0,2.0754888
2022-01-30 02:00:00,3.4722223e-05,26.03482,-0.04413612,0.0003501773,2.2562082
2022-01-30 03:00:00,3.4722223e-05,26.120972,-0.048212897,0.0010514632,2.2504768
2022-01-30 04:00:00,3.4722223e-05,25.802124,-0.047041904,0.0010514632,2.244435
2022-01-30 05:00:00,3.4722223e-05,25.454498,-0.04096469,0.0003501773,1.9998643
2022-01-30 06:00:00,3.4722223e-05,25.384491,-0.036139783,0.0003501773,1.7796082
2022-01-30 07:00:00,3.4722223e-05,25.072388,-0.037554726,0.0003501773,1.7986997
2022-01-30 08:00:00,3.4722223e-05,24.939606,-0.043751206,0.0014025718,2.188316
2022-01-30 09:00:00,3.4722223e-05,25.135376,-0.05827473,0.0010514632,2.4208834
2022-01-30 10:00:00,3.4722223e-05,25.429901,-0.07532455,0.0,3.1764722
2022-01-30 11:00:00,3.4722223e-05,25.241821,-0.09798535,0.0,3.6878743
2022-01-30 12:00:00,14.116701,25.226196,-0.11766447,0.0,3.8906636
2022-01-30 13:00:00,148.1185,25.336884,-0.15660527,0.0,4.2265334
2022-01-30 14:00:00,354.95444,26.15857,-0.21988747,0.0,4.5312843
2022-01-30 15:00:00,523.85626,26.3266,-0.26701978,0.00490807,4.3319454
2022-01-30 16:00:00,699.1255,26.916138,-0.31314915,0.018931925,4.1218786
2022-01-30 17:00:00,757.729,27.647644,-0.32512468,0.009465963,4.055765
2022-01-30 18:00:00,713.02856,27.299988,-0.30476248,0.02489239,4.4381766
2022-01-30 19:00:00,669.7668,27.254852,-0.2971619,0.0697691,4.803407
2022-01-30 20:00:00,621.9324,27.378876,-0.29059136,0.05118735,4.9404054
2022-01-30 21:00:00,547.81616,27.32486,-0.26739928,0.014374964,4.825263
2022-01-30 22:00:00,300.4962,26.759186,-0.19609904,0.0028051436,4.4725633
2022-01-30 23:00:00,95.76847,26.733795,-0.13179225,0.009465963,4.076284
2022-01-31 00:00:00,2.8632293,26.623932,-0.0959578,0.06801635,3.4563415
2022-01-31 01:00:00,3.4722223e-05,26.697449,-0.08440513,0.021035783,2.9962497
2022-01-31 02:00:00,3.4722223e-05,26.386414,-0.07865319,0.1156982,2.5959115
2022-01-31 03:00:00,3.4722223e-05,26.219452,-0.06775107,0.27557182,2.126343
2022-01-31 04:00:00,3.4722223e-05,26.068024,-0.052522782,0.17179456,1.709232
2022-01-31 05:00:00,3.4722223e-05,25.731873,-0.05188308,0.23174658,2.0036042
2022-01-31 06:00:00,3.4722223e-05,25.232605,-0.049530268,0.027697533,2.2808268
2022-01-31 07:00:00,3.4722223e-05,24.957,-0.05598154,0.042422675,2.0586085
2022-01-31 08:00:00,3.4722223e-05,24.753296,-0.05363957,0.010167249,2.0131788
2022-01-31 09:00:00,3.4722223e-05,24.64737,-0.05307034,0.010518357,2.0276358
2022-01-31 10:00:00,3.4722223e-05,24.91983,-0.056220073,0.031904317,1.8473397
2022-01-31 11:00:00,3.4722223e-05,25.104187,-0.06743663,0.043825246,2.1895056
2022-01-31 12:00:00,8.14809,25.023376,-0.09240689,0.0950126,2.9832451
2022-01-31 13:00:00,148.6883,25.305084,-0.14496586,0.08975342,3.2195694
2022-01-31 14:00:00,301.6358,25.672485,-0.2128778,0.19843969,3.5685241
2022-01-31 15:00:00,550.4515,26.247467,-0.28515387,0.11079013,3.9103174
2022-01-31 16:00:00,635.30835,26.47232,-0.29612103,0.02489239,3.792669
2022-01-31 17:00:00,689.88055,27.329498,-0.29584455,0.032255426,3.7909338
2022-01-31 18:00:00,799.43805,27.237,-0.33165187,0.1276182,3.807534
2022-01-31 19:00:00,812.17303,27.3266,-0.32540658,0.07643085,3.874008
2022-01-31 20:00:00,730.0085,27.575348,-0.29666314,0.012271106,3.8131907
2022-01-31 21:00:00,507.80222,27.560242,-0.2261219,0.0,3.4833438
2022-01-31 22:00:00,349.61264,26.781403,-0.1750104,0.0003501773,2.7421958
2022-01-31 23:00:00,123.17566,26.501404,-0.10614975,0.00490807,2.4711828
2022-02-01 00:00:00,3.6324654,26.256775,-0.062541254,0.016828999,1.915383
2022-02-01 01:00:00,3.4722223e-05,26.130554,-0.053720884,0.025243498,1.7164241
2022-02-01 02:00:00,3.4722223e-05,26.017761,-0.04955736,0.047681853,1.7770293
2022-02-01 03:00:00,3.4722223e-05,25.649841,-0.047285866,0.120256096,1.6693456
2022-02-01 04:00:00,3.4722223e-05,25.274323,-0.042200744,0.28889534,1.2883852
2022-02-01 05:00:00,3.4722223e-05,24.902527,-0.03972322,0.34288782,0.9059044
2022-02-01 06:00:00,3.4722223e-05,24.629791,-0.041073114,0.68191814,0.48412442
2022-02-01 07:00:00,3.4722223e-05,24.316315,-0.052305944,0.27171522,0.20080072
2022-02-01 08:00:00,3.4722223e-05,23.968231,-0.0643899,0.45297575,0.4672208
2022-02-01 09:00:00,3.4722223e-05,24.128784,-0.07150799,0.6419504,0.85703796
2022-02-01 10:00:00,3.4722223e-05,24.223999,-0.07082491,0.4263306,1.5929556
2022-02-01 11:00:00,3.4722223e-05,24.535278,-0.07055385,0.09816792,1.8919243
2022-02-01 12:00:00,6.5384374,24.834625,-0.06686197,0.0017527491,2.0417287
2022-02-01 13:00:00,74.88545,24.929413,-0.08218242,0.0,2.0040638
2022-02-01 14:00:00,188.00421,26.085571,-0.108708575,0.014374964,2.3215947
2022-02-01 15:00:00,331.89194,26.43103,-0.15710945,0.063809566,2.1978023
2022-02-01 16:00:00,402.16205,26.588074,-0.1865685,0.017179176,1.9494282
2022-02-01 17:00:00,593.21466,27.499207,-0.23158652,0.012972392,1.4906098
2022-02-01 18:00:00,734.8232,27.679352,-0.2715736,0.011919998,1.219369
2022-02-01 19:00:00,592.1035,28.301208,-0.21318139,0.0035054982,1.2869065
2022-02-01 20:00:00,645.294,28.742859,-0.24057494,0.0,1.9825455
2022-02-01 21:00:00,467.64587,28.76535,-0.20709875,0.0,2.5553238
2022-02-01 22:00:00,301.6643,27.55832,-0.16132717,0.0,2.2205226
2022-02-01 23:00:00,131.11008,27.227448,-0.10403004,0.0,2.1412108
2022-02-02 00:00:00,4.0598264,26.318085,-0.05926682,0.0,1.6830053
2022-02-02 01:00:00,3.4722223e-05,26.443512,-0.05377509,0.0010514632,1.7357872
2022-02-02 02:00:00,3.4722223e-05,26.012604,-0.05435517,0.0014025718,1.6790274
2022-02-02 03:00:00,3.4722223e-05,25.744354,-0.05555869,0.00490807,1.9099586
2022-02-02 04:00:00,3.4722223e-05,25.457916,-0.05384015,0.01998432,1.8541106
2022-02-02 05:00:00,3.4722223e-05,25.466522,-0.04943268,0.018931925,1.7136041
2022-02-02 06:00:00,3.4722223e-05,25.64148,-0.045513123,0.073976815,1.5506907
2022-02-02 07:00:00,3.4722223e-05,25.194214,-0.043214504,0.2068542,1.2412288
2022-02-02 08:00:00,3.4722223e-05,24.812927,-0.046917222,0.20124483,0.7211144
2022-02-02 09:00:00,3.4722223e-05,25.02478,-0.055997808,0.21141209,1.0829115
2022-02-02 10:00:00,3.4722223e-05,25.420319,-0.064178474,0.059251674,1.462274
2022-02-02 11:00:00,3.4722223e-05,25.567078,-0.06634154,0.0578491,1.5714725
2022-02-02 12:00:00,7.093993,25.43866,-0.06349539,0.09536371,1.6652853
2022-02-02 13:00:00,103.63167,25.483551,-0.08796689,0.02804771,1.5274112
2022-02-02 14:00:00,262.98938,26.37561,-0.12072748,0.0070119277,1.4656606
2022-02-02 15:00:00,361.4074,26.572449,-0.13395531,0.013322569,1.1224476
2022-02-02 16:00:00,445.1959,26.510864,-0.14,0.022088178,0.6305721
2022-02-02 17:00:00,727.33044,27.405914,-0.21225978,0.039267354,0.1480339
2022-02-02 18:00:00,640.9636,27.434723,-0.1861619,0.023489818,0.9346173
2022-02-02 19:00:00,861.60284,27.612946,-0.28550622,0.031904317,1.9924357
2022-02-02 20:00:00,688.7979,27.763855,-0.25863853,0.014725141,2.785099
2022-02-02 21:00:00,412.24744,27.593872,-0.17749333,0.029450282,2.550502
2022-02-02 22:00:00,265.55347,27.062225,-0.128263,0.029100105,1.9874386
2022-02-02 23:00:00,109.30115,27.072144,-0.084833406,0.01823157,1.6867114
2022-02-03 00:00:00,4.002847,26.344604,-0.048895977,0.11289306,1.4049869
2022-02-03 01:00:00,3.4722223e-05,26.33142,-0.04194051,0.01156982,1.3185457
2022-02-03 02:00:00,3.4722223e-05,25.92395,-0.03849802,0.0017527491,1.3252479
2022-02-03 03:00:00,3.4722223e-05,25.65149,-0.037581835,0.018931925,0.870751
2022-02-03 04:00:00,3.4722223e-05,25.857391,-0.03544045,0.029450282,0.6474533
2022-02-03 05:00:00,3.4722223e-05,25.91159,-0.03232865,0.05013589,0.9477085
2022-02-03 06:00:00,3.4722223e-05,25.739166,-0.033315316,0.29520598,1.203235
2022-02-03 07:00:00,3.4722223e-05,25.664948,-0.040590633,0.33377203,1.2276273
2022-02-03 08:00:00,3.4722223e-05,25.632263,-0.044043962,0.784995,1.332427
2022-02-03 09:00:00,3.4722223e-05,25.522125,-0.045502283,0.3691828,1.4161448
2022-02-03 10:00:00,3.4722223e-05,25.424713,-0.05108073,0.21421723,1.5437291
2022-02-03 11:00:00,3.4722223e-05,25.159088,-0.053937737,0.3141379,1.5450306
2022-02-03 12:00:00,5.1851735,25.062378,-0.04526916,0.34148526,1.3578395
2022-02-03 13:00:00,75.17035,24.934937,-0.05637188,0.22543594,1.2920036
2022-02-03 14:00:00,204.7847,25.786774,-0.09132806,0.04662946,1.2254256
2022-02-03 15:00:00,422.40405,26.310272,-0.14771442,0.03470946,1.1880516
2022-02-03 16:00:00,384.04254,26.243591,-0.12958579,0.17389748,1.5617286
2022-02-03 17:00:00,732.65796,27.421295,-0.26383752,0.42738205,1.5946605
2022-02-03 18:00:00,572.5453,27.285065,-0.22507018,0.4757652,1.9195403
2022-02-03 19:00:00,450.25284,27.368591,-0.18619984,0.2899468,2.1472604
2022-02-03 20:00:00,592.24603,27.493591,-0.23184673,0.07117167,2.159006
2022-02-03 21:00:00,500.167,27.768494,-0.19890724,0.08484535,2.1426096
2022-02-03 22:00:00,260.75293,26.798706,-0.1216545,0.12095738,1.9351043
2022-02-03 23:00:00,57.050835,26.575073,-0.068678096,0.5339645,1.4568394
2022-02-04 00:00:00,2.250729,26.69989,-0.04728044,0.17214474,1.1855615
2022-02-04 01:00:00,3.4722223e-05,26.701141,-0.03939253,0.02804771,1.2501316
2022-02-04 02:00:00,3.4722223e-05,26.53241,-0.034985058,0.026645139,1.1613349
2022-02-04 03:00:00,3.4722223e-05,26.596344,-0.037175238,0.028748997,1.1821994
2022-02-04 04:00:00,3.4722223e-05,26.420319,-0.042330854,0.33271965,1.1724861
2022-02-04 05:00:00,3.4722223e-05,26.276001,-0.04572455,0.60794127,1.0935315
2022-02-04 06:00:00,3.4722223e-05,25.766022,-0.049595315,0.2850387,1.180478
2022-02-04 07:00:00,3.4722223e-05,25.62613,-0.049313415,0.371987,1.312288
2022-02-04 08:00:00,3.4722223e-05,24.713318,-0.057727184,0.3274614,1.6860657
2022-02-04 09:00:00,3.4722223e-05,24.598785,-0.059673417,0.32851285,1.8428915
2022-02-04 10:00:00,3.4722223e-05,25.183777,-0.06632527,0.5995277,1.6900692
2022-02-04 11:00:00,3.4722223e-05,25.157867,-0.06371224,0.51643515,1.1306169
2022-02-04 12:00:00,7.6495137,25.006958,-0.059071653,0.26189908,0.74886346
2022-02-04 13:00:00,120.3267,25.445953,-0.09196777,0.025593676,0.9597292
2022-02-04 14:00:00,228.58794,26.241394,-0.111245714,0.077132136,1.2606009
2022-02-04 15:00:00,243.00378,26.26706,-0.10466974,0.088701956,1.221169
2022-02-04 16:00:00,352.96017,26.664246,-0.13104953,0.10027178,1.8222377
2022-02-04 17:00:00,396.12222,27.253357,-0.1345679,0.07257424,2.4183605
2022-02-04 18:00:00,564.41144,27.618317,-0.19232044,0.09431131,1.4785414
2022-02-04 19:00:00,575.9499,27.882507,-0.21449876,0.09255856,0.7868153
2022-02-04 20:00:00,579.02673,28.116425,-0.21137612,0.10097306,0.31830317
2022-02-04 21:00:00,440.46658,27.400024,-0.1543392,0.056096353,0.9698185
2022-02-04 22:00:00,244.81288,26.581665,-0.11154389,0.042422675,2.2625563
2022-02-04 23:00:00,81.35264,26.403992,-0.07500469,0.013322569,1.77086
2022-02-05 00:00:00,3.4472916,26.038239,-0.04555106,0.10833517,1.298553
2022-02-05 01:00:00,3.4722223e-05,26.069763,-0.034930855,0.39021856,1.2075115
2022-02-05 02:00:00,3.4722223e-05,25.965942,-0.029243965,0.153563,0.9418541
2022-02-05 03:00:00,3.4722223e-05,25.895416,-0.03198169,0.031904317,0.5747778
2022-02-05 04:00:00,3.4722223e-05,25.75357,-0.030962488,0.082040206,0.30104658
2022-02-05 05:00:00,3.4722223e-05,25.30069,-0.03240454,0.17459877,0.6504778
2022-02-05 06:00:00,3.4722223e-05,25.03122,-0.034730256,0.12481399,0.61261606
2022-02-05 07:00:00,3.4722223e-05,25.001434,-0.04179956,0.13813657,0.43090484
2022-02-05 08:00:00,3.4722223e-05,25.00943,-0.038834143,0.041020103,0.3169386
2022-02-05 09:00:00,3.4722223e-05,24.73941,-0.03564103,0.026645139,0.6586394
2022-02-05 10:00:00,3.4722223e-05,25.209595,-0.035239864,0.015776604,0.8213036
2022-02-05 11:00:00,3.4722223e-05,25.041656,-0.035830773,0.03155414,0.91210306
2022-02-05 12:00:00,11.253472,25.247467,-0.041859195,0.05995296,1.147857
2022-02-05 13:00:00,109.14445,25.349518,-0.07440835,0.19318052,1.1698229
2022-02-05 14:00:00,219.69911,26.24115,-0.11099092,0.21842402,0.99826854
2022-02-05 15:00:00,415.60922,26.474243,-0.16812,0.24647266,0.83582205
2022-02-05 16:00:00,490.16705,26.447205,-0.18471986,0.43684897,0.5379297
2022-02-05 17:00:00,563.2007,27.139069,-0.21786535,0.24226494,1.0486536
2022-02-05 18:00:00,825.8908,27.488647,-0.30920246,0.12972206,1.063821
2022-02-05 19:00:00,678.5131,27.541718,-0.22292879,0.018581748,1.6645904
2022-02-05 20:00:00,600.02374,27.193268,-0.21023767,0.02489239,2.3407016
2022-02-05 21:00:00,504.98175,27.652039,-0.193177,0.022788532,2.7720358
2022-02-05 22:00:00,271.6218,27.249207,-0.13621597,0.022088178,2.45877
2022-02-05 23:00:00,112.80538,27.119568,-0.09229304,0.032956712,2.4651432
2022-02-06 00:00:00,3.7321875,26.751892,-0.060627542,0.9848373,1.7523725
2022-02-06 01:00:00,3.4722223e-05,26.201782,-0.055835176,1.4143232,1.9024593
2022-02-06 02:00:00,3.4722223e-05,25.82779,-0.040417146,0.51538277,1.8302437
2022-02-06 03:00:00,3.4722223e-05,25.787994,-0.034123078,0.12446288,1.263634
2022-02-06 04:00:00,3.4722223e-05,25.17279,-0.036058467,0.46454555,1.2990814
2022-02-06 05:00:00,3.4722223e-05,24.644897,-0.04547517,0.53326416,0.90894157
2022-02-06 06:00:00,3.4722223e-05,24.806519,-0.044705346,0.22824109,0.73784053
2022-02-06 07:00:00,3.4722223e-05,24.747925,-0.05103195,0.52414834,1.6531984
2022-02-06 08:00:00,3.4722223e-05,24.383942,-0.06338154,0.32535756,1.7812079
2022-02-06 09:00:00,3.4722223e-05,24.435669,-0.06283942,0.03996864,1.912903
2022-02-06 10:00:00,3.4722223e-05,24.746277,-0.0595162,0.016127713,1.272061
2022-02-06 11:00:00,3.4722223e-05,24.569733,-0.055846017,0.0017527491,1.4490081
2022-02-06 12:00:00,13.561146,24.819275,-0.055433992,0.0,1.5495064
2022-02-06 13:00:00,162.02153,25.223816,-0.09590359,0.0,1.6166029
2022-02-06 14:00:00,338.84348,25.80362,-0.15435004,0.0,1.3399528
2022-02-06 15:00:00,574.9385,26.287506,-0.22325405,0.0,1.1537161
2022-02-06 16:00:00,695.3221,26.424438,-0.26588675,0.0,1.0749198
2022-02-06 17:00:00,893.36896,27.399872,-0.33220482,0.0,1.1052064
2022-02-06 18:00:00,903.99567,27.356384,-0.35152614,0.0,1.6855569
2022-02-06 19:00:00,690.06573,27.505096,-0.2669005,0.0017527491,2.206497
2022-02-06 20:00:00,561.5483,27.0141,-0.23501274,0.0,2.7124798
2022-02-06 21:00:00,367.06265,26.973053,-0.18833582,0.0,3.138609
2022-02-06 22:00:00,235.09787,26.92694,-0.14781743,0.0,2.9774144
2022-02-06 23:00:00,84.55774,26.879333,-0.101709746,0.0,2.9168074
2022-02-07 00:00:00,3.56125,26.437195,-0.066748135,0.002454035,2.303869
2022-02-07 01:00:00,3.4722223e-05,26.423218,-0.04873876,0.0052591786,1.8144286
2022-02-07 02:00:00,3.4722223e-05,26.113434,-0.039603952,0.0077132136,1.3509916
2022-02-07 03:00:00,3.4722223e-05,26.062653,-0.040482204,0.022088178,1.3045257
2022-02-07 04:00:00,3.4722223e-05,25.669159,-0.042027254,0.1493562,1.4098833
2022-02-07 05:00:00,3.4722223e-05,25.774109,-0.045773342,0.2107108,1.2240611
2022-02-07 06:00:00,3.4722223e-05,25.106842,-0.046282932,0.29029697,0.5835131
2022-02-07 07:00:00,3.4722223e-05,25.06897,-0.032388285,0.030151568,1.0011295
2022-02-07 08:00:00,3.4722223e-05,24.963562,-0.04479209,0.055395067,1.2716258
2022-02-07 09:00:00,3.4722223e-05,25.198883,-0.04749188,0.0070119277,1.4862943
2022-02-07 10:00:00,3.4722223e-05,25.351288,-0.051270485,0.008414499,1.2023138
2022-02-07 11:00:00,3.4722223e-05,25.263367,-0.04494388,0.073976815,0.8169325
2022-02-07 12:00:00,6.56691,25.359283,-0.041804988,0.73485917,0.73291045
2022-02-07 13:00:00,117.1216,25.342499,-0.08599355,0.5504433,1.6164217
2022-02-07 14:00:00,263.4737,26.096375,-0.14380029,0.058550388,1.9897164
2022-02-07 15:00:00,422.7032,26.345825,-0.19303605,0.015426427,1.9527981
2022-02-07 16:00:00,618.22876,26.734497,-0.24108995,0.06661378,1.942126
2022-02-07 17:00:00,554.6965,27.405212,-0.2075162,0.1286706,1.6938397
2022-02-07 18:00:00,571.5909,27.285309,-0.21881406,0.12095738,1.2579242
2022-02-07 19:00:00,311.26535,27.226746,-0.13736528,0.1987908,1.3208141
2022-02-07 20:00:00,219.68488,27.56604,-0.10645875,0.1987908,1.0332236
2022-02-07 21:00:00,211.03822,27.4487,-0.09259663,0.08624792,0.8320383
2022-02-07 22:00:00,204.59953,26.49112,-0.094141684,0.41090417,1.0241909
2022-02-07 23:00:00,62.406944,26.140045,-0.059770986,1.1380501,1.4593786
2022-02-08 00:00:00,2.535625,25.976501,-0.051373485,1.01534,1.3830475
2022-02-08 01:00:00,3.4722223e-05,25.912537,-0.058773484,0.31659287,1.8262511
2022-02-08 02:00:00,3.4722223e-05,25.800476,-0.049172465,0.07537939,1.7452139
2022-02-08 03:00:00,3.4722223e-05,25.42865,-0.047448497,0.25699008,1.5395024
2022-02-08 04:00:00,3.4722223e-05,25.15744,-0.046049826,0.5059168,1.866183
2022-02-08 05:00:00,3.4722223e-05,24.993073,-0.039744917,0.33377203,1.7356769
2022-02-08 06:00:00,3.4722223e-05,24.827332,-0.037516788,0.29660854,1.9642805
2022-02-08 07:00:00,3.4722223e-05,25.061157,-0.056014076,0.06906781,2.3203883
2022-02-08 08:00:00,3.4722223e-05,24.312622,-0.066119276,0.24121347,2.258427
2022-02-08 09:00:00,3.4722223e-05,24.061676,-0.059017446,0.5630646,1.9662526
2022-02-08 10:00:00,3.4722223e-05,24.422058,-0.052511938,0.6226674,1.2776235
2022-02-08 11:00:00,3.4722223e-05,24.554626,-0.05899575,0.77973586,1.8530673
2022-02-08 12:00:00,8.931562,24.505524,-0.06966476,1.5854166,2.4833133
2022-02-08 13:00:00,90.32694,24.289978,-0.091864765,1.3785623,2.7750595
2022-02-08 14:00:00,211.67923,24.88565,-0.121985205,0.48698485,2.965584
2022-02-08 15:00:00,410.652,25.50946,-0.17656088,0.26189908,3.1511214
2022-02-08 16:00:00,312.84653,25.652557,-0.13049656,0.46209154,3.168648
2022-02-08 17:00:00,560.3232,26.471619,-0.20685479,0.8554654,3.1053715
2022-02-08 18:00:00,419.91122,25.853973,-0.17433818,1.2320112,2.9457703
2022-02-08 19:00:00,408.9711,25.7294,-0.18891591,0.04627928,2.994204
2022-02-08 20:00:00,430.45242,25.34198,-0.2080312,0.047330745,3.12828
2022-02-08 21:00:00,249.15756,25.430054,-0.16211325,0.018931925,3.435107
2022-02-08 22:00:00,138.91629,25.760956,-0.12733056,0.023489818,2.909653
2022-02-08 23:00:00,58.98816,25.808533,-0.10556425,0.043825246,3.1135826
2022-02-09 00:00:00,2.492882,25.860992,-0.08471956,0.034358352,2.9128137
2022-02-09 01:00:00,3.4722223e-05,25.85318,-0.08206858,0.024191104,2.7495651
2022-02-09 02:00:00,3.4722223e-05,25.725555,-0.080697,0.034008175,2.6707962
2022-02-09 03:00:00,3.4722223e-05,25.293396,-0.071816996,0.023840927,2.3406084
2022-02-09 04:00:00,3.4722223e-05,25.210114,-0.06655839,0.016828999,2.1847184
2022-02-09 05:00:00,3.4722223e-05,25.049744,-0.06911722,0.075729564,2.2561514
2022-02-09 06:00:00,3.4722223e-05,24.748474,-0.06687282,0.029100105,2.0290887
2022-02-09 07:00:00,3.4722223e-05,24.747925,-0.06383151,0.42668077,1.7372335
2022-02-09 08:00:00,3.4722223e-05,24.531158,-0.059532452,0.4014382,1.5752531
2022-02-09 09:00:00,3.4722223e-05,24.20282,-0.064547114,0.41440967,1.7495685
2022-02-09 10:00:00,3.4722223e-05,24.81778,-0.07013099,0.6657904,1.9802879
2022-02-09 11:00:00,3.4722223e-05,24.737488,-0.06762096,0.46875328,2.396678
2022-02-09 12:00:00,5.7264585,24.554077,-0.06941538,0.2604965,3.0228915
2022-02-09 13:00:00,63.84566,24.463257,-0.08732718,0.2685599,3.164187
2022-02-09 14:00:00,177.406,24.70456,-0.11195048,0.22473466,2.8877046
2022-02-09 15:00:00,297.91785,25.535278,-0.14783911,0.45192426,2.8124034
2022-02-09 16:00:00,390.58096,25.762878,-0.18003048,0.47927165,2.5322926
2022-02-09 17:00:00,452.4038,25.874695,-0.18249714,0.7499354,2.3534107
2022-02-09 18:00:00,338.2452,25.821716,-0.15715283,0.4221229,2.2553153
2022-02-09 19:00:00,185.46863,26.527313,-0.13364087,2.2673357,1.8713167
2022-02-09 20:00:00,164.84201,26.167877,-0.13061039,2.282762,1.2934489
2022-02-09 21:00:00,87.264275,25.395905,-0.089652896,2.6396737,0.94930637
2022-02-09 22:00:00,61.594967,25.003815,-0.070662275,3.6487021,1.1603342
2022-02-09 23:00:00,32.67781,25.17035,-0.05735854,3.7871897,0.8189308
2022-02-10 00:00:00,1.0826389,25.425507,-0.052896854,4.4242315,0.9538623
2022-02-10 01:00:00,3.4722223e-05,25.480408,-0.053411875,3.541068,1.0805494
2022-02-10 02:00:00,3.4722223e-05,25.328522,-0.051411435,1.8525747,1.3923875
2022-02-10 03:00:00,3.4722223e-05,25.081451,-0.054859336,0.4477175,1.2831388
2022-02-10 04:00:00,3.4722223e-05,24.780975,-0.050533183,0.34428948,0.8462438
2022-02-10 05:00:00,3.4722223e-05,24.714996,-0.04353437,0.10482967,0.46811384
2022-02-10 06:00:00,3.4722223e-05,24.878113,-0.04283502,0.14409703,0.24071442
2022-02-10 07:00:00,3.4722223e-05,24.816101,-0.022754729,0.037514605,0.26452476
2022-02-10 08:00:00,3.4722223e-05,24.66571,-0.026235167,0.17109327,0.35820645
2022-02-10 09:00:00,3.4722223e-05,24.661072,-0.030284835,0.13673398,0.49594837
2022-02-10 10:00:00,3.4722223e-05,24.994751,-0.030946234,0.1405906,0.68283874
2022-02-10 11:00:00,3.4722223e-05,25.18695,-0.03402549,0.08484535,0.74179524
2022-02-10 12:00:00,8.988542,25.23526,-0.037966747,0.0077132136,1.0381284
2022-02-10 13:00:00,94.343994,25.23648,-0.06301832,0.045928173,1.0289229
2022-02-10 14:00:00,363.28772,25.812683,-0.14176732,0.009115785,1.2847624
2022-02-10 15:00:00,562.4314,27.372711,-0.18968572,0.08624792,1.4377611
2022-02-10 16:00:00,700.52155,27.403992,-0.21874359,0.23279898,1.7901573
2022-02-10 17:00:00,867.5857,27.866608,-0.27537933,0.21141209,1.7750887
2022-02-10 18:00:00,783.04224,28.185028,-0.2843786,0.1577707,1.8975735
2022-02-10 19:00:00,726.80334,27.068817,-0.24854419,0.14304462,2.3054352
2022-02-10 20:00:00,560.8645,27.089539,-0.20790651,0.15741959,2.4646919
2022-02-10 21:00:00,400.3672,27.068024,-0.17731443,0.25383475,2.2710626
2022-02-10 22:00:00,228.58794,26.84491,-0.13752791,0.7625567,2.086574
2022-02-10 23:00:00,51.196182,26.840515,-0.07576909,0.23069513,1.5972216
2022-02-11 00:00:00,2.535625,26.825317,-0.0430356,0.17565116,0.9786019
2022-02-11 01:00:00,3.4722223e-05,26.715698,-0.02945539,0.06345846,1.1154321
2022-02-11 02:00:00,3.4722223e-05,26.263367,-0.029162634,0.027697533,1.0564992
2022-02-11 03:00:00,3.4722223e-05,25.765076,-0.031401623,0.6132005,0.9397131
2022-02-11 04:00:00,3.4722223e-05,25.805298,-0.03579282,0.66509,0.90331876
2022-02-11 05:00:00,3.4722223e-05,25.098053,-0.03896968,0.7478315,1.0825422
2022-02-11 06:00:00,3.4722223e-05,25.10437,-0.03168895,0.470506,0.54798055
2022-02-11 07:00:00,3.4722223e-05,24.806793,-0.027135102,0.26645696,0.48652288
2022-02-11 08:00:00,3.4722223e-05,24.459412,-0.032214798,0.039267354,0.82148504
2022-02-11 09:00:00,3.4722223e-05,24.707703,-0.040449668,0.15075785,1.0463445
2022-02-11 10:00:00,3.4722223e-05,24.975952,-0.045236636,0.16267878,1.2630669
2022-02-11 11:00:00,3.4722223e-05,24.956024,-0.046825066,0.21456741,1.4681871
2022-02-11 12:00:00,4.643854,24.72696,-0.05016454,0.4666494,1.8635302
2022-02-11 13:00:00,30.11375,24.715515,-0.06276352,0.17494988,2.0949502
2022-02-11 14:00:00,90.59757,25.377106,-0.07158388,0.0830926,1.5264883
2022-02-11 15:00:00,206.43712,25.614685,-0.09408205,0.034008175,1.0924722
2022-02-11 16:00:00,398.1165,26.185974,-0.13146697,0.012972392,0.86777395
2022-02-11 17:00:00,496.03595,27.161041,-0.16433597,0.04803203,1.3556577
2022-02-11 18:00:00,525.5514,27.458893,-0.18955018,0.15461445,1.9580134
2022-02-11 19:00:00,537.4174,27.180634,-0.18808645,0.029100105,2.2364795
2022-02-11 20:00:00,545.9501,27.808563,-0.1944835,0.03155414,2.4573126
2022-02-11 21:00:00,378.97134,27.697449,-0.1479367,0.042071566,2.3049998
2022-02-11 22:00:00,253.94388,27.03894,-0.10545582,0.042422675,1.5518961
2022-02-11 23:00:00,92.94798,26.807312,-0.052642047,0.010868534,1.1017855
2022-02-12 00:00:00,4.216493,26.553925,-0.025671354,0.05469378,1.04446
2022-02-12 01:00:00,3.4722223e-05,26.4328,-0.020759718,0.25313348,0.6275879
2022-02-12 02:00:00,3.4722223e-05,26.204254,-0.021242201,0.12481399,0.7379031
2022-02-12 03:00:00,3.4722223e-05,26.07074,-0.027655536,0.13287738,1.4423556
2022-02-12 04:00:00,3.4722223e-05,25.881714,-0.03860645,0.18371455,1.8990097
2022-02-12 05:00:00,3.4722223e-05,25.522125,-0.04218989,0.4634941,2.0359666
2022-02-12 06:00:00,3.4722223e-05,25.447906,-0.04231458,0.32009837,2.115811
2022-02-12 07:00:00,3.4722223e-05,25.284088,-0.055179205,0.64335203,1.6766995
2022-02-12 08:00:00,3.4722223e-05,24.554626,-0.051015683,1.4013518,1.3674815
2022-02-12 09:00:00,3.4722223e-05,24.19519,-0.040905055,1.7274096,0.63528025
2022-02-12 10:00:00,3.4722223e-05,24.692505,-0.03971781,2.3532324,0.946879
2022-02-12 11:00:00,3.4722223e-05,24.601532,-0.04782257,2.133756,1.186502
2022-02-12 12:00:00,4.002847,24.303406,-0.045621548,1.627489,1.1494056
2022-02-12 13:00:00,46.153507,24.23233,-0.04570828,1.3817177,1.6308366
2022-02-12 14:00:00,127.520386,25.005829,-0.06937202,0.43544638,1.6665802
2022-02-12 15:00:00,161.63692,25.10025,-0.08351062,0.44140592,1.6551367
2022-02-12 16:00:00,323.62994,25.63736,-0.1250699,0.54413265,1.5067049
2022-02-12 17:00:00,294.79828,26.257996,-0.11380454,0.3712857,1.2092061
2022-02-12 18:00:00,465.9507,26.637634,-0.16031882,0.30852854,0.89396524
2022-02-12 19:00:00,519.3976,27.25238,-0.16840191,0.19248016,0.7342593
2022-02-12 20:00:00,449.6688,27.329498,-0.1531682,0.24507008,0.39392698
2022-02-12 21:00:00,315.61005,27.498932,-0.13088688,0.40809903,0.55933195
2022-02-12 22:00:00,186.7934,26.968689,-0.08811869,0.268911,1.4290632
2022-02-12 23:00:00,67.5066,26.71817,-0.055211727,0.6794641,1.2387303
2022-02-13 00:00:00,3.148125,26.49411,-0.035695236,0.010167249,1.3929747
2022-02-13 01:00:00,3.4722223e-05,26.534332,-0.029986667,0.087299384,1.0789925
2022-02-13 02:00:00,3.4722223e-05,26.242615,-0.0313474,0.012972392,1.1575
2022-02-13 03:00:00,3.4722223e-05,25.941345,-0.03071854,0.18897372,1.1580491
2022-02-13 04:00:00,3.4722223e-05,25.927643,-0.03506096,0.11745095,1.292721
2022-02-13 05:00:00,3.4722223e-05,25.544617,-0.035825346,0.0950126,1.1443481
2022-02-13 06:00:00,3.4722223e-05,25.04483,-0.042146523,0.70014966,1.285577
2022-02-13 07:00:00,3.4722223e-05,25.040161,-0.05302696,0.2983613,1.4797809
2022-02-13 08:00:00,3.4722223e-05,24.817596,-0.053384762,0.38636196,1.7602236
2022-02-13 09:00:00,3.4722223e-05,24.774384,-0.056258023,0.08694921,2.1000636
2022-02-13 10:00:00,3.4722223e-05,25.128601,-0.058014512,0.016828999,2.1005282
2022-02-13 11:00:00,3.4722223e-05,25.177887,-0.049519412,0.012972392,1.9452779
2022-02-13 12:00:00,7.621042,25.340485,-0.044569824,0.14970638,2.1631813
2022-02-13 13:00:00,89.187325,25.365143,-0.06777816,0.48172566,2.3526843
2022-02-13 14:00:00,191.72214,25.63269,-0.09662461,0.35375637,2.3158822
2022-02-13 15:00:00,318.53024,25.969635,-0.15188338,0.38636196,2.3443544
2022-02-13 16:00:00,392.1906,25.983337,-0.1721263,0.058550388,2.188089
2022-02-13 17:00:00,418.55795,26.230164,-0.1666617,0.08694921,1.999166
2022-02-13 18:00:00,469.61166,26.636383,-0.18807018,0.3141379,1.8673147
2022-02-13 19:00:00,443.70016,26.68277,-0.18173817,0.5911132,2.8405433
2022-02-13 20:00:00,439.41248,26.664948,-0.17611092,0.73485917,1.7249566
2022-02-13 21:00:00,283.8439,26.554352,-0.12853406,0.06766617,1.6417159
2022-02-13 22:00:00,229.57083,26.130829,-0.114867106,0.035760924,1.7095412
2022-02-13 23:00:00,84.77142,26.000214,-0.065257296,0.02804771,1.728299
2022-02-14 00:00:00,3.2478473,25.83023,-0.041138176,0.01998432,1.2992003
2022-02-14 01:00:00,3.4722223e-05,25.641754,-0.035467543,0.61144775,1.1762401
2022-02-14 02:00:00,3.4722223e-05,25.52652,-0.03274066,0.37899894,1.0512602
2022-02-14 03:00:00,3.4722223e-05,25.51825,-0.039755758,0.047681853,1.1156137
2022-02-14 04:00:00,3.4722223e-05,25.400543,-0.04356689,0.019633211,1.5512309
2022-02-14 05:00:00,3.4722223e-05,25.415222,-0.049400143,0.21211338,1.8037684
2022-02-14 06:00:00,3.4722223e-05,24.86615,-0.054078687,0.88456553,2.5386386
2022-02-14 07:00:00,3.4722223e-05,24.83902,-0.05970051,1.4002993,2.3560665
2022-02-14 08:00:00,3.4722223e-05,24.742584,-0.06557714,0.96555424,2.585497
2022-02-14 09:00:00,3.4722223e-05,24.487518,-0.058166303,0.31694305,1.5874214
2022-02-14 10:00:00,3.4722223e-05,24.270203,-0.050766308,0.51643515,1.9115075
2022-02-14 11:00:00,3.4722223e-05,23.963043,-0.050587405,1.1941465,1.4364696
2022-02-14 12:00:00,5.641007,24.27829,-0.045366745,0.28363615,1.1691567
2022-02-14 13:00:00,57.976772,24.201874,-0.053384762,0.3341222,1.0712051
2022-02-14 14:00:00,179.0157,24.631042,-0.08567912,0.23735687,1.1085173
2022-02-14 15:00:00,314.68408,24.975525,-0.123362206,0.09571388,1.4888972
2022-02-14 16:00:00,474.09882,25.82022,-0.17147575,0.16302896,1.9761806
2022-02-14 17:00:00,517.4033,26.1857,-0.19323663,0.22508577,2.4594219
2022-02-14 18:00:00,645.12305,26.58783,-0.23567957,0.27942842,2.8269868
2022-02-14 19:00:00,346.32205,26.946198,-0.16380468,0.20755547,2.9491553
2022-02-14 20:00:00,334.82642,26.335114,-0.14134988,0.43404382,2.655575
2022-02-14 21:00:00,246.42255,26.344421,-0.118824616,0.6794641,2.3009543
2022-02-14 22:00:00,130.69698,25.40274,-0.09022213,0.49750227,2.4165063
2022-02-14 23:00:00,51.837223,25.582458,-0.06312132,0.05013589,1.5122329
2022-02-15 00:00:00,3.276354,25.637878,-0.04066652,0.047681853,1.6811984
2022-02-15 01:00:00,3.4722223e-05,25.71695,-0.04451019,0.097116455,1.8620796
2022-02-15 02:00:00,3.4722223e-05,25.586334,-0.041745357,0.19318052,1.8364444
2022-02-15 03:00:00,3.4722223e-05,25.68155,-0.045431793,0.27907825,1.8996052
2022-02-15 04:00:00,3.4722223e-05,25.351013,-0.04877128,1.1380501,1.9494395
2022-02-15 05:00:00,3.4722223e-05,25.105438,-0.048836343,0.6093439,2.014758
2022-02-15 06:00:00,3.4722223e-05,25.035065,-0.046917222,0.9308448,1.7952536
2022-02-15 07:00:00,3.4722223e-05,25.074158,-0.051557798,0.7783333,1.8470585
2022-02-15 08:00:00,3.4722223e-05,24.958923,-0.05219209,1.469017,1.4964408
2022-02-15 09:00:00,3.4722223e-05,24.731323,-0.055200886,1.4584996,1.2813451
2022-02-15 10:00:00,3.4722223e-05,24.593689,-0.0536233,0.5963715,1.8247466
2022-02-15 11:00:00,3.4722223e-05,24.827087,-0.051021095,0.4186174,1.8714987
2022-02-15 12:00:00,4.4586806,24.740662,-0.04890139,0.3232537,1.9845711
2022-02-15 13:00:00,70.98236,25.106567,-0.06527898,0.13357866,2.1694207
2022-02-15 14:00:00,235.16908,25.853424,-0.11171195,0.04487671,2.1496687
2022-02-15 15:00:00,465.08176,26.479156,-0.16935062,0.073976815,1.9405829
2022-02-15 16:00:00,652.1458,26.96524,-0.22103678,0.1483038,1.9218838
2022-02-15 17:00:00,749.5524,27.545044,-0.26397303,0.12937188,1.7165887
2022-02-15 18:00:00,512.3606,26.986938,-0.19117112,0.05118735,1.7509623
2022-02-15 19:00:00,512.73096,27.16568,-0.22799766,0.2573412,2.6317902
2022-02-15 20:00:00,438.75723,26.968414,-0.20376469,1.4262441,2.3197463
2022-02-15 21:00:00,296.05182,26.928345,-0.15530418,0.77903455,2.3484259
2022-02-15 22:00:00,178.2892,26.049744,-0.111652315,0.07783342,2.5942008
2022-02-15 23:00:00,71.33847,26.102966,-0.0604378,0.04137121,1.1007323
2022-02-16 00:00:00,3.3475695,25.937134,-0.030566748,0.01156982,0.43710268
2022-02-16 01:00:00,3.4722223e-05,26.268188,-0.023389017,0.0052591786,0.25618914
2022-02-16 02:00:00,3.4722223e-05,26.038757,-0.021437373,0.0028051436,0.37406418
2022-02-16 03:00:00,3.4722223e-05,25.64447,-0.022055391,0.017530285,0.42488417
2022-02-16 04:00:00,3.4722223e-05,25.442535,-0.028972892,0.46910346,0.2877314
2022-02-16 05:00:00,3.4722223e-05,25.535278,-0.044558983,0.31168386,0.89421886
2022-02-16 06:00:00,3.4722223e-05,25.47644,-0.047079854,0.037514605,1.4917389
2022-02-16 07:00:00,3.4722223e-05,25.351715,-0.05050609,0.09255856,1.5452565
2022-02-16 08:00:00,3.4722223e-05,25.085571,-0.050061543,0.090454705,1.2444932
2022-02-16 09:00:00,3.4722223e-05,24.82779,-0.042184476,0.037514605,1.1511194
2022-02-16 10:00:00,3.4722223e-05,24.962616,-0.037267398,0.031904317,1.0286222
2022-02-16 11:00:00,3.4722223e-05,25.236023,-0.033353265,0.19598566,0.78100705
2022-02-16 12:00:00,8.304791,25.109833,-0.030864919,0.4049437,0.9787208
2022-02-16 13:00:00,86.70872,25.151001,-0.050462708,0.17214474,1.1621698
2022-02-16 14:00:00,193.67368,25.917633,-0.08183004,0.30046517,1.1488861
2022-02-16 15:00:00,305.80954,26.016815,-0.1157074,0.16828813,0.8977708
2022-02-16 16:00:00,443.15887,26.427887,-0.14515561,0.06906781,0.8513939
2022-02-16 17:00:00,328.6726,26.81778,-0.10030022,0.0697691,0.87482446
2022-02-16 18:00:00,571.306,26.940826,-0.173834,0.12937188,0.8884118
2022-02-16 19:00:00,282.1915,27.722565,-0.11508938,0.39477646,0.35029814
2022-02-16 20:00:00,273.6161,28.038757,-0.114113554,0.21211338,0.5331214
2022-02-16 21:00:00,301.9919,27.497711,-0.123009816,0.08484535,0.6129667
2022-02-16 22:00:00,195.76768,26.685486,-0.098527476,0.015776604,1.9268938
2022-02-16 23:00:00,84.31559,26.549713,-0.06741495,0.009465963,1.4456915
2022-02-17 00:00:00,3.6324654,26.265015,-0.037744466,0.015776604,1.175645
2022-02-17 01:00:00,3.4722223e-05,26.454742,-0.03035531,0.05329121,1.1974616
2022-02-17 02:00:00,3.4722223e-05,26.235779,-0.027162198,0.018931925,0.7285901
2022-02-17 03:00:00,3.4722223e-05,25.926697,-0.029341536,0.055395067,1.376104
2022-02-17 04:00:00,3.4722223e-05,25.566284,-0.038671512,0.2604965,1.8278973
2022-02-17 05:00:00,3.4722223e-05,25.480927,-0.042471804,0.07327553,1.9038569
2022-02-17 06:00:00,3.4722223e-05,25.308075,-0.042374216,0.02804771,2.0372045
2022-02-17 07:00:00,3.4722223e-05,25.54486,-0.049015246,0.0028051436,2.1753752
2022-02-17 08:00:00,3.4722223e-05,25.348297,-0.05349319,0.01998432,2.3107488
2022-02-17 09:00:00,3.4722223e-05,25.31369,-0.052777585,0.053992495,2.3535821
2022-02-17 10:00:00,3.4722223e-05,25.192291,-0.047708716,0.14024042,1.949863
2022-02-17 11:00:00,3.4722223e-05,25.162262,-0.040568937,0.08484535,1.6545864
2022-02-17 12:00:00,11.096806,25.186676,-0.03753847,0.030151568,1.5047559
2022-02-17 13:00:00,127.520386,25.327576,-0.065132596,0.018931925,1.6690466
2022-02-17 14:00:00,300.56744,25.998718,-0.12122623,0.05329121,1.7939091
2022-02-17 15:00:00,492.90207,26.193787,-0.16318665,0.048733316,1.9765288
2022-02-17 16:00:00,580.45123,26.579742,-0.1800088,0.050486065,1.967426
2022-02-17 17:00:00,645.65015,27.691284,-0.20546696,0.09922031,1.8454934
2022-02-17 18:00:00,539.59686,27.309998,-0.18688293,0.1735473,1.3490211
2022-02-17 19:00:00,650.7783,27.24649,-0.20550491,0.077132136,1.206501
2022-02-17 20:00:00,507.4319,27.696472,-0.17241362,0.09431131,1.398983
2022-02-17 21:00:00,424.72598,27.839996,-0.14789875,0.10693353,1.2880789
2022-02-17 22:00:00,269.25714,27.468628,-0.11079575,0.105530955,1.1021442
2022-02-17 23:00:00,95.241425,27.089813,-0.069431655,1.8655472,1.2603655
2022-02-18 00:00:00,3.56125,26.539246,-0.045122784,1.6962066,1.4366657
2022-02-18 01:00:00,3.4722223e-05,26.721863,-0.03449715,0.037163496,1.295056
2022-02-18 02:00:00,3.4722223e-05,26.198456,-0.028506678,0.68963134,1.2268589
2022-02-18 03:00:00,3.4722223e-05,26.322205,-0.031510048,0.16548392,0.9306197
2022-02-18 04:00:00,3.4722223e-05,26.2016,-0.028436188,0.4263306,0.68068576
2022-02-18 05:00:00,3.4722223e-05,26.14154,-0.024690118,0.8452982,0.570609
2022-02-18 06:00:00,3.4722223e-05,25.829285,-0.023361906,0.99500453,0.7094347
2022-02-18 07:00:00,3.4722223e-05,25.703308,-0.048565287,3.103869,0.66752094
2022-02-18 08:00:00,3.4722223e-05,24.689606,-0.043631937,1.807698,0.8219035
2022-02-18 09:00:00,3.4722223e-05,24.560486,-0.04670037,1.745291,1.1757052
2022-02-18 10:00:00,3.4722223e-05,23.969635,-0.048001472,0.92067754,0.06612551
2022-02-18 11:00:00,3.4722223e-05,24.35199,-0.049568202,0.2604965,0.47273883
2022-02-18 12:00:00,3.4615278,24.578064,-0.052219197,0.27452037,0.5868764
2022-02-18 13:00:00,34.50118,24.28363,-0.060665496,0.7748278,0.79500973
2022-02-18 14:00:00,124.91354,24.26529,-0.078729086,0.6170571,1.0053998
2022-02-18 15:00:00,306.67847,24.566284,-0.13544072,0.07537939,0.91273385
2022-02-18 16:00:00,381.39297,24.981842,-0.14843546,0.056096353,0.9729613
2022-02-18 17:00:00,423.92825,25.462555,-0.1414529,0.032255426,1.2297289
2022-02-18 18:00:00,545.49426,25.996765,-0.1751893,0.06591249,1.1782639
2022-02-18 19:00:00,403.70053,26.16034,-0.14404967,0.120256096,1.6138741
2022-02-18 20:00:00,394.17065,26.694,-0.16119707,0.14690123,1.8453897
2022-02-18 21:00:00,340.83777,26.662292,-0.14980704,0.33517462,2.0855165
2022-02-18 22:00:00,167.14969,25.562683,-0.1045559,2.1260428,2.644483
2022-02-18 23:00:00,49.44406,25.331238,-0.06809803,2.1905537,2.455479
2022-02-19 00:00:00,2.5640972,25.42743,-0.055921905,0.27592295,2.4753368
2022-02-19 01:00:00,3.4722223e-05,25.500671,-0.051015683,0.020334497,2.3624637
2022-02-19 02:00:00,3.4722223e-05,25.27118,-0.046900954,0.044175424,2.088404
2022-02-19 03:00:00,3.4722223e-05,25.149597,-0.046234142,0.0578491,1.9279118
2022-02-19 04:00:00,3.4722223e-05,24.990875,-0.04983385,0.04522782,1.8835253
2022-02-19 05:00:00,3.4722223e-05,24.800201,-0.050831355,0.14725235,1.8765646
2022-02-19 06:00:00,3.4722223e-05,24.499725,-0.051503595,0.13673398,1.6909708
2022-02-19 07:00:00,3.4722223e-05,24.473267,-0.039332896,0.566571,1.0775526
2022-02-19 08:00:00,3.4722223e-05,24.017242,-0.036194004,0.8382862,0.90035653
2022-02-19 09:00:00,3.4722223e-05,24.14618,-0.03925701,0.28328505,0.8394613
2022-02-19 10:00:00,3.4722223e-05,24.666687,-0.0478063,0.090454705,1.4162272
2022-02-19 11:00:00,3.4722223e-05,24.786774,-0.05339019,0.1858184,1.4215993
2022-02-19 12:00:00,5.1709027,25.25528,-0.04749188,0.17915666,1.716834
2022-02-19 13:00:00,77.6917,24.805573,-0.06378813,0.1276182,1.6830342
2022-02-19 14:00:00,151.72246,25.579742,-0.07941759,0.09922031,1.5826088
2022-02-19 15:00:00,343.40186,25.895142,-0.12787269,0.049434602,1.3733634
2022-02-19 16:00:00,569.8673,26.617859,-0.1928951,0.10763481,0.9958975
2022-02-19 17:00:00,703.6411,26.932037,-0.22405098,0.16162731,0.65678596
2022-02-19 18:00:00,716.3761,27.216187,-0.23102272,0.18686987,0.61601985
2022-02-19 19:00:00,648.3567,27.248688,-0.22235414,0.1276182,0.85175246
2022-02-19 20:00:00,525.66534,27.31659,-0.19087297,0.09536371,1.6721863
2022-02-19 21:00:00,350.98013,27.766052,-0.15296762,0.06591249,2.4595835
2022-02-19 22:00:00,261.93527,26.89032,-0.12768292,0.05329121,2.1659915
2022-02-19 23:00:00,67.89121,26.426636,-0.07431077,0.7906044,2.2378614
2022-02-20 00:00:00,3.219375,26.056763,-0.052251723,0.4719086,2.101209
2022-02-20 01:00:00,3.4722223e-05,26.203278,-0.048895977,0.0066617504,1.9360878
2022-02-20 02:00:00,3.4722223e-05,25.950592,-0.046125714,0.004206784,2.085869
2022-02-20 03:00:00,3.4722223e-05,25.805298,-0.04793641,0.11114031,2.408651
2022-02-20 04:00:00,3.4722223e-05,25.86029,-0.048343007,0.539925,2.4453113
2022-02-20 05:00:00,3.4722223e-05,25.543915,-0.050094064,0.29099825,2.3752947
2022-02-20 06:00:00,3.4722223e-05,25.042175,-0.0396907,0.3797002,2.1941035
2022-02-20 07:00:00,3.4722223e-05,24.551727,-0.06272015,0.30502304,2.3079937
2022-02-20 08:00:00,3.4722223e-05,24.618805,-0.06913891,0.02489239,2.23734
2022-02-20 09:00:00,3.4722223e-05,24.689606,-0.06443326,0.048733316,2.3146255
2022-02-20 10:00:00,3.4722223e-05,25.287231,-0.06464469,0.15496555,1.394248
2022-02-20 11:00:00,3.4722223e-05,25.490662,-0.06185817,0.06906781,1.6681281
2022-02-20 12:00:00,16.224966,25.330475,-0.0713562,0.015426427,2.0782082
2022-02-20 13:00:00,167.61975,25.795105,-0.1174422,0.0028051436,2.3213518
2022-02-20 14:00:00,398.31595,26.766998,-0.19194637,0.0,2.332216
2022-02-20 15:00:00,618.10046,27.29367,-0.24782857,0.0,2.5664134
2022-02-20 16:00:00,707.416,27.65738,-0.27022916,0.0010514632,2.5697277
2022-02-20 17:00:00,854.6086,28.385193,-0.3246422,0.0,2.5678701
2022-02-20 18:00:00,930.0211,28.494812,-0.35043108,0.0,3.0371027
2022-02-20 19:00:00,890.29205,28.473816,-0.3475903,0.0,3.4850001
2022-02-20 20:00:00,814.58044,28.504822,-0.3316898,0.0,3.8326674
2022-02-20 21:00:00,620.3227,28.265045,-0.26897144,0.0,4.0349584
2022-02-20 22:00:00,374.17084,27.4357,-0.19157231,0.0,3.5965216
2022-02-20 23:00:00,137.54878,27.294373,-0.118455976,0.0,3.5125444
2022-02-21 00:00:00,5.6125,26.819519,-0.074576415,0.0010514632,3.3719127
2022-02-21 01:00:00,3.4722223e-05,26.766754,-0.06714389,0.0010514632,3.262757
2022-02-21 02:00:00,3.4722223e-05,26.396881,-0.05774344,0.037514605,2.6359997
2022-02-21 03:00:00,3.4722223e-05,26.333893,-0.043588575,0.01998432,2.0135987
2022-02-21 04:00:00,3.4722223e-05,26.224548,-0.028587993,0.0052591786,1.4074473
2022-02-21 05:00:00,3.4722223e-05,26.455017,-0.02608879,0.0003501773,1.0248604
2022-02-21 06:00:00,3.4722223e-05,26.364624,-0.02813802,0.0003501773,0.64799035
2022-02-21 07:00:00,3.4722223e-05,26.2016,-0.021453626,0.0,0.69750017
2022-02-21 08:00:00,3.4722223e-05,25.801178,-0.020765131,0.0,0.820546
2022-02-21 09:00:00,3.4722223e-05,25.340729,-0.022993263,0.0,1.135029
2022-02-21 10:00:00,3.4722223e-05,26.146454,-0.028550044,0.0,1.4536852
2022-02-21 11:00:00,3.4722223e-05,26.287262,-0.035776567,0.0017527491,2.2913566
2022-02-21 12:00:00,15.341771,26.137573,-0.05432806,0.0010514632,3.1399584
2022-02-21 13:00:00,163.80212,26.138794,-0.10160674,0.0063106418,3.3632157
2022-02-21 14:00:00,354.0855,26.863434,-0.1614356,0.0003501773,3.3566463
2022-02-21 15:00:00,588.4426,27.213287,-0.2353868,0.054342672,3.178931
2022-02-21 16:00:00,700.83484,27.614716,-0.26397303,0.06486103,2.705708
2022-02-21 17:00:00,724.98,27.973328,-0.27291268,0.05819928,2.6299376
2022-02-21 18:00:00,807.04486,28.127838,-0.30393305,0.05153846,3.1460493
2022-02-21 19:00:00,693.2993,28.04895,-0.2768485,0.013322569,4.0364814
2022-02-21 20:00:00,677.0459,27.743103,-0.28275764,0.01156982,4.6916995
2022-02-21 21:00:00,522.31775,27.876373,-0.24435896,0.0035054982,4.9016476
2022-02-21 22:00:00,343.94315,26.941101,-0.19229333,0.0,4.602926
2022-02-21 23:00:00,135.526,26.957184,-0.12861538,0.0,4.070757
2022-02-22 00:00:00,5.8546877,26.533905,-0.0839118,0.0,3.6851842
2022-02-22 01:00:00,3.4722223e-05,26.642975,-0.075579345,0.0,3.3481076
2022-02-22 02:00:00,3.4722223e-05,26.317291,-0.068309456,0.0,3.1943405
2022-02-22 03:00:00,3.4722223e-05,25.7836,-0.054631658,0.0003501773,2.7171931
2022-02-22 04:00:00,3.4722223e-05,26.209167,-0.03829744,0.024191104,1.9033706
2022-02-22 05:00:00,3.4722223e-05,26.04071,-0.025378613,0.009115785,1.3417585
2022-02-22 06:00:00,3.4722223e-05,26.096558,-0.02025011,0.0,1.1971153
2022-02-22 07:00:00,3.4722223e-05,25.964813,-0.026994137,0.0,1.1083245
2022-02-22 08:00:00,3.4722223e-05,25.65448,-0.027259782,0.0,0.952232
2022-02-22 09:00:00,3.4722223e-05,25.204071,-0.027520001,0.0003501773,1.149216
2022-02-22 10:00:00,3.4722223e-05,24.959625,-0.03148294,0.0017527491,1.4018732
2022-02-22 11:00:00,3.4722223e-05,25.148102,-0.03515312,0.0028051436,1.9749169
2022-02-22 12:00:00,16.823229,25.299713,-0.046304617,0.0010514632,2.832517
2022-02-22 13:00:00,171.48013,25.480652,-0.08997817,0.016127713,3.0178552
2022-02-22 14:00:00,361.6923,26.322205,-0.15905026,0.009465963,3.1491582
2022-02-22 15:00:00,602.0465,26.927399,-0.23011735,0.021035783,3.2472289
2022-02-22 16:00:00,637.5875,27.523895,-0.24609378,0.015776604,3.2747548
2022-02-22 17:00:00,842.2725,28.076538,-0.31971428,0.029450282,3.671165
2022-02-22 18:00:00,813.2272,28.000122,-0.32233816,0.010167249,4.3395314
2022-02-22 19:00:00,864.58,28.22403,-0.35190564,0.00490807,4.9170175
2022-02-22 20:00:00,739.0255,28.128113,-0.3096579,0.0,4.826472
2022-02-22 21:00:00,527.31775,28.137146,-0.24078095,0.00490807,4.452002
2022-02-22 22:00:00,314.65564,26.998016,-0.17399122,0.0014025718,3.8916495
2022-02-22 23:00:00,108.87379,26.973328,-0.10689245,0.0,3.6541958
2022-02-23 00:00:00,4.9714932,26.766052,-0.06186901,0.0,2.8909051
2022-02-23 01:00:00,3.4722223e-05,26.7099,-0.04747561,0.0,2.3000345
2022-02-23 02:00:00,3.4722223e-05,26.947144,-0.038682353,0.0,1.722958
2022-02-23 03:00:00,3.4722223e-05,26.75821,-0.02897832,0.0,1.197039
2022-02-23 04:00:00,3.4722223e-05,26.794159,-0.024939494,0.0010514632,0.8462077
2022-02-23 05:00:00,3.4722223e-05,26.219452,-0.02338359,0.0,1.0115503
2022-02-23 06:00:00,3.4722223e-05,25.748901,-0.02767722,0.0010514632,1.2802314
2022-02-23 07:00:00,3.4722223e-05,25.98526,-0.033228572,0.0,1.4783905
2022-02-23 08:00:00,3.4722223e-05,25.75998,-0.038248647,0.017179176,2.0915456
2022-02-23 09:00:00,3.4722223e-05,25.821472,-0.046217874,0.049434602,2.6544878
2022-02-23 10:00:00,3.4722223e-05,25.524323,-0.05065245,0.039267354,2.9827123
2022-02-23 11:00:00,3.4722223e-05,25.372986,-0.048240006,0.004206784,2.784926
2022-02-23 12:00:00,14.715,25.695679,-0.0499477,0.022788532,2.6505482
2022-02-23 13:00:00,140.76813,25.607147,-0.076875016,0.035760924,2.5030246
2022-02-23 14:00:00,295.1686,26.28601,-0.12110154,0.034008175,2.4608746
2022-02-23 15:00:00,497.81656,26.48645,-0.16781098,0.05013589,2.3845294
2022-02-23 16:00:00,767.9711,26.983093,-0.24708043,0.08344278,2.0457463
2022-02-23 17:00:00,749.5524,27.896912,-0.24060749,0.112191774,1.1246508
2022-02-23 18:00:00,823.6117,28.083923,-0.2643471,0.12621656,1.1901351
2022-02-23 19:00:00,753.44135,28.36026,-0.27773756,0.098869205,1.9332954
2022-02-23 20:00:00,528.42883,28.171753,-0.21783282,0.05294103,2.3794527
2022-02-23 21:00:00,318.1741,28.262848,-0.15348263,0.0038566068,2.534006
2022-02-23 22:00:00,243.53084,26.746704,-0.12776424,0.0,2.778255
2022-02-23 23:00:00,104.272705,26.754791,-0.07746594,0.0,1.4964383
2022-02-24 00:00:00,4.4586806,26.424286,-0.042309154,0.0,1.027764
2022-02-24 01:00:00,3.4722223e-05,26.397125,-0.03383575,0.0003501773,0.7271356
2022-02-24 02:00:00,3.4722223e-05,26.335388,-0.02802418,0.12972206,1.4180325
2022-02-24 03:00:00,3.4722223e-05,26.236755,-0.023410698,0.107283704,1.517524
2022-02-24 04:00:00,3.4722223e-05,26.05606,-0.029786082,0.07327553,1.2515439
2022-02-24 05:00:00,3.4722223e-05,26.093231,-0.040037658,0.03681332,0.33375332
2022-02-24 06:00:00,3.4722223e-05,26.002136,-0.04475414,0.09431131,1.0422442
2022-02-24 07:00:00,3.4722223e-05,25.751373,-0.05092894,0.0035054982,1.9168347
2022-02-24 08:00:00,3.4722223e-05,25.587128,-0.058838546,0.0010514632,2.5189197
2022-02-24 09:00:00,3.4722223e-05,25.07898,-0.06357128,0.009465963,3.004303
2022-02-24 10:00:00,3.4722223e-05,25.342499,-0.06670477,0.022438355,2.6389463
2022-02-24 11:00:00,3.4722223e-05,25.153748,-0.06360382,0.08484535,2.6652582
2022-02-24 12:00:00,10.883125,24.873444,-0.07012015,0.1500575,2.480006
2022-02-24 13:00:00,123.60302,25.058258,-0.10625275,0.026645139,2.6489077
2022-02-24 14:00:00,260.63898,25.823395,-0.13760923,0.047330745,2.4400196
2022-02-24 15:00:00,465.76556,26.472046,-0.19828923,0.20965934,1.9717984
2022-02-24 16:00:00,497.60287,26.590729,-0.19259693,0.3222022,1.3327421
2022-02-24 17:00:00,459.19864,26.559265,-0.17792161,0.49014017,0.9867275
2022-02-24 18:00:00,712.64386,26.946198,-0.283869,0.39898324,1.4470205
2022-02-24 19:00:00,648.24274,26.73819,-0.24101406,0.11429563,1.8864756
2022-02-24 20:00:00,398.0738,27.089264,-0.18610227,0.31483918,2.4841824
2022-02-24 21:00:00,367.96008,27.327576,-0.1649052,0.030501746,2.0251787
2022-02-24 22:00:00,282.3482,26.40329,-0.13878022,0.07783342,2.4720345
2022-02-24 23:00:00,89.03066,26.450897,-0.084952675,0.054342672,2.0617132
2022-02-25 00:00:00,3.7749305,26.133179,-0.053910624,0.8000713,1.5658146
2022-02-25 01:00:00,3.4722223e-05,25.872498,-0.05445817,0.5578054,1.9562227
2022-02-25 02:00:00,3.4722223e-05,25.711304,-0.05266916,0.37058535,2.4816906
2022-02-25 03:00:00,3.4722223e-05,25.384491,-0.05503824,0.16022474,2.6977444
2022-02-25 04:00:00,3.4722223e-05,25.241821,-0.061527476,0.0697691,2.8744676
2022-02-25 05:00:00,3.4722223e-05,25.13977,-0.0654904,0.09816792,2.7294245
2022-02-25 06:00:00,3.4722223e-05,24.91446,-0.06671018,0.15601702,2.3380268
2022-02-25 07:00:00,3.4722223e-05,24.820496,-0.05827473,0.41966885,2.2792196
2022-02-25 08:00:00,3.4722223e-05,24.78949,-0.059770986,0.65597427,2.3108923
2022-02-25 09:00:00,3.4722223e-05,24.779724,-0.059722196,1.0717865,2.3918865
2022-02-25 10:00:00,3.4722223e-05,25.448853,-0.06091487,1.1583846,2.5268722
2022-02-25 11:00:00,3.4722223e-05,25.139069,-0.05899575,1.5366832,2.4068017
2022-02-25 12:00:00,7.393125,24.904999,-0.053731725,1.567536,1.97901
2022-02-25 13:00:00,55.811527,24.95575,-0.06063297,0.91752225,1.1960596
2022-02-25 14:00:00,99.85677,25.209412,-0.060540814,0.8267164,1.0126692
2022-02-25 15:00:00,156.53722,25.20108,-0.065203086,0.6752573,1.0338875
2022-02-25 16:00:00,217.34871,25.583862,-0.074804105,1.0805511,1.2357717
2022-02-25 17:00:00,260.76718,26.190643,-0.106176846,1.2106243,1.3410357
2022-02-25 18:00:00,271.4651,26.343903,-0.112980515,1.9630138,1.507448
2022-02-25 19:00:00,177.97581,26.717194,-0.08136923,0.1360327,1.3697338
2022-02-25 20:00:00,205.36874,26.572876,-0.09088894,0.05469378,1.0218552
2022-02-25 21:00:00,138.51743,26.533356,-0.060936566,0.022788532,0.6027367
2022-02-25 22:00:00,105.15587,25.957,-0.05506535,0.012271106,0.7810156
2022-02-25 23:00:00,47.72045,26.171844,-0.039370846,0.024191104,0.37753704
2022-02-26 00:00:00,1.809132,26.059235,-0.029916191,0.035410747,0.41869742
2022-02-26 01:00:00,3.4722223e-05,26.119843,-0.02945539,0.026294962,0.65559584
2022-02-26 02:00:00,3.4722223e-05,25.890747,-0.029336123,0.15917234,0.9970096
2022-02-26 03:00:00,3.4722223e-05,25.438416,-0.03317978,0.3765449,0.8319769
2022-02-26 04:00:00,3.4722223e-05,25.557251,-0.043843377,0.2650544,1.0177909
2022-02-26 05:00:00,3.4722223e-05,25.295593,-0.0410677,0.1521604,0.8990967
2022-02-26 06:00:00,3.4722223e-05,25.026978,-0.04291635,0.77623034,0.8399831
2022-02-26 07:00:00,3.4722223e-05,24.732117,-0.042000145,0.8067321,0.8789328
2022-02-26 08:00:00,3.4722223e-05,24.329498,-0.041083958,0.5560527,0.44454777
2022-02-26 09:00:00,3.4722223e-05,24.222076,-0.038535975,0.69524163,0.290357
2022-02-26 10:00:00,3.4722223e-05,24.690308,-0.04119781,0.97467005,0.868584
2022-02-26 11:00:00,3.4722223e-05,24.758728,-0.049145352,1.9002566,0.94444865
2022-02-26 12:00:00,4.4729166,24.662292,-0.049465206,3.3927634,1.174491
2022-02-26 13:00:00,43.43271,24.720093,-0.056491148,4.4102073,1.4810185
2022-02-26 14:00:00,80.697395,25.117645,-0.06924733,4.932953,1.7228873
2022-02-26 15:00:00,151.10992,25.368835,-0.09974183,3.6578178,1.8927068
2022-02-26 16:00:00,254.48517,25.46283,-0.13643825,2.5706048,2.1048684
2022-02-26 17:00:00,324.6698,26.037964,-0.14968777,2.2368329,2.3543866
2022-02-26 18:00:00,229.15775,26.055359,-0.12730886,2.0713499,2.4255712
2022-02-26 19:00:00,365.282,26.227448,-0.16539311,0.65246785,2.8495948
2022-02-26 20:00:00,375.55258,26.56903,-0.17973773,0.27171522,3.124747
2022-02-26 21:00:00,191.60817,26.633484,-0.11905773,0.19177887,3.2081013
2022-02-26 22:00:00,149.31506,26.430847,-0.111245714,0.06591249,2.0724564
2022-02-26 23:00:00,59.98528,26.317017,-0.07337832,0.015426427,1.9947956
2022-02-27 00:00:00,2.535625,26.176392,-0.05556953,0.050486065,2.2265186
2022-02-27 01:00:00,3.4722223e-05,26.252655,-0.053471506,0.05995296,2.2006707
2022-02-27 02:00:00,3.4722223e-05,25.807068,-0.04667869,0.0915071,2.2732465
2022-02-27 03:00:00,3.4722223e-05,25.850006,-0.049709167,0.108686276,2.227726
2022-02-27 04:00:00,3.4722223e-05,25.727203,-0.055482786,0.5388735,2.07962
2022-02-27 05:00:00,3.4722223e-05,25.49234,-0.05433349,0.47786906,1.9963961
2022-02-27 06:00:00,3.4722223e-05,25.420837,-0.05600322,0.33762866,1.9060514
2022-02-27 07:00:00,3.4722223e-05,25.25528,-0.059966158,0.8572191,2.350828
2022-02-27 08:00:00,3.4722223e-05,25.144257,-0.068873264,0.8877208,2.9653342
2022-02-27 09:00:00,3.4722223e-05,24.844116,-0.07187663,0.63528866,3.3202863
2022-02-27 10:00:00,3.4722223e-05,24.746704,-0.077585205,0.98238325,3.1154923
2022-02-27 11:00:00,3.4722223e-05,24.777283,-0.076885864,1.1671503,2.680678
2022-02-27 12:00:00,3.8176389,24.840942,-0.076853335,1.2453338,2.785213
2022-02-27 13:00:00,23.803265,25.026825,-0.076484695,1.8897382,2.5106492
2022-02-27 14:00:00,79.04497,25.958649,-0.08233421,2.7960408,1.9974123
2022-02-27 15:00:00,102.13597,25.878113,-0.07716235,3.3587554,1.7927586
2022-02-27 16:00:00,134.50038,25.625671,-0.08302814,3.5757775,1.634105
2022-02-27 17:00:00,176.18095,25.852997,-0.10249583,2.9099863,1.359785
2022-02-27 18:00:00,219.14357,25.721588,-0.12676133,2.0022812,1.413486
2022-02-27 19:00:00,239.01521,26.007751,-0.1295099,0.33131802,1.7194862
2022-02-27 20:00:00,204.08672,26.21988,-0.13392821,0.14479831,1.9345788
2022-02-27 21:00:00,193.38878,26.242798,-0.11572366,0.07783342,1.7904825
2022-02-27 22:00:00,113.261215,25.558044,-0.08853612,0.10693353,1.4505602
2022-02-27 23:00:00,42.236145,25.74942,-0.06507839,0.70085096,1.117053
2022-02-28 00:00:00,1.6666666,25.517975,-0.047762938,0.19984227,0.5496076
2022-02-28 01:00:00,3.4722223e-05,25.51773,-0.041100226,0.30502304,0.5133562
2022-02-28 02:00:00,3.4722223e-05,25.510712,-0.03383575,0.34464058,1.1888604
2022-02-28 03:00:00,3.4722223e-05,25.409088,-0.029639704,0.11149142,1.6113566
2022-02-28 04:00:00,3.4722223e-05,25.42743,-0.02740616,0.09957049,1.9379245
2022-02-28 05:00:00,3.4722223e-05,25.382294,-0.02722183,0.36848152,2.1941774
2022-02-28 06:00:00,3.4722223e-05,25.27118,-0.030252311,0.32605883,2.3696628
2022-02-28 07:00:00,3.4722223e-05,25.227417,-0.06837993,2.2224588,2.3084648
2022-02-28 08:00:00,3.4722223e-05,24.899353,-0.06710051,1.7140871,2.4286287
2022-02-28 09:00:00,3.4722223e-05,25.006012,-0.0653874,0.6990982,2.2905731
2022-02-28 10:00:00,3.4722223e-05,24.884003,-0.07601304,0.41090417,2.7118092
2022-02-28 11:00:00,3.4722223e-05,24.814178,-0.07714608,0.3470946,3.5419185
2022-02-28 12:00:00,4.8147917,24.826538,-0.08081627,0.22157934,3.6439936
2022-02-28 13:00:00,46.908474,24.772186,-0.09306828,0.12306124,3.5193045
2022-02-28 14:00:00,153.674,25.100494,-0.1275962,0.07537939,3.6602678
2022-02-28 15:00:00,285.28265,25.231384,-0.1525827,0.07923599,3.5047235
2022-02-28 16:00:00,471.26407,25.876617,-0.19872293,0.102024525,2.968045
2022-02-28 17:00:00,573.1151,26.602661,-0.21819605,0.16162731,2.3023634
2022-02-28 18:00:00,640.5932,26.935486,-0.23819502,0.16443151,2.340472
2022-02-28 19:00:00,694.88055,26.882233,-0.27600276,0.07432699,2.490891
2022-02-28 20:00:00,582.20337,27.24939,-0.23531634,0.031904317,2.5121403
2022-02-28 21:00:00,318.25958,26.984314,-0.15636131,0.0003501773,2.8527243
2022-02-28 22:00:00,206.70778,26.117126,-0.11789216,0.0,2.0291967
2022-02-28 23:00:00,74.9567,26.082947,-0.079840444,0.005609356,1.6361625
2022-03-01 00:00:00,2.7350347,26.03656,-0.046087764,0.022438355,0.91281587
2022-03-01 01:00:00,3.4722223e-05,25.992126,-0.03339663,0.055395067,0.98807865
2022-03-01 02:00:00,3.4722223e-05,25.938904,-0.028848212,0.039267354,1.0209868
2022-03-01 03:00:00,3.4722223e-05,25.748901,-0.028707262,0.01823157,0.50106686
2022-03-01 04:00:00,3.4722223e-05,26.07074,-0.03177568,0.113594346,0.5062372
2022-03-01 05:00:00,3.4722223e-05,25.581238,-0.039343737,0.360067,0.5710043
2022-03-01 06:00:00,3.4722223e-05,25.594147,-0.04272659,0.18301326,0.71005434
2022-03-01 07:00:00,3.4722223e-05,25.511414,-0.034692317,0.09185728,1.2078825
2022-03-01 08:00:00,3.4722223e-05,25.2565,-0.04448851,0.1994921,1.6036855
2022-03-01 09:00:00,3.4722223e-05,24.900055,-0.054843083,0.3099311,1.5295606
2022-03-01 10:00:00,3.4722223e-05,25.250885,-0.059608355,0.22333302,1.6959131
2022-03-01 11:00:00,3.4722223e-05,25.216187,-0.060210105,0.18020906,1.6679418
2022-03-01 12:00:00,6.424479,25.250885,-0.05639356,0.16022474,1.6014142
2022-03-01 13:00:00,53.332916,25.249481,-0.0609962,0.39477646,1.614644
2022-03-01 14:00:00,140.83934,26.007233,-0.0854948,0.18511713,2.087984
2022-03-01 15:00:00,238.63058,25.947144,-0.11278535,0.19212905,2.600515
2022-03-01 16:00:00,303.2882,25.845184,-0.12622462,0.31378773,2.7241607
2022-03-01 17:00:00,351.07986,26.297516,-0.14542125,0.34534186,2.692363
2022-03-01 18:00:00,341.72095,26.348572,-0.13366257,0.19563548,2.7786183
2022-03-01 19:00:00,652.28827,26.445007,-0.23332673,0.067315064,2.9807746
2022-03-01 20:00:00,477.23267,26.67865,-0.1949389,0.0830926,3.3988254
2022-03-01 21:00:00,445.4808,27.12616,-0.18057802,0.14865491,3.5775576
2022-03-01 22:00:00,264.00076,26.733276,-0.12985685,0.39302373,3.4656682
2022-03-01 23:00:00,88.01927,26.3974,-0.084551506,1.8911408,2.6844869
2022-03-02 00:00:00,3.2905903,26.073639,-0.054398537,1.9847509,1.487036
2022-03-02 01:00:00,3.4722223e-05,25.751373,-0.043133188,1.9973731,1.2194189
2022-03-02 02:00:00,3.4722223e-05,25.707458,-0.03452426,0.47401246,1.2057259
2022-03-02 03:00:00,3.4722223e-05,25.441315,-0.029634291,0.1816107,1.5537807
2022-03-02 04:00:00,3.4722223e-05,25.123444,-0.034697734,1.0234034,0.9091018
2022-03-02 05:00:00,3.4722223e-05,24.877838,-0.042043526,1.3834704,1.006295
2022-03-02 06:00:00,3.4722223e-05,24.928162,-0.04872249,1.034623,1.2632464
2022-03-02 07:00:00,3.4722223e-05,24.878387,-0.045621548,1.200106,1.0183448
2022-03-02 08:00:00,3.4722223e-05,24.35199,-0.04514448,0.6128503,1.2141906
2022-03-02 09:00:00,3.4722223e-05,24.443054,-0.051514436,0.69664323,1.8000838
2022-03-02 10:00:00,3.4722223e-05,24.917206,-0.052099932,0.9161197,1.277374
2022-03-02 11:00:00,3.4722223e-05,25.048767,-0.056458607,0.10693353,1.1404127
2022-03-02 12:00:00,12.307604,25.084167,-0.061619636,0.12481399,1.1109097
2022-03-02 13:00:00,116.28114,24.8862,-0.09048235,0.65947974,1.405992
2022-03-02 14:00:00,274.9266,25.202576,-0.13769597,0.56516844,1.49606
2022-03-02 15:00:00,262.56204,25.309998,-0.11049758,0.48698485,1.2589657
2022-03-02 16:00:00,372.0341,25.59906,-0.12881055,0.080638565,1.5712157
2022-03-02 17:00:00,707.5869,26.493317,-0.24793157,0.19458309,1.420273
2022-03-02 18:00:00,714.7379,26.590271,-0.2654205,0.2611978,1.4966056
2022-03-02 19:00:00,416.7346,26.13565,-0.15636131,0.77903455,1.512994
2022-03-02 20:00:00,313.01746,25.4169,-0.12128586,0.47857034,1.468792
2022-03-02 21:00:00,182.292,25.715698,-0.09439649,0.46735072,1.8262596
2022-03-02 22:00:00,77.34982,25.443512,-0.07362227,0.559208,2.0726385
2022-03-02 23:00:00,44.05948,25.455017,-0.06323517,0.42492804,1.8189105
2022-03-03 00:00:00,1.5669445,25.39151,-0.050912686,0.29625744,1.5523698
2022-03-03 01:00:00,3.4722223e-05,25.311493,-0.048494797,0.539925,1.3454711
2022-03-03 02:00:00,3.4722223e-05,25.073364,-0.05269084,0.5511446,1.5599151
2022-03-03 03:00:00,3.4722223e-05,25.088287,-0.060155902,1.0205991,1.2912189
2022-03-03 04:00:00,3.4722223e-05,24.758728,-0.05586227,0.7162774,1.4694797
2022-03-03 05:00:00,3.4722223e-05,24.742584,-0.045057736,0.5178377,1.3687812
2022-03-03 06:00:00,3.4722223e-05,24.545288,-0.03912147,0.54693687,1.793487
2022-03-03 07:00:00,3.4722223e-05,24.521423,-0.050598245,0.12060627,1.9282944
2022-03-03 08:00:00,3.4722223e-05,24.410553,-0.055477373,0.13673398,2.2067485
2022-03-03 09:00:00,3.4722223e-05,24.498657,-0.05749949,0.12937188,2.5728931
2022-03-03 10:00:00,3.4722223e-05,24.929596,-0.060421545,0.19212905,2.159898
2022-03-03 11:00:00,3.4722223e-05,24.891724,-0.058084987,0.14024042,2.3010283
2022-03-03 12:00:00,10.7549305,25.378845,-0.05774887,0.11955481,2.5656805
2022-03-03 13:00:00,99.84254,25.569275,-0.0821011,0.11920463,2.9093478
2022-03-03 14:00:00,307.80383,26.204498,-0.13384688,0.25699008,3.3860135
2022-03-03 15:00:00,402.26178,26.320984,-0.15568908,0.1321761,3.2416906
2022-03-03 16:00:00,596.98956,26.927643,-0.20686021,0.2194764,2.9284518
2022-03-03 17:00:00,748.8402,27.512634,-0.2589367,0.32044947,2.8284478
2022-03-03 18:00:00,567.28894,27.86441,-0.22472322,0.21842402,3.0945961
2022-03-03 19:00:00,620.3085,27.188171,-0.230383,0.13813657,3.0166812
2022-03-03 20:00:00,613.04364,27.245544,-0.22217524,0.112191774,3.0079312
2022-03-03 21:00:00,404.85434,27.470398,-0.1785071,0.2107108,2.7960465
2022-03-03 22:00:00,254.99799,26.880585,-0.13191152,0.04627928,2.0915573
2022-03-03 23:00:00,102.73424,26.798553,-0.076517224,0.18757117,1.8380789
2022-03-04 00:00:00,4.230764,26.417694,-0.046060666,0.9557381,1.880726
2022-03-04 01:00:00,3.4722223e-05,26.4841,-0.04049305,0.35515893,2.1745183
2022-03-04 02:00:00,3.4722223e-05,26.180359,-0.035830773,0.32956433,2.001722
2022-03-04 03:00:00,3.4722223e-05,25.915009,-0.03850345,0.0066617504,2.1100142
2022-03-04 04:00:00,3.4722223e-05,25.800201,-0.039658174,0.014374964,2.4988122
2022-03-04 05:00:00,3.4722223e-05,25.30243,-0.04324704,0.17985794,2.7976935
2022-03-04 06:00:00,3.4722223e-05,25.207397,-0.054750927,0.73415786,2.691262
2022-03-04 07:00:00,3.4722223e-05,25.046051,-0.06345744,1.9710772,2.2107148
2022-03-04 08:00:00,3.4722223e-05,24.39151,-0.0633978,0.48628357,2.092703
2022-03-04 09:00:00,3.4722223e-05,24.513062,-0.06175517,0.61144775,2.1343813
2022-03-04 10:00:00,3.4722223e-05,24.951813,-0.06711135,0.27837697,2.341277
2022-03-04 11:00:00,3.4722223e-05,25.276001,-0.068656415,0.17600134,2.4188206
2022-03-04 12:00:00,8.475729,25.2594,-0.0696214,0.42913574,2.3105702
2022-03-04 13:00:00,76.97945,25.225494,-0.08085964,0.42913574,2.4907296
2022-03-04 14:00:00,154.04437,25.512909,-0.09573011,0.32430607,2.9303443
2022-03-04 15:00:00,217.64786,25.721588,-0.09902081,0.30887964,2.912831
2022-03-04 16:00:00,313.18842,25.83612,-0.1235411,0.28889534,2.595167
2022-03-04 17:00:00,390.39575,26.54831,-0.12864248,0.6545717,2.1598182
2022-03-04 18:00:00,593.0865,27.110779,-0.19872835,0.46454555,1.5973581
2022-03-04 19:00:00,498.01602,27.21698,-0.1800088,1.2158835,1.4151851
2022-03-04 20:00:00,464.56897,27.187195,-0.19116029,0.35375637,0.91405123
2022-03-04 21:00:00,320.62424,26.865112,-0.16196147,0.9602951,1.451517
2022-03-04 22:00:00,204.05823,26.041656,-0.12889728,0.9690607,1.1887865
2022-03-04 23:00:00,67.33566,25.8862,-0.070965864,0.8197045,0.95426065
2022-03-05 00:00:00,2.0085416,25.321411,-0.03174858,1.0542562,0.7273533
2022-03-05 01:00:00,3.4722223e-05,25.201782,-0.027004993,0.8743983,0.2023348
2022-03-05 02:00:00,3.4722223e-05,25.014069,-0.037332457,0.8049793,0.46106708
2022-03-05 03:00:00,3.4722223e-05,24.86319,-0.042737447,0.64475465,0.6630608
2022-03-05 04:00:00,3.4722223e-05,24.83368,-0.04462946,1.1033406,0.6696454
2022-03-05 05:00:00,3.4722223e-05,24.821991,-0.04886887,0.54693687,0.96983683
2022-03-05 06:00:00,3.4722223e-05,24.659851,-0.045832973,0.09290874,1.1038876
2022-03-05 07:00:00,3.4722223e-05,24.585876,-0.048207484,1.092121,1.0757247
2022-03-05 08:00:00,3.4722223e-05,24.220673,-0.04887971,0.83688366,0.8467642
2022-03-05 09:00:00,3.4722223e-05,24.316315,-0.04832675,0.5711289,0.7264017
2022-03-05 10:00:00,3.4722223e-05,24.102173,-0.038151063,1.2302585,0.26884142
2022-03-05 11:00:00,3.4722223e-05,24.226013,-0.045789596,0.8698404,0.6230546
2022-03-05 12:00:00,3.9315972,24.330292,-0.046732895,0.4305374,0.8837513
2022-03-05 13:00:00,42.99111,24.374634,-0.05572132,0.5315105,1.056577
2022-03-05 14:00:00,90.39816,24.898407,-0.07057011,0.5932162,1.2159752
2022-03-05 15:00:00,154.78511,25.407837,-0.08970711,0.4049437,1.2138541
2022-03-05 16:00:00,279.41376,25.665741,-0.13388483,0.6531691,1.6772796
2022-03-05 17:00:00,320.22537,26.04071,-0.13982652,1.1994057,2.161453
2022-03-05 18:00:00,452.10468,26.130981,-0.20601994,1.5983889,2.2432823
2022-03-05 19:00:00,552.8874,26.43692,-0.25336906,0.49504822,2.7361033
2022-03-05 20:00:00,263.07483,25.929413,-0.16415164,1.0886155,2.5392947
2022-03-05 21:00:00,346.49298,25.66986,-0.17689157,0.57042766,2.3999033
2022-03-05 22:00:00,126.80813,25.354431,-0.10022974,1.3575265,2.4829335
2022-03-05 23:00:00,76.281456,25.407654,-0.079807915,0.92067754,1.958858
2022-03-06 00:00:00,3.5754862,25.458862,-0.052354734,0.087299384,1.6925392
2022-03-06 01:00:00,3.4722223e-05,25.570251,-0.050869305,0.1577707,1.5498117
2022-03-06 02:00:00,3.4722223e-05,25.189667,-0.054566596,0.39688033,1.5490658
2022-03-06 03:00:00,3.4722223e-05,24.762177,-0.04919956,0.48102438,1.6626936
2022-03-06 04:00:00,3.4722223e-05,24.810486,-0.039620224,0.47401246,2.5892885
2022-03-06 05:00:00,3.4722223e-05,24.574127,-0.041420076,0.5956711,2.3457873
2022-03-06 06:00:00,3.4722223e-05,24.526337,-0.04797979,0.32150093,2.6581655
2022-03-06 07:00:00,3.4722223e-05,24.403961,-0.06060586,2.8198817,2.802359
2022-03-06 08:00:00,3.4722223e-05,24.20108,-0.06728484,1.9574044,2.7004297
2022-03-06 09:00:00,3.4722223e-05,24.305328,-0.06664514,1.1611898,2.5062697
2022-03-06 10:00:00,3.4722223e-05,24.519653,-0.06648249,0.7492341,2.4722066
2022-03-06 11:00:00,3.4722223e-05,24.6044,-0.07479869,0.44070557,2.590958
2022-03-06 12:00:00,7.763472,24.63736,-0.08403107,0.5683238,3.1349149
2022-03-06 13:00:00,44.629307,24.59784,-0.09546447,0.62371886,3.428489
2022-03-06 14:00:00,123.66,24.69577,-0.104870334,0.68577474,3.535078
2022-03-06 15:00:00,175.14108,24.559692,-0.10258799,0.612149,3.5877545
2022-03-06 16:00:00,267.91812,25.094177,-0.1309899,0.39197132,3.2983227
2022-03-06 17:00:00,295.28256,25.295074,-0.12797569,0.36953297,3.1137333
2022-03-06 18:00:00,310.72403,25.443237,-0.117854215,0.53466576,3.2704473
2022-03-06 19:00:00,237.64769,25.113678,-0.11967575,0.470506,3.280341
2022-03-06 20:00:00,284.7841,25.437714,-0.13534315,0.3975816,3.1899533
2022-03-06 21:00:00,148.80226,25.777527,-0.09680894,0.25979522,2.9589686
2022-03-06 22:00:00,63.46104,25.430847,-0.074343294,0.23560318,2.3768241
2022-03-06 23:00:00,54.187603,25.561737,-0.06029685,0.15601702,1.9068886
2022-03-07 00:00:00,2.6068404,25.421814,-0.0441795,0.113594346,1.8676342
2022-03-07 01:00:00,3.4722223e-05,25.512115,-0.0470636,0.16302896,2.090842
2022-03-07 02:00:00,3.4722223e-05,25.276276,-0.043306675,0.4876852,1.1613499
2022-03-07 03:00:00,3.4722223e-05,25.245514,-0.045827545,0.52870625,1.0093603
2022-03-07 04:00:00,3.4722223e-05,25.261871,-0.04366989,0.10167435,1.080647
2022-03-07 05:00:00,3.4722223e-05,25.228394,-0.041528504,0.07853471,0.826545
2022-03-07 06:00:00,3.4722223e-05,25.088562,-0.038601037,0.102024525,0.8227787
2022-03-07 07:00:00,3.4722223e-05,24.68988,-0.030593844,0.69804585,0.75360847
2022-03-07 08:00:00,3.4722223e-05,24.470367,-0.028663883,1.118767,0.5817248
2022-03-07 09:00:00,3.4722223e-05,24.311493,-0.030908283,1.315454,0.50888675
2022-03-07 10:00:00,3.4722223e-05,24.151276,-0.0378041,0.6777113,0.62571955
2022-03-07 11:00:00,3.4722223e-05,24.515076,-0.04311693,0.10588113,0.7958942
2022-03-07 12:00:00,19.002708,24.765503,-0.036925863,0.07187296,0.73908526
2022-03-07 13:00:00,165.39757,25.061676,-0.079840444,0.010518357,0.816028
2022-03-07 14:00:00,388.7861,25.74942,-0.14504717,0.0038566068,0.53124523
2022-03-07 15:00:00,643.84106,26.34021,-0.20407912,0.010518357,0.45058218
2022-03-07 16:00:00,758.39856,26.995728,-0.23669875,0.042772852,0.51672006
2022-03-07 17:00:00,933.5111,27.819702,-0.3097663,0.008414499,1.3906327
2022-03-07 18:00:00,831.56036,27.548737,-0.30082124,0.0077132136,2.4180458
2022-03-07 19:00:00,753.64075,27.855896,-0.28768012,0.03470946,3.1918926
2022-03-07 20:00:00,681.7894,27.121765,-0.27169287,0.13392977,3.5901098
2022-03-07 21:00:00,506.47748,27.542145,-0.2172907,0.0010514632,3.0954807
2022-03-07 22:00:00,350.4246,27.042633,-0.1652088,0.0,2.7352397
2022-03-07 23:00:00,116.5518,26.922028,-0.08764162,0.0003501773,2.0933192
2022-03-08 00:00:00,4.51566,26.516235,-0.039603952,0.0014025718,1.6121013
2022-03-08 01:00:00,3.4722223e-05,26.60028,-0.034361612,0.0,1.6714122
2022-03-08 02:00:00,3.4722223e-05,26.007751,-0.03578198,0.0,1.9881147
2022-03-08 03:00:00,3.4722223e-05,25.809967,-0.035429604,0.0010514632,2.0996506
2022-03-08 04:00:00,3.4722223e-05,25.995544,-0.03450799,0.041020103,2.130431
2022-03-08 05:00:00,3.4722223e-05,26.034546,-0.033168938,0.13463107,1.2265499
2022-03-08 06:00:00,3.4722223e-05,25.75357,-0.03277861,0.20019338,1.0933596
2022-03-08 07:00:00,3.4722223e-05,24.86615,-0.041582707,0.4855823,1.1933695
2022-03-08 08:00:00,3.4722223e-05,24.025055,-0.053433556,0.5360683,1.366889
2022-03-08 09:00:00,3.4722223e-05,24.123688,-0.059743892,0.15741959,0.92030114
2022-03-08 10:00:00,3.4722223e-05,24.418915,-0.056810997,0.035410747,0.9032422
2022-03-08 11:00:00,3.4722223e-05,24.486267,-0.056388132,0.0010514632,1.2083642
2022-03-08 12:00:00,20.954271,24.586334,-0.05620382,0.03821496,1.2481272
2022-03-08 13:00:00,144.2439,24.624878,-0.086882636,0.05153846,1.3574504
2022-03-08 14:00:00,316.74966,25.859741,-0.13648704,0.03996864,1.6724231
2022-03-08 15:00:00,542.5313,26.662476,-0.19373538,0.01998432,1.4982667
2022-03-08 16:00:00,783.8826,26.996521,-0.2566652,0.01998432,0.81430006
2022-03-08 17:00:00,923.95276,27.687683,-0.29112807,0.015776604,1.1439072
2022-03-08 18:00:00,883.2693,27.670288,-0.29332906,0.01156982,1.7742883
2022-03-08 19:00:00,861.38916,27.825867,-0.28907338,0.009465963,2.1235712
2022-03-08 20:00:00,714.2393,28.086823,-0.25053918,0.01156982,2.5387259
2022-03-08 21:00:00,547.58826,27.969635,-0.22280952,0.0028051436,2.7105768
2022-03-08 22:00:00,368.71503,27.28601,-0.1749074,0.0,2.562789
2022-03-08 23:00:00,138.78809,27.2948,-0.10282653,0.004206784,2.442819
2022-03-09 00:00:00,5.1566668,26.84903,-0.054712974,0.0070119277,2.243968
2022-03-09 01:00:00,3.4722223e-05,26.580536,-0.043442197,0.002454035,1.8463446
2022-03-09 02:00:00,3.4722223e-05,26.151031,-0.037023447,0.0,1.7821037
2022-03-09 03:00:00,3.4722223e-05,26.270477,-0.033017147,0.0,1.6329569
2022-03-09 04:00:00,3.4722223e-05,25.771118,-0.028625946,0.0003501773,1.3211211
2022-03-09 05:00:00,3.4722223e-05,25.79071,-0.023622124,0.039267354,1.0212067
2022-03-09 06:00:00,3.4722223e-05,25.338287,-0.022754729,0.077132136,1.0414894
2022-03-09 07:00:00,3.4722223e-05,25.33609,-0.034383293,0.019633211,0.85015976
2022-03-09 08:00:00,3.4722223e-05,24.93396,-0.03035531,0.11429563,0.7843621
2022-03-09 09:00:00,3.4722223e-05,25.039032,-0.037852895,0.13883784,0.98047566
2022-03-09 10:00:00,3.4722223e-05,24.95523,-0.04814785,0.10167435,1.3164519
2022-03-09 11:00:00,3.4722223e-05,24.68277,-0.051178314,0.2236832,1.4658941
2022-03-09 12:00:00,22.364513,24.827087,-0.06692704,0.23034495,1.6321143
2022-03-09 13:00:00,166.5799,24.97403,-0.11655311,0.019633211,1.6886375
2022-03-09 14:00:00,336.84915,25.820496,-0.1543175,0.004206784,1.6117723
2022-03-09 15:00:00,579.7675,26.161987,-0.2048869,0.012271106,1.2781856
2022-03-09 16:00:00,641.0775,26.454742,-0.21026476,0.035760924,1.3956361
2022-03-09 17:00:00,892.12964,27.190643,-0.29071605,0.030852854,2.1744335
2022-03-09 18:00:00,909.52264,27.635864,-0.30039838,0.020334497,2.5845194
2022-03-09 19:00:00,824.3239,27.592468,-0.28833613,0.008063391,2.905411
2022-03-09 20:00:00,699.26794,28.071442,-0.24731356,0.012271106,2.718256
2022-03-09 21:00:00,600.1235,28.251434,-0.21807136,0.009115785,1.9990776
2022-03-09 22:00:00,325.79514,26.863434,-0.13417758,0.014725141,1.6526766
2022-03-09 23:00:00,123.460556,27.063171,-0.07517275,0.07257424,1.5456297
2022-03-10 00:00:00,5.5412846,26.632263,-0.040005136,0.12446288,1.0884093
2022-03-10 01:00:00,3.4722223e-05,26.90271,-0.029124698,0.0010514632,0.90716237
2022-03-10 02:00:00,3.4722223e-05,26.534058,-0.026934505,0.0,0.6790034
2022-03-10 03:00:00,3.4722223e-05,26.505066,-0.02962345,0.0,0.32883677
2022-03-10 04:00:00,3.4722223e-05,26.019012,-0.034155615,0.0,0.3881422
2022-03-10 05:00:00,3.4722223e-05,25.7128,-0.04023283,0.0,0.82432055
2022-03-10 06:00:00,3.4722223e-05,25.33609,-0.044125278,0.0017527491,1.126485
2022-03-10 07:00:00,3.4722223e-05,25.373932,-0.032681026,0.0,1.1988715
2022-03-10 08:00:00,3.4722223e-05,24.951538,-0.032702707,0.06451085,1.2158386
2022-03-10 09:00:00,3.4722223e-05,24.924744,-0.03392792,0.0010514632,1.2969184
2022-03-10 10:00:00,3.4722223e-05,25.614166,-0.03174858,0.002454035,0.86777115
2022-03-10 11:00:00,3.4722223e-05,25.320282,-0.03243708,0.00490807,0.7355911
2022-03-10 12:00:00,21.167952,25.14154,-0.034985058,0.0010514632,0.67061925
2022-03-10 13:00:00,164.99872,25.175964,-0.06367429,0.022788532,0.38314763
2022-03-10 14:00:00,434.5122,26.704742,-0.1358419,0.008063391,0.22447163
2022-03-10 15:00:00,669.23975,27.257996,-0.20234974,0.0038566068,0.34644508
2022-03-10 16:00:00,821.31824,27.54831,-0.25716937,0.025593676,1.0062388
2022-03-10 17:00:00,886.1896,28.096832,-0.2953566,0.056096353,2.0082054
2022-03-10 18:00:00,772.67194,28.07901,-0.27613288,0.037163496,2.7803438
2022-03-10 19:00:00,796.21875,28.280945,-0.3003279,0.05294103,3.1446998
2022-03-10 20:00:00,730.07965,28.440613,-0.2786809,0.023840927,3.3066866
2022-03-10 21:00:00,538.89886,28.48648,-0.21575648,0.0,3.0883484
2022-03-10 22:00:00,330.02588,27.43869,-0.14644043,0.0003501773,2.4213412
2022-03-10 23:00:00,141.1385,27.601532,-0.08821084,0.0,2.4360623
2022-03-11 00:00:00,5.5982637,27.058014,-0.042661544,0.0,2.3897803
2022-03-11 01:00:00,3.4722223e-05,26.608551,-0.033808652,0.0,1.9065318
2022-03-11 02:00:00,3.4722223e-05,27.13565,-0.02686403,0.0,1.6651913
2022-03-11 03:00:00,3.4722223e-05,26.740662,-0.022169232,0.0,1.0697314
2022-03-11 04:00:00,3.4722223e-05,25.980347,-0.026099632,0.0010514632,0.5627134
2022-03-11 05:00:00,3.4722223e-05,26.447906,-0.02821935,0.0017527491,0.21843842
2022-03-11 06:00:00,3.4722223e-05,26.361725,-0.025438247,0.016828999,0.35705176
2022-03-11 07:00:00,3.4722223e-05,25.81311,-0.020017004,0.013673678,0.66276246
2022-03-11 08:00:00,3.4722223e-05,25.471344,-0.023822723,0.0003501773,0.848227
2022-03-11 09:00:00,3.4722223e-05,24.723358,-0.023177592,0.0038566068,0.89345163
2022-03-11 10:00:00,3.4722223e-05,25.332916,-0.024782276,0.0035054982,0.9191933
2022-03-11 11:00:00,3.4722223e-05,25.148651,-0.027292306,0.005609356,1.099917
2022-03-11 12:00:00,26.680729,25.307281,-0.03087576,0.032956712,1.3810533
2022-03-11 13:00:00,183.46008,25.560669,-0.0666126,0.035410747,1.3121641
2022-03-11 14:00:00,400.22476,26.455994,-0.12975927,0.057147816,1.1064302
2022-03-11 15:00:00,632.17444,26.917114,-0.19911869,0.027697533,0.6556774
2022-03-11 16:00:00,833.11304,27.521149,-0.26905817,0.050486065,1.0355372
2022-03-11 17:00:00,924.3231,28.188354,-0.31159326,0.05294103,1.9872681
2022-03-11 18:00:00,927.05817,28.096405,-0.3310772,0.023489818,2.8117273
2022-03-11 19:00:00,874.46594,27.91037,-0.32246828,0.008063391,3.439889
2022-03-11 20:00:00,726.11957,27.79071,-0.27464747,0.0,3.6671963
2022-03-11 21:00:00,581.3914,27.580719,-0.22904396,0.0,3.3222296
2022-03-11 22:00:00,375.41013,26.62613,-0.16238433,0.0,2.3250246
2022-03-11 23:00:00,136.13853,26.741089,-0.0857225,0.0,2.2384615
2022-03-12 00:00:00,5.3276043,26.128082,-0.038676925,0.0,1.7421426
2022-03-12 01:00:00,3.4722223e-05,26.043854,-0.02833319,0.0003501773,1.5374945
2022-03-12 02:00:00,3.4722223e-05,25.86493,-0.023627551,0.0038566068,1.5082355
2022-03-12 03:00:00,3.4722223e-05,25.626648,-0.022716777,0.016828999,1.2593893
2022-03-12 04:00:00,3.4722223e-05,25.562164,-0.021312676,0.025593676,1.1228327
2022-03-12 05:00:00,3.4722223e-05,25.251678,-0.020488646,0.0014025718,1.1659191
2022-03-12 06:00:00,3.4722223e-05,25.702545,-0.021074142,0.009115785,1.3579497
2022-03-12 07:00:00,3.4722223e-05,25.438843,-0.022727618,0.0014025718,1.3592998
2022-03-12 08:00:00,3.4722223e-05,25.255524,-0.026527923,0.038566068,1.3608848
2022-03-12 09:00:00,3.4722223e-05,25.137573,-0.025421977,0.01823157,1.1098106
2022-03-12 10:00:00,3.4722223e-05,25.784119,-0.024831068,0.026294962,1.0527424
2022-03-12 11:00:00,3.4722223e-05,25.999939,-0.023014946,0.037514605,1.0720769
2022-03-12 12:00:00,19.871666,25.525116,-0.022201769,0.08484535,0.7350719
2022-03-12 13:00:00,157.20674,25.567078,-0.056241754,0.19493419,0.36576125
2022-03-12 14:00:00,324.52737,26.51651,-0.111630626,0.21036062,0.48960152
2022-03-12 15:00:00,598.6705,27.03482,-0.20502241,0.14129189,0.99769545
2022-03-12 16:00:00,703.7836,27.474518,-0.235235,0.0697691,1.6037314
2022-03-12 17:00:00,880.3207,28.239655,-0.3000677,0.14970638,2.1919181
2022-03-12 18:00:00,822.5291,28.5419,-0.30139047,0.14865491,2.9987118
2022-03-12 19:00:00,731.6324,28.282593,-0.2799874,0.03330689,3.5347276
2022-03-12 20:00:00,603.8414,28.16156,-0.24672262,0.0014025718,3.7313855
2022-03-12 21:00:00,453.65735,28.159637,-0.1960069,0.005609356,3.5170705
2022-03-12 22:00:00,250.52509,27.77826,-0.13828146,0.012271106,2.8889701
2022-03-12 23:00:00,114.52903,27.77237,-0.082372166,0.008063391,2.5036411
2022-03-13 00:00:00,4.3162155,27.3656,-0.03694213,0.00490807,1.9873079
2022-03-13 01:00:00,3.4722223e-05,26.892975,-0.025519563,0.0,1.634003
2022-03-13 02:00:00,3.4722223e-05,26.490143,-0.021328947,0.0,1.5359608
2022-03-13 03:00:00,3.4722223e-05,26.34198,-0.02038022,0.0,1.68387
2022-03-13 04:00:00,3.4722223e-05,26.28946,-0.020824766,0.0,1.8448097
2022-03-13 05:00:00,3.4722223e-05,26.363678,-0.02107957,0.0,1.7029525
2022-03-13 06:00:00,3.4722223e-05,26.108063,-0.01772381,0.0,1.120956
2022-03-13 07:00:00,3.4722223e-05,26.065826,-0.014140372,0.0052591786,0.8453444
2022-03-13 08:00:00,3.4722223e-05,25.391052,-0.013343452,0.0,0.52590317
2022-03-13 09:00:00,3.4722223e-05,25.249664,-0.012833858,0.0,0.6127983
2022-03-13 10:00:00,3.4722223e-05,25.190094,-0.013901837,0.008414499,1.1685554
2022-03-13 11:00:00,3.4722223e-05,25.205017,-0.017170852,0.055395067,1.1684773
2022-03-13 12:00:00,20.38448,25.397125,-0.028078387,0.038566068,1.3217255
2022-03-13 13:00:00,174.81343,25.83612,-0.06410257,0.04487671,0.8796999
2022-03-13 14:00:00,396.5211,27.197388,-0.12168704,0.014374964,0.75092125
2022-03-13 15:00:00,625.6646,27.396606,-0.1856523,0.01823157,0.51346654
2022-03-13 16:00:00,722.77203,27.459137,-0.21536073,0.07257424,0.668926
2022-03-13 17:00:00,812.74286,28.298767,-0.2588337,0.01998432,1.5934308
2022-03-13 18:00:00,883.3263,28.582916,-0.2884012,0.039267354,2.151983
2022-03-13 19:00:00,728.62665,28.811707,-0.26642346,0.0077132136,2.85041
2022-03-13 20:00:00,748.19916,28.869781,-0.27048936,0.0038566068,3.189782
2022-03-13 21:00:00,529.85333,28.838501,-0.20705539,0.0,2.892635
2022-03-13 22:00:00,318.90063,28.05661,-0.14148,0.0,2.4300642
2022-03-13 23:00:00,129.31525,27.797058,-0.08013319,0.0010514632,2.1406064
2022-03-14 00:00:00,4.301979,27.268005,-0.03901847,0.029450282,2.0136988
2022-03-14 01:00:00,3.4722223e-05,27.260468,-0.03231781,0.0017527491,1.6062629
2022-03-14 02:00:00,3.4722223e-05,26.758759,-0.024592534,0.004206784,1.5085645
2022-03-14 03:00:00,3.4722223e-05,26.568329,-0.021551212,0.014374964,1.5409675
2022-03-14 04:00:00,3.4722223e-05,26.792908,-0.022039123,0.08694921,1.750933
2022-03-14 05:00:00,3.4722223e-05,26.582458,-0.026630921,0.053992495,1.7739427
2022-03-14 06:00:00,3.4722223e-05,26.150848,-0.025920745,0.2022963,1.7768642
2022-03-14 07:00:00,3.4722223e-05,26.16446,-0.030095093,0.235253,1.5360799
2022-03-14 08:00:00,3.4722223e-05,25.490143,-0.029883668,0.35095122,0.73588455
2022-03-14 09:00:00,3.4722223e-05,25.379303,-0.032111797,0.5571041,0.29422212
2022-03-14 10:00:00,3.4722223e-05,25.503052,-0.034242343,0.95468575,0.2838001
2022-03-14 11:00:00,3.4722223e-05,25.189148,-0.034963377,0.71803015,1.1359255
2022-03-14 12:00:00,12.065452,24.790192,-0.04932967,0.7639592,1.8057538
2022-03-14 13:00:00,107.477776,24.897858,-0.07910316,0.3804015,2.078793
2022-03-14 14:00:00,198.93005,25.925201,-0.095789745,0.07432699,2.0218387
2022-03-14 15:00:00,406.59222,26.86618,-0.15871413,0.38811472,2.0093446
2022-03-14 16:00:00,502.5601,27.05774,-0.19624,0.55640376,1.6858501
2022-03-14 17:00:00,570.0097,26.862732,-0.2426296,0.99851096,2.1192548
2022-03-14 18:00:00,545.20935,27.084167,-0.1982296,0.103778206,2.938884
2022-03-14 19:00:00,732.1024,28.338287,-0.29125273,0.46068895,2.6064088
2022-03-14 20:00:00,509.25522,28.105621,-0.20455618,0.21491852,2.7755334
2022-03-14 21:00:00,346.6497,28.088745,-0.15820996,0.0697691,2.8273268
2022-03-14 22:00:00,264.7415,26.66864,-0.11924205,0.07257424,2.3049383
2022-03-14 23:00:00,91.11042,26.683289,-0.059868574,0.10482967,1.2249484
2022-03-15 00:00:00,3.0626736,26.514557,-0.03668733,0.3193971,1.2303966
2022-03-15 01:00:00,3.4722223e-05,26.198456,-0.032003373,0.70365614,1.2191714
2022-03-15 02:00:00,3.4722223e-05,25.725708,-0.038031794,1.0423362,1.2626772
2022-03-15 03:00:00,3.4722223e-05,25.515533,-0.051335532,1.4286982,1.4876186
2022-03-15 04:00:00,3.4722223e-05,25.437195,-0.07088455,1.3137013,1.2429899
2022-03-15 05:00:00,3.4722223e-05,25.578766,-0.061673854,1.068281,0.84129673
2022-03-15 06:00:00,3.4722223e-05,25.111755,-0.04767619,1.034272,0.5956363
2022-03-15 07:00:00,3.4722223e-05,25.01944,-0.034415834,0.36252105,0.974455
2022-03-15 08:00:00,3.4722223e-05,24.771393,-0.046174508,0.7362617,1.5541949
2022-03-15 09:00:00,3.4722223e-05,24.653503,-0.051064476,0.94592106,2.1955512
2022-03-15 10:00:00,3.4722223e-05,24.764801,-0.057683807,0.22508577,1.8106148
2022-03-15 11:00:00,3.4722223e-05,24.936005,-0.0555641,0.068717636,2.3776371
2022-03-15 12:00:00,12.635243,24.991425,-0.063923664,0.5244985,2.6436422
2022-03-15 13:00:00,76.68031,25.391052,-0.08342931,0.27837697,2.2069058
2022-03-15 14:00:00,159.78506,25.787994,-0.0990425,0.6875284,2.8409936
2022-03-15 15:00:00,253.7017,26.338531,-0.1392356,0.93855804,2.4635417
2022-03-15 16:00:00,339.84064,27.11316,-0.17663679,0.7839436,1.7503332
2022-03-15 17:00:00,306.7782,27.468445,-0.15276161,0.7544933,1.4931949
2022-03-15 18:00:00,307.932,27.014343,-0.14358345,1.3761083,1.3803791
2022-03-15 19:00:00,713.2992,27.306854,-0.24345362,0.20510145,1.5512182
2022-03-15 20:00:00,529.0984,28.037537,-0.2003222,0.27101395,1.9507779
2022-03-15 21:00:00,380.63803,27.800201,-0.18156469,0.81339383,2.2207901
2022-03-15 22:00:00,171.38042,26.57492,-0.09947077,0.780087,2.1492949
2022-03-15 23:00:00,57.848576,26.218903,-0.06335986,0.7029548,1.3022696
2022-03-16 00:00:00,2.9487152,25.975006,-0.036692757,0.5167853,0.9656793
2022-03-16 01:00:00,3.4722223e-05,26.368073,-0.030414943,0.018931925,1.1736221
2022-03-16 02:00:00,3.4722223e-05,26.207245,-0.036313273,0.0613546,1.4792907
2022-03-16 03:00:00,3.4722223e-05,26.259918,-0.045090258,0.6082924,1.4708126
2022-03-16 04:00:00,3.4722223e-05,26.160583,-0.041810405,0.016127713,1.3995823
2022-03-16 05:00:00,3.4722223e-05,25.80072,-0.038676925,0.41195565,1.0205336
2022-03-16 06:00:00,3.4722223e-05,25.327576,-0.04075869,1.9226949,1.1241355
2022-03-16 07:00:00,3.4722223e-05,25.257019,-0.04067195,1.4830408,1.3414319
2022-03-16 08:00:00,3.4722223e-05,25.083374,-0.051536117,2.1979165,1.4864318
2022-03-16 09:00:00,3.4722223e-05,24.930115,-0.058377728,0.8915775,1.609778
2022-03-16 10:00:00,3.4722223e-05,24.896912,-0.058101244,0.6016307,1.3705093
2022-03-16 11:00:00,3.4722223e-05,25.073639,-0.054322634,0.3193971,1.6371752
2022-03-16 12:00:00,15.142361,24.632263,-0.057672966,1.2488402,2.0771806
2022-03-16 13:00:00,114.54327,25.017761,-0.091723815,0.6093439,1.9899744
2022-03-16 14:00:00,374.08536,26.170074,-0.16860792,0.34744573,1.9021598
2022-03-16 15:00:00,480.1529,26.425232,-0.19615868,0.15531573,1.8737986
2022-03-16 16:00:00,594.81006,26.739685,-0.22490212,0.05153846,1.7389696
2022-03-16 17:00:00,871.41754,27.90271,-0.30500102,0.14024042,2.107699
2022-03-16 18:00:00,793.9253,28.173248,-0.2979859,0.15917234,2.245409
2022-03-16 19:00:00,712.302,27.02533,-0.26867327,0.083793886,2.7335575
2022-03-16 20:00:00,690.08,27.06195,-0.26805523,1.0511009,3.3764775
2022-03-16 21:00:00,493.88498,26.744781,-0.22293964,0.46629924,2.2414813
2022-03-16 22:00:00,253.67322,26.705688,-0.12759078,0.4172148,2.0083275
2022-03-16 23:00:00,91.90813,26.664673,-0.07898931,0.9445185,1.689985
2022-03-17 00:00:00,3.2478473,26.440613,-0.04324704,1.1173645,1.0705965
2022-03-17 01:00:00,3.4722223e-05,26.467651,-0.0329521,0.66754407,0.78805333
2022-03-17 02:00:00,3.4722223e-05,26.237701,-0.033499643,0.041020103,0.83450043
2022-03-17 03:00:00,3.4722223e-05,26.309998,-0.03217686,0.37514234,0.7772348
2022-03-17 04:00:00,3.4722223e-05,26.149353,-0.03888835,1.2684735,0.9933538
2022-03-17 05:00:00,3.4722223e-05,25.884186,-0.051790923,0.09255856,1.1349143
2022-03-17 06:00:00,3.4722223e-05,25.4487,-0.0607414,0.5879579,1.1308264
2022-03-17 07:00:00,3.4722223e-05,25.104187,-0.045057736,0.60794127,0.74675006
2022-03-17 08:00:00,3.4722223e-05,24.764801,-0.053796787,2.278204,1.3802565
2022-03-17 09:00:00,3.4722223e-05,24.592468,-0.06366345,0.8277688,1.6216079
2022-03-17 10:00:00,3.4722223e-05,25.182281,-0.07418066,0.04662946,2.5135977
2022-03-17 11:00:00,3.4722223e-05,25.276276,-0.07672865,0.024191104,2.46827
2022-03-17 12:00:00,22.136597,25.230164,-0.08475209,0.00490807,2.8491638
2022-03-17 13:00:00,165.06993,25.443054,-0.13329934,0.018931925,2.952242
2022-03-17 14:00:00,363.2165,26.45694,-0.17716265,0.022088178,2.884469
2022-03-17 15:00:00,604.867,27.164032,-0.22981918,0.019633211,2.8430686
2022-03-17 16:00:00,694.1825,27.490692,-0.24834901,0.07117167,2.5536127
2022-03-17 17:00:00,872.78516,28.211792,-0.29973698,0.12691784,2.407532
2022-03-17 18:00:00,857.1157,28.127838,-0.33235118,0.1241127,1.8755045
2022-03-17 19:00:00,656.1486,27.53775,-0.24996994,0.103778206,2.4534013
2022-03-17 20:00:00,549.0697,27.350769,-0.22832835,0.051888637,2.7246482
2022-03-17 21:00:00,469.86804,27.891724,-0.21346329,0.025593676,2.6227882
2022-03-17 22:00:00,301.10876,27.842712,-0.15921831,0.051888637,1.7806538
2022-03-17 23:00:00,102.96215,27.551453,-0.09535605,0.04662946,1.4097451
2022-03-18 00:00:00,3.5754862,27.094635,-0.05288601,0.10623224,0.56460416
2022-03-18 01:00:00,3.4722223e-05,27.155426,-0.044759568,0.3393814,0.4711212
2022-03-18 02:00:00,3.4722223e-05,26.838074,-0.04018945,0.2685599,0.83653307
2022-03-18 03:00:00,3.4722223e-05,26.536255,-0.042276632,0.015426427,0.94041896
2022-03-18 04:00:00,3.4722223e-05,26.725006,-0.041571867,0.093610026,0.9271008
2022-03-18 05:00:00,3.4722223e-05,26.465729,-0.043089822,0.3470946,0.92481923
2022-03-18 06:00:00,3.4722223e-05,26.642029,-0.050072383,0.060654245,0.6453851
2022-03-18 07:00:00,3.4722223e-05,26.590271,-0.036204845,0.0077132136,0.074161455
2022-03-18 08:00:00,3.4722223e-05,26.242798,-0.037852895,0.0063106418,0.60043174
2022-03-18 09:00:00,3.4722223e-05,25.902008,-0.038985934,0.07958617,0.6529392
2022-03-18 10:00:00,3.4722223e-05,26.17279,-0.041420076,0.0052591786,1.0181226
2022-03-18 11:00:00,3.4722223e-05,26.079773,-0.046526898,0.09115599,0.9100577
2022-03-18 12:00:00,22.065382,26.393433,-0.05006697,0.06310828,0.84834075
2022-03-18 13:00:00,175.82483,26.227448,-0.09084557,0.2727676,0.5244059
2022-03-18 14:00:00,397.19058,26.536804,-0.14755179,0.2776757,0.6591914
2022-03-18 15:00:00,574.36865,26.741882,-0.19551899,0.17179456,1.5025767
2022-03-18 16:00:00,722.4301,26.931091,-0.23678549,0.09816792,1.7241931
2022-03-18 17:00:00,788.1276,27.921326,-0.26285625,0.17074215,2.0927863
2022-03-18 18:00:00,849.979,28.303589,-0.29443502,0.18020906,1.5054812
2022-03-18 19:00:00,716.2336,28.535309,-0.23312615,0.07853471,1.8444334
2022-03-18 20:00:00,589.8956,28.584656,-0.20781437,0.044175424,1.893314
2022-03-18 21:00:00,481.89078,28.264587,-0.18468732,0.0038566068,2.430754
2022-03-18 22:00:00,286.13733,27.223053,-0.1384929,0.022788532,2.535488
2022-03-18 23:00:00,109.95642,27.13565,-0.09644572,0.022438355,1.7532631
2022-03-19 00:00:00,3.4615278,26.946198,-0.06562053,0.14199317,1.6727301
2022-03-19 01:00:00,3.4722223e-05,26.676178,-0.056735095,0.8316254,0.7177861
2022-03-19 02:00:00,3.4722223e-05,26.826569,-0.05266916,0.09922031,1.1274064
2022-03-19 03:00:00,3.4722223e-05,26.770416,-0.05586227,0.434394,1.0041815
2022-03-19 04:00:00,3.4722223e-05,25.764374,-0.05415459,2.3357022,0.41142258
2022-03-19 05:00:00,3.4722223e-05,25.187897,-0.0499748,1.6986606,0.4899131
2022-03-19 06:00:00,3.4722223e-05,25.261597,-0.059928205,0.8326769,0.5464968
2022-03-19 07:00:00,3.4722223e-05,25.003632,-0.052972756,1.8729093,0.7428708
2022-03-19 08:00:00,3.4722223e-05,25.056335,-0.05381304,2.7823682,0.72237116
2022-03-19 09:00:00,3.4722223e-05,24.540741,-0.051942714,2.9783537,0.7149607
2022-03-19 10:00:00,3.4722223e-05,24.977966,-0.057548285,2.381281,0.84787244
2022-03-19 11:00:00,3.4722223e-05,24.99527,-0.060898617,2.536947,0.95803607
2022-03-19 12:00:00,9.444375,24.814331,-0.06401583,2.0089428,1.0668688
2022-03-19 13:00:00,56.367085,24.808289,-0.08905656,1.3217647,1.0682994
2022-03-19 14:00:00,188.10394,25.276001,-0.13466008,0.88070893,1.253929
2022-03-19 15:00:00,297.8609,25.50647,-0.1575811,0.5627144,1.6562669
2022-03-19 16:00:00,361.97717,25.79361,-0.16424382,0.5427301,1.8583758
2022-03-19 17:00:00,244.88411,26.152771,-0.11250887,0.8459995,2.2241046
2022-03-19 18:00:00,346.99158,26.4841,-0.15215985,1.1268305,2.2811112
2022-03-19 19:00:00,608.6276,26.686188,-0.2270923,0.28889534,2.1044579
2022-03-19 20:00:00,508.67117,27.445984,-0.21952423,0.048733316,2.1937807
2022-03-19 21:00:00,346.0514,27.616913,-0.17020176,0.010518357,2.86917
2022-03-19 22:00:00,243.44536,27.552704,-0.1355329,0.032255426,2.4075701
2022-03-19 23:00:00,54.287327,27.564636,-0.079797074,0.047330745,2.0678196
2022-03-20 00:00:00,2.2364583,27.257751,-0.061386526,0.12937188,1.659785
2022-03-20 01:00:00,3.4722223e-05,27.264587,-0.055482786,0.120256096,1.9729019
2022-03-20 02:00:00,3.4722223e-05,26.740143,-0.05367209,1.3999492,2.1390488
2022-03-20 03:00:00,3.4722223e-05,25.600983,-0.06749085,1.6159191,2.2973018
2022-03-20 04:00:00,3.4722223e-05,25.445435,-0.07197422,0.30291918,2.7052562
2022-03-20 05:00:00,3.4722223e-05,25.33783,-0.07246213,0.35095122,2.7365344
2022-03-20 06:00:00,3.4722223e-05,25.399323,-0.07961817,0.53641945,2.9652555
2022-03-20 07:00:00,3.4722223e-05,25.235077,-0.08619957,0.64790994,3.128694
2022-03-20 08:00:00,3.4722223e-05,25.02945,-0.08658447,0.1321761,3.389823
2022-03-20 09:00:00,3.4722223e-05,24.950562,-0.08040967,2.0580263,2.9614584
2022-03-20 10:00:00,3.4722223e-05,24.902527,-0.07443004,2.129199,1.469958
2022-03-20 11:00:00,3.4722223e-05,25.136871,-0.069399126,0.8821115,1.052056
2022-03-20 12:00:00,13.917292,25.407837,-0.083657,0.50696826,1.6462268
2022-03-20 13:00:00,98.37531,25.02066,-0.11401055,1.2709274,1.906553
2022-03-20 14:00:00,218.40283,26.078552,-0.14536703,0.4719086,1.9758184
2022-03-20 15:00:00,349.2565,26.30658,-0.17755839,0.17880648,1.8815176
2022-03-20 16:00:00,538.9843,26.825592,-0.22764528,0.22508577,1.4439743
2022-03-20 17:00:00,571.2348,27.896912,-0.24474931,0.59076214,1.3507229
2022-03-20 18:00:00,588.08655,27.785278,-0.27031046,2.251558,2.080947
2022-03-20 19:00:00,441.76288,27.490417,-0.19702607,1.2264019,2.2066221
2022-03-20 20:00:00,264.57056,27.174988,-0.12497231,0.07783342,2.0135453
2022-03-20 21:00:00,302.9748,27.34021,-0.15051721,0.048733316,1.4491099
2022-03-20 22:00:00,142.93336,27.314667,-0.09232015,0.043474138,0.9342059
2022-03-20 23:00:00,53.617813,27.237701,-0.05669714,0.022788532,0.91139024
2022-03-21 00:00:00,2.151007,26.71695,-0.03844923,0.008063391,0.95329446
2022-03-21 01:00:00,3.4722223e-05,26.279968,-0.039246153,0.00490807,1.2027968
2022-03-21 02:00:00,3.4722223e-05,25.995544,-0.037289094,0.0017527491,0.7912592
2022-03-21 03:00:00,3.4722223e-05,26.07608,-0.038671512,0.0014025718,0.7326471
2022-03-21 04:00:00,3.4722223e-05,25.860992,-0.03904557,0.023489818,0.4837615
2022-03-21 05:00:00,3.4722223e-05,25.903229,-0.04164777,0.030151568,0.5838793
2022-03-21 06:00:00,3.4722223e-05,25.59317,-0.047687035,0.18301326,0.4422118
2022-03-21 07:00:00,3.4722223e-05,25.522644,-0.03006257,0.12937188,0.72163725
2022-03-21 08:00:00,3.4722223e-05,25.200104,-0.041425504,0.4435098,1.3218783
2022-03-21 09:00:00,3.4722223e-05,25.29367,-0.05354198,0.093961135,1.8166456
2022-03-21 10:00:00,3.4722223e-05,25.805115,-0.06038901,0.16723666,1.7209804
2022-03-21 11:00:00,3.4722223e-05,25.648865,-0.051400594,0.49960613,1.480028
2022-03-21 12:00:00,15.797605,25.38324,-0.047481038,0.92593676,1.358154
2022-03-21 13:00:00,105.78264,25.49356,-0.064200155,0.11429563,1.2743555
2022-03-21 14:00:00,293.08887,26.10904,-0.118824616,0.1363838,1.2209582
2022-03-21 15:00:00,262.6475,25.946991,-0.09829436,0.11815224,1.0314497
2022-03-21 16:00:00,458.287,26.306824,-0.15931047,0.12691784,1.1300917
2022-03-21 17:00:00,574.11224,27.024353,-0.19692849,0.1865197,1.3145822
2022-03-21 18:00:00,600.97815,27.071716,-0.23625422,0.19107759,1.310189
2022-03-21 19:00:00,573.95557,27.152527,-0.21746416,0.10903645,1.7783155
2022-03-21 20:00:00,578.9555,27.19159,-0.21990916,0.018931925,2.2900548
2022-03-21 21:00:00,445.62326,27.565338,-0.1747556,0.014725141,2.0874414
2022-03-21 22:00:00,255.24016,27.460632,-0.123074874,0.050486065,2.045914
2022-03-21 23:00:00,58.845695,27.255981,-0.061923232,0.17740391,2.8358352
2022-03-22 00:00:00,2.535625,27.020416,-0.041870035,0.09571388,2.6959233
2022-03-22 01:00:00,3.4722223e-05,27.01065,-0.033304475,0.13743527,2.9874165
2022-03-22 02:00:00,3.4722223e-05,26.75821,-0.02979151,0.25558752,2.089119
2022-03-22 03:00:00,3.4722223e-05,26.351715,-0.031358242,0.18686987,1.436274
2022-03-22 04:00:00,3.4722223e-05,26.268463,-0.029563816,0.7411698,1.0621165
2022-03-22 05:00:00,3.4722223e-05,25.497955,-0.04409817,0.7972661,0.7831631
2022-03-22 06:00:00,3.4722223e-05,25.299713,-0.05047898,0.28959662,0.89929986
2022-03-22 07:00:00,3.4722223e-05,25.118774,-0.04245553,0.047681853,1.3233904
2022-03-22 08:00:00,3.4722223e-05,25.1828,-0.051221695,0.52870625,1.9166309
2022-03-22 09:00:00,3.4722223e-05,25.081024,-0.06345201,0.58515275,2.5336885
2022-03-22 10:00:00,3.4722223e-05,24.948639,-0.06770228,0.5115261,2.4765623
2022-03-22 11:00:00,3.4722223e-05,24.7677,-0.07185495,0.57358295,2.5455477
2022-03-22 12:00:00,14.529826,24.68277,-0.08215531,0.8488046,2.5539405
2022-03-22 13:00:00,61.66618,24.82611,-0.086785056,0.7558949,2.6129882
2022-03-22 14:00:00,118.87372,25.42691,-0.07968322,1.1247275,2.7248485
2022-03-22 15:00:00,186.9501,25.68277,-0.0989937,1.420985,2.8799052
2022-03-22 16:00:00,271.32263,25.980347,-0.12896235,0.7878002,3.0194833
2022-03-22 17:00:00,439.12756,26.801971,-0.20122755,0.7643094,2.4388895
2022-03-22 18:00:00,511.39194,27.452026,-0.2282145,0.42387658,1.4179709
2022-03-22 19:00:00,698.62695,27.872772,-0.2526372,0.00490807,0.62173635
2022-03-22 20:00:00,651.1487,28.121521,-0.24034725,0.02489239,1.1181904
2022-03-22 21:00:00,556.4628,28.462585,-0.21675941,0.009465963,1.1605023
2022-03-22 22:00:00,306.17993,27.774109,-0.14829451,0.0,1.0739839
2022-03-22 23:00:00,108.1758,27.786774,-0.08275707,0.0,0.36744493
2022-03-23 00:00:00,3.6324654,27.319489,-0.03844923,0.0,0.8903538
2022-03-23 01:00:00,3.4722223e-05,27.133453,-0.041073114,0.0003501773,1.2879189
2022-03-23 02:00:00,3.4722223e-05,26.7836,-0.03984249,0.0003501773,1.1856811
2022-03-23 03:00:00,3.4722223e-05,26.428406,-0.041430917,0.0010514632,1.2467132
2022-03-23 04:00:00,3.4722223e-05,26.571228,-0.042477217,0.011919998,1.2005174
2022-03-23 05:00:00,3.4722223e-05,26.427185,-0.039322056,0.040669926,1.2138094
2022-03-23 06:00:00,3.4722223e-05,26.211365,-0.037158985,0.036112033,1.4370148
2022-03-23 07:00:00,3.4722223e-05,26.229462,-0.039007615,0.030501746,1.3303417
2022-03-23 08:00:00,3.4722223e-05,26.327576,-0.038286597,0.24331734,1.0672928
2022-03-23 09:00:00,3.4722223e-05,25.738464,-0.036475904,0.42422676,0.81289583
2022-03-23 10:00:00,3.4722223e-05,26.526764,-0.03958227,0.37514234,0.7149764
2022-03-23 11:00:00,3.4722223e-05,26.08197,-0.043057296,0.44806767,0.5450667
2022-03-23 12:00:00,10.840382,25.947937,-0.037955906,0.29029697,0.2230498
2022-03-23 13:00:00,59.25882,25.717896,-0.05036514,0.4095016,0.5163077
2022-03-23 14:00:00,151.03871,26.547241,-0.07696176,0.5732318,0.97974306
2022-03-23 15:00:00,260.82416,26.475494,-0.11037832,0.1241127,1.3519624
2022-03-23 16:00:00,458.21573,26.786499,-0.1594948,0.03155414,1.1416186
2022-03-23 17:00:00,699.26794,27.454742,-0.2194104,0.09922031,0.9819102
2022-03-23 18:00:00,718.8404,27.894714,-0.23299062,0.05819928,1.3251258
2022-03-23 19:00:00,438.70026,27.942322,-0.17264132,0.18020906,1.9694878
2022-03-23 20:00:00,467.53192,27.902985,-0.18982124,0.063809566,2.0880775
2022-03-23 21:00:00,289.3282,28.114227,-0.14172396,0.022788532,2.1704314
2022-03-23 22:00:00,284.21426,27.849304,-0.13058871,0.062406994,2.0638218
2022-03-23 23:00:00,100.76844,27.11737,-0.06840704,0.7601026,1.0592467
2022-03-24 00:00:00,3.2478473,26.840698,-0.034182712,0.31624174,0.48315272
2022-03-24 01:00:00,3.4722223e-05,26.78949,-0.025427405,0.0063106418,0.53665197
2022-03-24 02:00:00,3.4722223e-05,26.531433,-0.028403666,0.030501746,0.65265197
2022-03-24 03:00:00,3.4722223e-05,26.47821,-0.038210694,0.3677802,1.2392612
2022-03-24 04:00:00,3.4722223e-05,26.295319,-0.05052777,0.021386892,1.7326337
2022-03-24 05:00:00,3.4722223e-05,26.333466,-0.053113706,0.0010514632,2.1566446
2022-03-24 06:00:00,3.4722223e-05,26.3266,-0.052392673,0.015426427,2.3367033
2022-03-24 07:00:00,3.4722223e-05,26.190643,-0.058784325,1.5549147,2.5326693
2022-03-24 08:00:00,3.4722223e-05,25.558746,-0.056789316,2.1895022,1.6399379
2022-03-24 09:00:00,3.4722223e-05,25.071167,-0.057483222,2.5572824,1.5491253
2022-03-24 10:00:00,3.4722223e-05,25.19571,-0.04911283,3.1031678,1.3044007
2022-03-24 11:00:00,3.4722223e-05,25.258972,-0.042287473,2.0173564,1.2513279
2022-03-24 12:00:00,7.478576,25.023834,-0.04364821,1.7782469,1.5175989
2022-03-24 13:00:00,54.54375,25.081726,-0.063094206,1.3522674,1.6971809
2022-03-24 14:00:00,146.60854,25.815125,-0.092780955,0.92453414,1.6910632
2022-03-24 15:00:00,268.6446,25.949615,-0.12358988,0.8579204,1.2584915
2022-03-24 16:00:00,369.28482,26.233582,-0.14772528,0.98378587,0.91663015
2022-03-24 17:00:00,359.14246,26.872772,-0.1332614,0.99745953,1.8493954
2022-03-24 18:00:00,360.9658,27.139069,-0.14217393,1.1769663,2.1898386
2022-03-24 19:00:00,405.4811,27.527496,-0.16913919,4.6275797,1.8369663
2022-03-24 20:00:00,267.51926,26.963593,-0.11630916,1.6621984,0.77600104
2022-03-24 21:00:00,181.79344,26.90158,-0.08577671,0.28644037,0.117470145
2022-03-24 22:00:00,118.98767,26.438843,-0.07992718,0.068717636,0.91581357
2022-03-24 23:00:00,47.122154,26.38272,-0.057277225,0.031904317,1.1062142
2022-03-25 00:00:00,1.6666666,26.327576,-0.04382711,0.0014025718,1.6688781
2022-03-25 01:00:00,3.4722223e-05,26.494537,-0.04368073,0.0010514632,2.1093206
2022-03-25 02:00:00,3.4722223e-05,26.234558,-0.04859781,0.035410747,1.5110743
2022-03-25 03:00:00,3.4722223e-05,26.089264,-0.052934803,0.008414499,1.5223569
2022-03-25 04:00:00,3.4722223e-05,25.961548,-0.05514125,0.0038566068,1.918711
2022-03-25 05:00:00,3.4722223e-05,26.068268,-0.06158711,0.0014025718,2.332084
2022-03-25 06:00:00,3.4722223e-05,25.60495,-0.06081187,0.008063391,2.6460774
2022-03-25 07:00:00,3.4722223e-05,25.382446,-0.055949014,0.029100105,2.6696665
2022-03-25 08:00:00,3.4722223e-05,25.229462,-0.058328938,0.05013589,2.7669585
2022-03-25 09:00:00,3.4722223e-05,25.15567,-0.056632094,0.09185728,2.6527593
2022-03-25 10:00:00,3.4722223e-05,25.748718,-0.054620802,0.62792563,1.3229196
2022-03-25 11:00:00,3.4722223e-05,25.222076,-0.04710154,2.3150175,1.1780466
2022-03-25 12:00:00,14.102466,24.976746,-0.04747561,1.7207489,1.4590628
2022-03-25 13:00:00,62.649097,24.755585,-0.06448748,1.1149105,1.4193559
2022-03-25 14:00:00,174.40034,25.246063,-0.09794198,0.4634941,1.5098813
2022-03-25 15:00:00,446.22153,25.947693,-0.17402916,0.42492804,1.2487016
2022-03-25 16:00:00,560.2092,26.369812,-0.19071034,0.15531573,0.6900416
2022-03-25 17:00:00,608.27155,26.921783,-0.20507663,0.07993728,0.6366399
2022-03-25 18:00:00,386.4357,26.569458,-0.1381676,0.03821496,0.7613589
2022-03-25 19:00:00,159.11555,26.571228,-0.092965275,0.73345655,1.1559944
2022-03-25 20:00:00,74.92819,26.891571,-0.0751348,0.83933866,1.8768167
2022-03-25 21:00:00,122.89076,27.558502,-0.10259883,0.72959995,2.158939
2022-03-25 22:00:00,96.26705,26.207947,-0.089696266,0.5998779,1.8839207
2022-03-25 23:00:00,50.911285,26.116577,-0.074836634,0.74187106,1.7297108
2022-03-26 00:00:00,1.1538541,26.242798,-0.05429554,1.1895885,1.8597733
2022-03-26 01:00:00,3.4722223e-05,26.309021,-0.05509246,1.1566318,1.4825753
2022-03-26 02:00:00,3.4722223e-05,26.123444,-0.062264763,0.9178724,1.4010943
2022-03-26 03:00:00,3.4722223e-05,25.882507,-0.06026974,0.5721804,1.3488537
2022-03-26 04:00:00,3.4722223e-05,25.931793,-0.06061129,0.082391314,0.3071103
2022-03-26 05:00:00,3.4722223e-05,25.856842,-0.05032719,0.030151568,0.7688519
2022-03-26 06:00:00,3.4722223e-05,25.84491,-0.043653637,0.20159501,1.1289932
2022-03-26 07:00:00,3.4722223e-05,25.830505,-0.044336703,0.07257424,1.5692497
2022-03-26 08:00:00,3.4722223e-05,25.796783,-0.05080967,0.79972017,1.1509117
2022-03-26 09:00:00,3.4722223e-05,25.676178,-0.042959712,0.018931925,1.1066955
2022-03-26 10:00:00,3.4722223e-05,26.104889,-0.043263294,0.03330689,0.5287267
2022-03-26 11:00:00,3.4722223e-05,26.050446,-0.0427537,0.011919998,0.7678421
2022-03-26 12:00:00,12.478541,25.93695,-0.050815098,0.0010514632,0.9620028
2022-03-26 13:00:00,109.2584,25.839996,-0.08327209,0.0035054982,1.0911852
2022-03-26 14:00:00,182.07834,26.234558,-0.10318433,0.0038566068,1.077267
2022-03-26 15:00:00,493.65704,26.508667,-0.20070168,0.0052591786,1.0694165
2022-03-26 16:00:00,706.14825,27.151031,-0.25844336,0.0014025718,0.8420883
2022-03-26 17:00:00,859.9077,28.017792,-0.30547267,0.0066617504,0.8635895
2022-03-26 18:00:00,811.1332,28.263367,-0.308617,0.03961753,1.5366052
2022-03-26 19:00:00,847.15845,28.258698,-0.3319988,0.07993728,1.9992908
2022-03-26 20:00:00,541.46295,27.960602,-0.2508157,0.07958617,2.5396717
2022-03-26 21:00:00,361.54987,27.73944,-0.19685802,0.20124483,2.2626698
2022-03-26 22:00:00,228.16058,27.118774,-0.1456652,0.014725141,1.7248526
2022-03-26 23:00:00,60.455383,26.82956,-0.07519986,0.0,1.2464534
2022-03-27 00:00:00,2.492882,26.59494,-0.04280792,0.0035054982,1.124288
2022-03-27 01:00:00,3.4722223e-05,26.59317,-0.03685539,0.00490807,1.0641102
2022-03-27 02:00:00,3.4722223e-05,26.386688,-0.029552976,0.0035054982,1.3111216
2022-03-27 03:00:00,3.4722223e-05,26.3266,-0.031119708,0.010518357,1.3945502
2022-03-27 04:00:00,3.4722223e-05,25.990204,-0.032068435,0.0830926,0.86644655
2022-03-27 05:00:00,3.4722223e-05,25.782623,-0.033548437,0.3179945,0.66088283
2022-03-27 06:00:00,3.4722223e-05,25.913788,-0.033347838,0.062055886,0.9376703
2022-03-27 07:00:00,3.4722223e-05,25.76236,-0.056745935,0.093610026,1.4855845
2022-03-27 08:00:00,3.4722223e-05,25.915009,-0.064341106,0.021035783,1.8073814
2022-03-27 09:00:00,3.4722223e-05,25.704712,-0.069919564,0.022088178,1.8697736
2022-03-27 10:00:00,3.4722223e-05,25.455261,-0.067160144,0.0063106418,1.5340343
2022-03-27 11:00:00,3.4722223e-05,25.515533,-0.06073597,0.0070119277,1.9151638
2022-03-27 12:00:00,28.290382,25.725555,-0.06394535,0.025243498,2.1806128
2022-03-27 13:00:00,140.1556,25.685242,-0.0965704,0.028748997,2.230934
2022-03-27 14:00:00,278.24567,26.219177,-0.13256206,0.005609356,2.0290413
2022-03-27 15:00:00,598.88416,26.634888,-0.2193345,0.056096353,1.6337274
2022-03-27 16:00:00,689.9518,26.870026,-0.23602653,0.1286706,1.3977275
2022-03-27 17:00:00,487.2326,26.534332,-0.17306419,0.0781836,0.9197005
2022-03-27 18:00:00,592.9298,26.516235,-0.22305347,0.16793795,1.6927738
2022-03-27 19:00:00,312.291,26.504303,-0.15959781,0.65246785,1.8612726
2022-03-27 20:00:00,250.61055,26.699371,-0.14666812,0.830573,1.9362744
2022-03-27 21:00:00,262.14893,26.67865,-0.14747588,0.47681665,1.6503979
2022-03-27 22:00:00,95.56906,26.012848,-0.07966154,0.46735072,1.1189147
2022-03-27 23:00:00,42.677742,26.223053,-0.055818904,0.31168386,0.5406871
2022-03-28 00:00:00,1.3817708,26.111755,-0.036730707,0.26260036,1.4539768
2022-03-28 01:00:00,3.4722223e-05,26.11203,-0.037207764,0.19563548,0.9935016
2022-03-28 02:00:00,3.4722223e-05,25.973755,-0.036367476,0.13953912,0.75352246
2022-03-28 03:00:00,3.4722223e-05,25.81363,-0.027617585,0.031904317,0.38665563
2022-03-28 04:00:00,3.4722223e-05,25.841492,-0.02831692,0.1321761,0.6751843
2022-03-28 05:00:00,3.4722223e-05,25.68814,-0.029021684,0.07958617,0.678911
2022-03-28 06:00:00,3.4722223e-05,25.732574,-0.03593377,0.09255856,0.8182004
2022-03-28 07:00:00,3.4722223e-05,25.354187,-0.030967915,0.32956433,0.4150024
2022-03-28 08:00:00,3.4722223e-05,25.151276,-0.034697734,0.9059524,0.82488537
2022-03-28 09:00:00,3.4722223e-05,24.799225,-0.0364,0.25558752,0.8040756
2022-03-28 10:00:00,3.4722223e-05,24.966461,-0.036958385,1.0991338,0.29211214
2022-03-28 11:00:00,3.4722223e-05,24.890594,-0.040617727,0.9469725,0.2819047
2022-03-28 12:00:00,15.19934,25.429352,-0.046304617,0.5094232,0.45071992
2022-03-28 13:00:00,96.295555,25.722107,-0.064579636,0.59882647,0.778772
2022-03-28 14:00:00,238.8585,26.028748,-0.10255546,0.41966885,0.70827967
2022-03-28 15:00:00,568.65643,26.61856,-0.21487282,0.34744573,0.6147333
2022-03-28 16:00:00,633.7414,27.092163,-0.22867532,0.14865491,0.80889875
2022-03-28 17:00:00,701.6896,27.9057,-0.23853655,0.10062195,1.6569977
2022-03-28 18:00:00,788.44104,28.0336,-0.2733789,0.1276182,2.5247736
2022-03-28 19:00:00,656.8467,28.14154,-0.25439912,0.05118735,3.2620354
2022-03-28 20:00:00,471.52048,27.739685,-0.20014329,0.061004423,2.8975234
2022-03-28 21:00:00,299.39935,27.581512,-0.16205361,1.1271815,2.8077223
2022-03-28 22:00:00,170.11264,27.592926,-0.105325714,0.1483038,1.6519042
2022-03-28 23:00:00,60.341423,27.737946,-0.07115018,0.09641517,1.505546
2022-03-29 00:00:00,2.3931596,27.63272,-0.032724407,0.030151568,1.166226
2022-03-29 01:00:00,3.4722223e-05,27.38861,-0.028945796,0.035760924,1.3005182
2022-03-29 02:00:00,3.4722223e-05,27.02356,-0.031244403,0.09255856,0.37823522
2022-03-29 03:00:00,3.4722223e-05,26.632538,-0.026950773,0.11639949,1.1611379
2022-03-29 04:00:00,3.4722223e-05,26.65326,-0.026039997,0.41090417,1.6643727
2022-03-29 05:00:00,3.4722223e-05,26.31247,-0.029178904,0.54027605,2.3759995
2022-03-29 06:00:00,3.4722223e-05,25.856842,-0.037901685,0.5427301,2.5720074
2022-03-29 07:00:00,3.4722223e-05,25.871521,-0.04767619,1.8311878,2.0339048
2022-03-29 08:00:00,3.4722223e-05,25.635437,-0.05171502,1.089667,1.5779605
2022-03-29 09:00:00,3.4722223e-05,25.709381,-0.040991798,0.5048653,0.9989734
2022-03-29 10:00:00,3.4722223e-05,25.432251,-0.037766162,0.7604528,0.913044
2022-03-29 11:00:00,3.4722223e-05,25.224792,-0.045139052,0.71347225,1.9008778
2022-03-29 12:00:00,9.515625,25.125458,-0.05666462,0.7204842,2.82679
2022-03-29 13:00:00,46.88,25.032867,-0.064557955,0.9364551,3.0460236
2022-03-29 14:00:00,109.30115,25.544067,-0.07285788,0.8039279,2.766921
2022-03-29 15:00:00,182.23503,26.01532,-0.0907263,0.87650216,2.8233898
2022-03-29 16:00:00,191.12386,25.88733,-0.09505246,0.72574335,3.0551314
2022-03-29 17:00:00,266.37967,25.9404,-0.119719125,0.7415209,3.1728065
2022-03-29 18:00:00,240.49669,25.895935,-0.11924205,0.5532475,3.1142435
2022-03-29 19:00:00,477.133,25.96112,-0.19544308,0.17249584,3.008783
2022-03-29 20:00:00,390.1821,26.379822,-0.16939941,0.15741959,2.838569
2022-03-29 21:00:00,245.66757,26.355133,-0.14098667,0.78289115,2.7411118
2022-03-29 22:00:00,120.212746,25.816101,-0.09109495,1.6502775,2.1768522
2022-03-29 23:00:00,23.675035,25.68814,-0.054181684,0.6689466,0.85388976
2022-03-30 00:00:00,0.5555556,25.771393,-0.046445567,0.29240084,0.719982
2022-03-30 01:00:00,3.4722223e-05,25.849731,-0.042840447,0.2107108,1.3016595
2022-03-30 02:00:00,3.4722223e-05,25.871002,-0.044038534,0.23209769,1.5649898
2022-03-30 03:00:00,3.4722223e-05,25.980621,-0.038682353,0.13918802,1.9548723
2022-03-30 04:00:00,3.4722223e-05,25.91272,-0.041436344,0.15601702,1.8884368
2022-03-30 05:00:00,3.4722223e-05,25.801422,-0.04223868,0.26645696,1.7321403
2022-03-30 06:00:00,3.4722223e-05,25.368835,-0.042498913,0.23420155,2.0957942
2022-03-30 07:00:00,3.4722223e-05,25.424713,-0.05761333,0.0613546,2.068482
2022-03-30 08:00:00,3.4722223e-05,25.297272,-0.061673854,0.10062195,2.3084695
2022-03-30 09:00:00,3.4722223e-05,25.585083,-0.065896995,0.058550388,2.2128003
2022-03-30 10:00:00,3.4722223e-05,25.461609,-0.066249385,0.054342672,2.2293177
2022-03-30 11:00:00,3.4722223e-05,25.543915,-0.0649266,0.025243498,2.2187886
2022-03-30 12:00:00,22.891563,25.507965,-0.06710594,0.04522782,2.166109
2022-03-30 13:00:00,111.99344,25.646667,-0.08737055,0.035760924,1.7815751
2022-03-30 14:00:00,178.54561,26.611267,-0.1084863,0.039267354,1.5857222
2022-03-30 15:00:00,278.33112,27.174042,-0.13625935,0.05469378,1.5026726
2022-03-30 16:00:00,521.9902,27.512115,-0.19559486,0.057147816,1.4061629
2022-03-30 17:00:00,502.77377,28.023407,-0.1933017,0.03155414,1.4754409
2022-03-30 18:00:00,709.0969,28.163483,-0.2649326,0.014374964,2.0053632
2022-03-30 19:00:00,686.8749,27.822693,-0.24219589,0.010167249,2.8857648
2022-03-30 20:00:00,552.73065,27.18518,-0.21340366,0.0063106418,3.1134093
2022-03-30 21:00:00,351.43597,27.858093,-0.15619868,0.017530285,2.2546618
2022-03-30 22:00:00,199.91295,27.113678,-0.1081773,0.049084425,2.2395432
2022-03-30 23:00:00,73.10486,27.04657,-0.06736615,0.07292442,1.6195642
2022-03-31 00:00:00,2.4501388,26.521667,-0.036031358,0.18055923,1.2071041
2022-03-31 01:00:00,3.4722223e-05,26.3461,-0.03052337,0.059251674,1.3675325
2022-03-31 02:00:00,3.4722223e-05,26.007507,-0.03006257,0.047681853,1.2370722
2022-03-31 03:00:00,3.4722223e-05,26.201782,-0.028897004,0.013322569,1.0010369
2022-03-31 04:00:00,3.4722223e-05,26.424713,-0.026072536,0.004206784,1.0936548
2022-03-31 05:00:00,3.4722223e-05,25.964294,-0.026690556,0.0003501773,1.3184988
2022-03-31 06:00:00,3.4722223e-05,26.142761,-0.027156785,0.016127713,0.9418196
2022-03-31 07:00:00,3.4722223e-05,26.268982,-0.03055048,0.21281466,0.8146926
2022-03-31 08:00:00,3.4722223e-05,26.16034,-0.030740222,0.15917234,0.25281462
2022-03-31 09:00:00,3.4722223e-05,25.808289,-0.040872533,0.2769744,0.66544193
2022-03-31 10:00:00,3.4722223e-05,25.452301,-0.042341694,0.33657625,0.5281638
2022-03-31 11:00:00,3.4722223e-05,25.616364,-0.039658174,0.045928173,0.10352868
2022-03-31 12:00:00,32.777534,26.15033,-0.038655244,0.0063106418,0.4115767
2022-03-31 13:00:00,201.20923,26.210388,-0.09363751,0.013673678,0.53150773
2022-03-31 14:00:00,379.85455,26.891724,-0.15160148,0.12551528,0.60713905
2022-03-31 15:00:00,553.14374,27.145233,-0.21567516,0.23455173,1.1503674
2022-03-31 16:00:00,689.0971,27.174042,-0.25368896,0.082040206,1.6830909
2022-03-31 17:00:00,811.8597,27.573853,-0.28900293,0.13953912,2.3324037
2022-03-31 18:00:00,746.64655,26.95575,-0.27232715,0.08975342,2.8264506
2022-03-31 19:00:00,604.08356,27.043854,-0.22933128,0.19563548,2.682587
2022-03-31 20:00:00,368.2022,26.570526,-0.16884102,0.107283704,3.5521872
2022-03-31 21:00:00,322.7895,26.364197,-0.16286682,0.11920463,3.3962445
2022-03-31 22:00:00,109.32962,25.86319,-0.116108574,0.49574953,3.3161764
2022-03-31 23:00:00,38.83163,25.691284,-0.093323074,0.8582706,2.8821952
2022-04-01 00:00:00,1.2250694,25.85614,-0.07227781,0.13953912,2.7849965
2022-04-01 01:00:00,3.4722223e-05,25.606354,-0.073194,0.24191476,3.0051572
2022-04-01 02:00:00,3.4722223e-05,25.460358,-0.07567693,0.1987908,3.4380884
2022-04-01 03:00:00,3.4722223e-05,25.32782,-0.08133671,0.07257424,3.4509704
2022-04-01 04:00:00,3.4722223e-05,25.485748,-0.08489304,0.018581748,3.5949552
2022-04-01 05:00:00,3.4722223e-05,25.534332,-0.08635136,0.023489818,3.6940637
2022-04-01 06:00:00,3.4722223e-05,25.372284,-0.08615619,0.06661378,3.7357287
2022-04-01 07:00:00,3.4722223e-05,25.198456,-0.08536469,0.06310828,3.640201
2022-04-01 08:00:00,3.4722223e-05,24.871521,-0.07936879,0.2647033,3.2520165
2022-04-01 09:00:00,3.4722223e-05,24.633942,-0.07374696,0.30362046,3.0349915
2022-04-01 10:00:00,3.4722223e-05,25.042358,-0.06603253,1.0374272,2.4847867
2022-04-01 11:00:00,3.4722223e-05,25.12204,-0.058773484,0.33271965,2.4701946
2022-04-01 12:00:00,23.176458,25.09076,-0.059461977,0.29485488,2.2853427
2022-04-01 13:00:00,136.46619,25.234283,-0.08619957,0.2776757,2.4258142
2022-04-01 14:00:00,273.2457,26.493835,-0.119881764,0.08519553,2.1922884
2022-04-01 15:00:00,318.40204,26.802673,-0.11651517,0.037514605,2.423058
2022-04-01 16:00:00,506.69113,27.073212,-0.17722769,0.2022963,2.6344004
2022-04-01 17:00:00,720.40735,27.853699,-0.256817,0.22788998,2.913481
2022-04-01 18:00:00,637.0319,27.242645,-0.23921421,0.6212648,3.4322429
2022-04-01 19:00:00,808.41235,27.153229,-0.30220363,0.108686276,3.491881
2022-04-01 20:00:00,638.27124,27.595367,-0.29653305,1.5401896,3.7743618
2022-04-01 21:00:00,436.16464,27.933533,-0.21248747,0.14024042,3.617878
2022-04-01 22:00:00,262.98938,26.481903,-0.1472211,0.17074215,3.151225
2022-04-01 23:00:00,73.233055,26.518707,-0.07874535,0.05329121,2.427743
2022-04-02 00:00:00,2.4359028,26.434021,-0.049720008,0.5350169,1.4812939
2022-04-02 01:00:00,3.4722223e-05,26.137848,-0.035082646,0.8936813,0.58293915
2022-04-02 02:00:00,3.4722223e-05,25.984741,-0.028587993,0.49750227,0.6240356
2022-04-02 03:00:00,3.4722223e-05,25.870728,-0.032035895,0.039267354,0.3963872
2022-04-02 04:00:00,3.4722223e-05,26.014618,-0.036150623,0.031904317,0.61697197
2022-04-02 05:00:00,3.4722223e-05,25.865112,-0.040379193,0.07678103,1.0135608
2022-04-02 06:00:00,3.4722223e-05,25.839294,-0.047762938,0.050486065,1.0932457
2022-04-02 07:00:00,3.4722223e-05,25.77237,-0.042466372,0.0066617504,1.1861957
2022-04-02 08:00:00,3.4722223e-05,25.62613,-0.04955736,0.09255856,1.494745
2022-04-02 09:00:00,3.4722223e-05,25.7294,-0.05498946,0.008063391,1.6655623
2022-04-02 10:00:00,3.4722223e-05,25.69989,-0.05698447,0.082391314,1.786497
2022-04-02 11:00:00,3.4722223e-05,25.801178,-0.056442354,0.12937188,1.8330139
2022-04-02 12:00:00,36.680626,26.01065,-0.064070046,0.2727676,1.722707
2022-04-02 13:00:00,203.73059,26.24115,-0.11112103,0.093961135,2.060406
2022-04-02 14:00:00,271.9779,26.71817,-0.12710828,0.09185728,1.811834
2022-04-02 15:00:00,424.9539,27.25116,-0.17096072,0.10167435,1.4791516
2022-04-02 16:00:00,643.57043,27.747253,-0.2356633,0.16302896,0.8590962
2022-04-02 17:00:00,682.62994,28.42102,-0.2428627,0.08905213,0.112332314
2022-04-02 18:00:00,751.86017,28.275055,-0.26861364,0.10833517,0.73859763
2022-04-02 19:00:00,701.7751,28.274078,-0.25191078,0.008414499,1.7102021
2022-04-02 20:00:00,620.4224,28.868286,-0.2408189,0.0028051436,2.1795108
2022-04-02 21:00:00,442.3042,28.924927,-0.19416909,0.0,2.4223766
2022-04-02 22:00:00,267.77567,28.470642,-0.14638622,0.0010514632,1.2660139
2022-04-02 23:00:00,83.005066,28.49823,-0.086654946,0.0038566068,1.5631346
2022-04-03 00:00:00,2.2792015,28.292877,-0.06017217,0.0017527491,1.6515902
2022-04-03 01:00:00,3.4722223e-05,28.248688,-0.050235014,0.02804771,1.4455228
2022-04-03 02:00:00,3.4722223e-05,27.870026,-0.044027694,0.0028051436,1.1979904
2022-04-03 03:00:00,3.4722223e-05,27.433502,-0.03372191,0.0052591786,0.8168035
2022-04-03 04:00:00,3.4722223e-05,27.485504,-0.029927032,0.09816792,0.9237515
2022-04-03 05:00:00,3.4722223e-05,27.281464,-0.03025774,0.043474138,1.0807574
2022-04-03 06:00:00,3.4722223e-05,26.77481,-0.031260658,0.06345846,0.9898047
2022-04-03 07:00:00,3.4722223e-05,26.628143,-0.035538033,0.014725141,1.2547147
2022-04-03 08:00:00,3.4722223e-05,26.480835,-0.039761174,0.00490807,1.2839217
2022-04-03 09:00:00,3.4722223e-05,26.547516,-0.042027254,0.22263172,1.4116501
2022-04-03 10:00:00,3.4722223e-05,27.003357,-0.043165725,0.049434602,0.88418674
2022-04-03 11:00:00,3.4722223e-05,26.82956,-0.038985934,0.0781836,1.2180356
2022-04-03 12:00:00,31.324549,26.2565,-0.03911063,0.3320193,0.7073602
2022-04-03 13:00:00,117.47771,26.245789,-0.0702611,0.35866442,1.1489531
2022-04-03 14:00:00,176.77924,26.891998,-0.08632425,0.08098874,1.3184192
2022-04-03 15:00:00,280.83823,26.918182,-0.11066022,0.010868534,1.6421316
2022-04-03 16:00:00,406.09366,27.105621,-0.16565876,0.051888637,1.5083555
2022-04-03 17:00:00,499.14136,27.262146,-0.17934199,0.04627928,1.9328603
2022-04-03 18:00:00,588.01526,27.351715,-0.20053363,0.05013589,2.2379692
2022-04-03 19:00:00,397.46124,27.164032,-0.17529231,0.10097306,2.4101279
2022-04-03 20:00:00,305.21124,27.620056,-0.14075355,0.049434602,2.4341743
2022-04-03 21:00:00,312.7753,27.10492,-0.14225525,0.054342672,2.771125
2022-04-03 22:00:00,158.20389,26.89859,-0.10365055,0.7043565,2.1554308
2022-04-03 23:00:00,43.988262,26.715546,-0.06986535,1.034272,1.9399048
2022-04-04 00:00:00,1.3532987,26.814362,-0.04953568,0.2604965,1.2433614
2022-04-04 01:00:00,3.4722223e-05,25.882935,-0.042488057,2.2364826,1.112323
2022-04-04 02:00:00,3.4722223e-05,25.787018,-0.041078545,0.6910339,1.807431
2022-04-04 03:00:00,3.4722223e-05,25.3107,-0.05869758,0.28784293,2.5240126
2022-04-04 04:00:00,3.4722223e-05,25.073639,-0.06365802,1.5338781,2.6899195
2022-04-04 05:00:00,3.4722223e-05,25.28601,-0.06335444,0.8326769,2.5173836
2022-04-04 06:00:00,3.4722223e-05,25.118774,-0.058215097,0.8221585,2.2806907
2022-04-04 07:00:00,3.4722223e-05,25.214264,-0.06747458,0.6342372,1.8711191
2022-04-04 08:00:00,3.4722223e-05,25.129333,-0.066878244,0.37759727,1.890913
2022-04-04 09:00:00,3.4722223e-05,24.879333,-0.07325363,0.08519553,2.49218
2022-04-04 10:00:00,3.4722223e-05,25.20697,-0.07693465,0.16162731,3.082594
2022-04-04 11:00:00,3.4722223e-05,25.244293,-0.07646301,0.21737255,2.6307929
2022-04-04 12:00:00,16.6808,25.1474,-0.077487625,0.48102438,3.075344
2022-04-04 13:00:00,76.21024,25.223297,-0.0812066,0.52800494,3.234675
2022-04-04 14:00:00,183.1467,26.25061,-0.11806022,0.29485488,3.5552943
2022-04-04 15:00:00,389.6408,26.897888,-0.18394461,0.19843969,3.5790987
2022-04-04 16:00:00,408.558,27.410583,-0.1852945,0.17249584,3.2009227
2022-04-04 17:00:00,527.916,28.128632,-0.2166564,0.18827245,3.5879626
2022-04-04 18:00:00,580.96405,27.778687,-0.23846608,0.14549959,4.2265983
2022-04-04 19:00:00,604.01227,27.987213,-0.28009582,0.19738823,4.1475677
2022-04-04 20:00:00,478.40076,27.252808,-0.22664234,0.15636814,4.03528
2022-04-04 21:00:00,277.67587,26.551727,-0.16468294,1.9784402,3.434735
2022-04-04 22:00:00,195.34035,26.943298,-0.12628426,0.4221229,2.5740778
2022-04-04 23:00:00,48.95976,26.669586,-0.0788863,0.22333302,1.681178
2022-04-05 00:00:00,1.2393403,26.330017,-0.048695393,0.19177887,1.3471749
2022-04-05 01:00:00,3.4722223e-05,25.876343,-0.041371286,0.7429235,1.4552879
2022-04-05 02:00:00,3.4722223e-05,26.036316,-0.04916161,0.14129189,1.4647077
2022-04-05 03:00:00,3.4722223e-05,25.978699,-0.06142448,0.12481399,1.4737346
2022-04-05 04:00:00,3.4722223e-05,25.791412,-0.06571268,0.3853105,1.9457667
2022-04-05 05:00:00,3.4722223e-05,25.675903,-0.0722236,0.37374067,2.638027
2022-04-05 06:00:00,3.4722223e-05,25.720367,-0.063555025,0.2313964,2.302142
2022-04-05 07:00:00,3.4722223e-05,25.681274,-0.071307406,0.12831949,2.1096938
2022-04-05 08:00:00,3.4722223e-05,25.616089,-0.0713833,0.11114031,2.2386193
2022-04-05 09:00:00,3.4722223e-05,25.487946,-0.07579077,0.05819928,2.6745024
2022-04-05 10:00:00,3.4722223e-05,25.241821,-0.07670697,0.016127713,2.700849
2022-04-05 11:00:00,3.4722223e-05,25.175446,-0.072581396,0.01998432,2.6246157
2022-04-05 12:00:00,27.535418,25.374634,-0.07827912,0.0003501773,2.7923234
2022-04-05 13:00:00,118.71701,25.734314,-0.0969282,0.0,2.6362784
2022-04-05 14:00:00,296.80676,26.701843,-0.14769274,0.0003501773,2.1156232
2022-04-05 15:00:00,582.8159,27.089539,-0.22041875,0.0070119277,2.1507444
2022-04-05 16:00:00,720.7778,27.63913,-0.2521439,0.07012021,2.090958
2022-04-05 17:00:00,780.9625,28.315369,-0.27447397,0.09255856,2.0401888
2022-04-05 18:00:00,809.6517,28.283386,-0.3004851,0.083793886,1.9830118
2022-04-05 19:00:00,701.0913,28.566833,-0.27548233,0.09115599,2.273636
2022-04-05 20:00:00,551.42017,28.818756,-0.23723546,0.040669926,2.8233495
2022-04-05 21:00:00,482.7312,28.866364,-0.22352514,0.0,3.234609
2022-04-05 22:00:00,245.02657,28.477936,-0.14807223,0.008063391,2.7476196
2022-04-05 23:00:00,77.43531,28.184753,-0.08923004,0.03961753,2.7763405
2022-04-06 00:00:00,2.2222223,28.23114,-0.057803076,0.015776604,2.661631
2022-04-06 01:00:00,3.4722223e-05,28.096405,-0.055184618,0.023489818,1.8696284
2022-04-06 02:00:00,3.4722223e-05,28.00409,-0.052631207,0.08765049,1.6168501
2022-04-06 03:00:00,3.4722223e-05,27.539001,-0.04511737,0.017530285,1.5411941
2022-04-06 04:00:00,3.4722223e-05,27.323456,-0.040427987,0.002454035,1.5302068
2022-04-06 05:00:00,3.4722223e-05,27.396606,-0.037131876,0.022788532,1.1776956
2022-04-06 06:00:00,3.4722223e-05,27.199585,-0.036421683,0.45858604,0.86238605
2022-04-06 07:00:00,3.4722223e-05,26.82611,-0.03699634,1.8781685,0.53372884
2022-04-06 08:00:00,3.4722223e-05,25.538025,-0.05078799,1.4181799,1.0531234
2022-04-06 09:00:00,3.4722223e-05,25.341278,-0.04929173,0.73065233,0.86948496
2022-04-06 10:00:00,3.4722223e-05,25.88498,-0.046619054,0.029100105,0.41723862
2022-04-06 11:00:00,3.4722223e-05,26.153992,-0.044537287,0.1994921,0.46166262
2022-04-06 12:00:00,23.888716,26.201355,-0.04890139,0.062055886,0.65577316
2022-04-06 13:00:00,150.86778,26.33319,-0.091273844,0.050486065,1.3924046
2022-04-06 14:00:00,211.90717,26.804169,-0.118759565,0.102375634,1.8060969
2022-04-06 15:00:00,480.77966,27.039734,-0.19243428,0.20089373,1.5721152
2022-04-06 16:00:00,599.9953,27.149078,-0.23772338,0.1363838,1.9581598
2022-04-06 17:00:00,775.1506,27.59732,-0.2862923,0.1521604,2.2509012
2022-04-06 18:00:00,724.5669,27.707458,-0.28076807,0.18827245,2.1366236
2022-04-06 19:00:00,611.02075,27.643524,-0.25481114,0.7650107,2.7209246
2022-04-06 20:00:00,550.10956,27.705963,-0.25403047,0.42387658,2.2196279
2022-04-06 21:00:00,377.39017,27.565338,-0.1791197,0.093961135,2.6333072
2022-04-06 22:00:00,172.73367,27.751373,-0.11049216,0.09290874,2.5949736
2022-04-06 23:00:00,55.74031,27.799255,-0.05965172,0.09816792,1.9382839
2022-04-07 00:00:00,1.6666666,27.620514,-0.043301247,0.23069513,1.5498673
2022-04-07 01:00:00,3.4722223e-05,26.948914,-0.03754388,1.8672999,0.2536836
2022-04-07 02:00:00,3.4722223e-05,26.119324,-0.037847478,1.2484891,0.42572108
2022-04-07 03:00:00,3.4722223e-05,25.985962,-0.033738177,0.43544638,0.5322304
2022-04-07 04:00:00,3.4722223e-05,26.21399,-0.04383795,0.34674442,0.28279063
2022-04-07 05:00:00,3.4722223e-05,26.198883,-0.05514125,0.09185728,1.2427773
2022-04-07 06:00:00,3.4722223e-05,25.819702,-0.05929392,0.24507008,1.6467174
2022-04-07 07:00:00,3.4722223e-05,25.85028,-0.06464469,0.9922003,1.8513664
2022-04-07 08:00:00,3.4722223e-05,25.694,-0.07402345,1.0013161,1.965932
2022-04-07 09:00:00,3.4722223e-05,25.585358,-0.076023884,1.0086782,1.8700641
2022-04-07 10:00:00,3.4722223e-05,25.440613,-0.07514022,0.5294075,1.8633363
2022-04-07 11:00:00,3.4722223e-05,25.646393,-0.07566608,0.49119163,1.782457
2022-04-07 12:00:00,11.28198,25.386414,-0.07216396,0.45017153,2.2562015
2022-04-07 13:00:00,59.971043,25.568054,-0.08262696,0.42738205,2.8603642
2022-04-07 14:00:00,121.309586,25.998444,-0.09744322,0.9971084,2.8236303
2022-04-07 15:00:00,210.61087,26.28067,-0.1128504,1.135245,3.1290653
2022-04-07 16:00:00,341.97736,27.072937,-0.16466667,0.8372348,3.2023141
2022-04-07 17:00:00,471.93356,27.730133,-0.20735356,1.1327909,3.165933
2022-04-07 18:00:00,313.7012,27.67398,-0.15874124,1.9135792,2.6609144
2022-04-07 19:00:00,533.1439,27.578766,-0.22191502,0.8992907,2.5855868
2022-04-07 20:00:00,380.62375,27.76236,-0.18587458,0.60653967,2.9397404
2022-04-07 21:00:00,219.96977,27.762878,-0.15296762,1.2491904,3.3834944
2022-04-07 22:00:00,105.38378,27.119568,-0.12931472,2.6529963,2.499216
2022-04-07 23:00:00,30.882952,27.083374,-0.0945537,0.15741959,1.8158885
2022-04-08 00:00:00,1.2963195,27.167877,-0.061955754,0.29625744,1.3613714
2022-04-08 01:00:00,3.4722223e-05,27.153046,-0.053948577,0.25138074,1.5004717
2022-04-08 02:00:00,3.4722223e-05,26.45871,-0.054279268,0.6254716,1.8953769
2022-04-08 03:00:00,3.4722223e-05,26.339508,-0.06103414,0.39232242,2.1971812
2022-04-08 04:00:00,3.4722223e-05,26.30069,-0.06846125,0.2611978,2.493856
2022-04-08 05:00:00,3.4722223e-05,26.078033,-0.0649537,0.42808336,2.6745813
2022-04-08 06:00:00,3.4722223e-05,25.89392,-0.05998784,0.46104008,2.3537676
2022-04-08 07:00:00,3.4722223e-05,25.907349,-0.061852757,0.5311603,2.5760431
2022-04-08 08:00:00,3.4722223e-05,25.836578,-0.06523018,0.7734252,2.2666368
2022-04-08 09:00:00,3.4722223e-05,25.488922,-0.057044104,0.8793063,1.9316865
2022-04-08 10:00:00,3.4722223e-05,25.193512,-0.05434433,2.6529963,1.3262249
2022-04-08 11:00:00,3.4722223e-05,24.98816,-0.059592087,2.4040694,1.9203573
2022-04-08 12:00:00,11.780556,25.029968,-0.06309964,1.0262085,2.5450761
2022-04-08 13:00:00,88.88819,25.637085,-0.08597729,0.8526612,2.714693
2022-04-08 14:00:00,227.71901,26.380524,-0.12157319,0.4634941,2.4171216
2022-04-08 15:00:00,310.9662,26.783173,-0.14018431,0.2194764,2.049239
2022-04-08 16:00:00,456.46362,27.15445,-0.17237568,0.26224926,1.8502029
2022-04-08 17:00:00,492.26105,27.142487,-0.18410726,0.49119163,1.8970766
2022-04-08 18:00:00,363.68658,27.018738,-0.16842902,0.99956244,1.9873163
2022-04-08 19:00:00,508.08716,26.633667,-0.20144439,0.049434602,2.65506
2022-04-08 20:00:00,404.427,26.180603,-0.19247223,0.43018723,2.7634597
2022-04-08 21:00:00,320.41055,26.66275,-0.16114828,0.49750227,2.373804
2022-04-08 22:00:00,229.92696,26.694275,-0.12590477,0.08169003,2.3809435
2022-04-08 23:00:00,63.78868,26.745483,-0.06901422,0.5911132,2.1301453
2022-04-09 00:00:00,1.7378819,26.409088,-0.042488057,0.84249395,1.5352505
2022-04-09 01:00:00,3.4722223e-05,26.473816,-0.035245277,0.4922431,0.9394868
2022-04-09 02:00:00,3.4722223e-05,26.188873,-0.034155615,0.5672723,1.095475
2022-04-09 03:00:00,3.4722223e-05,26.348022,-0.03438872,0.4182663,0.9788456
2022-04-09 04:00:00,3.4722223e-05,26.435425,-0.044678252,0.4876852,0.47470108
2022-04-09 05:00:00,3.4722223e-05,26.149353,-0.045925133,0.4757652,0.30113956
2022-04-09 06:00:00,3.4722223e-05,25.980865,-0.048343007,0.27942842,0.57636034
2022-04-09 07:00:00,3.4722223e-05,26.032623,-0.02944455,1.0623206,0.46202403
2022-04-09 08:00:00,3.4722223e-05,25.833405,-0.028506678,1.0013161,0.032489903
2022-04-09 09:00:00,3.4722223e-05,25.788696,-0.033613484,1.2351665,0.26043093
2022-04-09 10:00:00,3.4722223e-05,25.28067,-0.035944615,1.8090997,0.5946575
2022-04-09 11:00:00,3.4722223e-05,25.18747,-0.034719415,1.5254636,0.25730973
2022-04-09 12:00:00,26.808924,25.847534,-0.049248353,0.81479645,0.8607391
2022-04-09 13:00:00,140.92482,26.087341,-0.09706916,0.61845964,1.3675832
2022-04-09 14:00:00,245.01231,26.26239,-0.121757515,0.71031696,1.1461071
2022-04-09 15:00:00,394.04248,26.683746,-0.15535839,0.22929254,1.1314722
2022-04-09 16:00:00,458.54337,26.905182,-0.17458755,0.24471897,1.9568362
2022-04-09 17:00:00,484.19843,27.962341,-0.20465377,0.2573412,2.7974555
2022-04-09 18:00:00,417.689,28.027008,-0.20042521,0.44982043,3.5803092
2022-04-09 19:00:00,636.1203,27.861969,-0.24241817,0.14690123,3.3387198
2022-04-09 20:00:00,405.59506,27.941803,-0.18562521,0.33377203,2.6249318
2022-04-09 21:00:00,191.5227,28.170624,-0.13133685,0.88421535,2.443053
2022-04-09 22:00:00,150.54015,27.287262,-0.13020381,0.24787429,2.301347
2022-04-09 23:00:00,47.43552,26.637878,-0.0794718,1.1692531,1.957592
2022-04-10 00:00:00,1.481493,26.370514,-0.047264185,1.3101948,1.9865586
2022-04-10 01:00:00,3.4722223e-05,25.940125,-0.04005393,1.7466927,1.905227
2022-04-10 02:00:00,3.4722223e-05,25.870026,-0.03558681,0.46454555,1.0589333
2022-04-10 03:00:00,3.4722223e-05,25.716492,-0.04625041,0.30852854,1.0678421
2022-04-10 04:00:00,3.4722223e-05,25.772614,-0.05490813,0.1156982,1.087585
2022-04-10 05:00:00,3.4722223e-05,25.826813,-0.050728355,0.019633211,1.2390147
2022-04-10 06:00:00,3.4722223e-05,25.625946,-0.056610413,0.28959662,1.6043065
2022-04-10 07:00:00,3.4722223e-05,25.184204,-0.051189154,0.06766617,1.5986238
2022-04-10 08:00:00,3.4722223e-05,25.040161,-0.05287517,0.17775409,1.3466852
2022-04-10 09:00:00,3.4722223e-05,24.923248,-0.054057002,0.09115599,1.1012502
2022-04-10 10:00:00,3.4722223e-05,25.344177,-0.055867698,0.2394598,1.7237136
2022-04-10 11:00:00,3.4722223e-05,25.617065,-0.06092571,0.2068542,1.5319109
2022-04-10 12:00:00,17.207848,25.384216,-0.06505671,0.31659287,2.223162
2022-04-10 13:00:00,88.68878,25.722809,-0.09070462,0.11639949,2.9450061
2022-04-10 14:00:00,220.89569,26.47406,-0.1282847,0.031904317,2.987036
2022-04-10 15:00:00,424.2559,27.082428,-0.17932571,0.09536371,2.7879915
2022-04-10 16:00:00,667.8152,27.53363,-0.23999487,0.15531573,2.9429648
2022-04-10 17:00:00,762.8857,27.760681,-0.28063253,0.1493562,2.5609567
2022-04-10 18:00:00,400.42416,27.982117,-0.17001744,0.4599886,2.1611662
2022-04-10 19:00:00,453.77133,28.027954,-0.19224997,0.17249584,1.8718612
2022-04-10 20:00:00,404.72614,28.217957,-0.18472527,0.20895806,1.3972683
2022-04-10 21:00:00,272.40527,28.031403,-0.1294611,0.010518357,1.3001375
2022-04-10 22:00:00,227.94693,27.950592,-0.11772953,0.008063391,1.2157152
2022-04-10 23:00:00,57.12208,27.365875,-0.06608674,0.05329121,0.8374522
2022-04-11 00:00:00,1.780625,26.96939,-0.04777919,0.0697691,0.76280934
2022-04-11 01:00:00,3.4722223e-05,26.851227,-0.044667408,0.042071566,0.9802256
2022-04-11 02:00:00,3.4722223e-05,26.307007,-0.042466372,0.6198622,1.0437094
2022-04-11 03:00:00,3.4722223e-05,26.16446,-0.044407178,0.5059168,0.89880276
2022-04-11 04:00:00,3.4722223e-05,26.060974,-0.04556733,0.48242694,0.6799096
2022-04-11 05:00:00,3.4722223e-05,26.07022,-0.043604843,0.08098874,0.9363099
2022-04-11 06:00:00,3.4722223e-05,26.319489,-0.041945938,0.009465963,1.1343911
2022-04-11 07:00:00,3.4722223e-05,26.340485,-0.04751356,0.12972206,1.384512
2022-04-11 08:00:00,3.4722223e-05,26.11438,-0.058464475,0.30362046,1.676733
2022-04-11 09:00:00,3.4722223e-05,26.320007,-0.05541774,0.0052591786,1.4238287
2022-04-11 10:00:00,3.4722223e-05,25.876343,-0.055179205,0.002454035,1.7734693
2022-04-11 11:00:00,3.4722223e-05,25.942047,-0.05385642,0.005609356,1.8014325
2022-04-11 12:00:00,43.204792,25.943298,-0.0640863,0.04627928,1.458352
2022-04-11 13:00:00,222.50537,26.28479,-0.11225949,0.035410747,1.451224
2022-04-11 14:00:00,390.70917,26.924744,-0.15565656,0.10097306,1.144031
2022-04-11 15:00:00,520.03864,27.269684,-0.1937625,0.14690123,0.46584892
2022-04-11 16:00:00,444.93948,27.165955,-0.15887678,0.17915666,0.4695818
2022-04-11 17:00:00,666.07733,27.83612,-0.24400118,0.13778639,1.6448027
2022-04-11 18:00:00,803.4836,28.295593,-0.28914928,0.073976815,2.6048398
2022-04-11 19:00:00,578.0866,28.075836,-0.22454432,0.13463107,2.5526109
2022-04-11 20:00:00,359.86896,28.408813,-0.17154622,0.51117593,2.6228406
2022-04-11 21:00:00,337.67538,28.701324,-0.16329509,0.120256096,2.1828327
2022-04-11 22:00:00,222.54811,27.786774,-0.11828791,0.042772852,1.1048663
2022-04-11 23:00:00,62.079304,27.676178,-0.06384235,0.05294103,1.7276845
2022-04-12 00:00:00,1.5242361,27.687683,-0.042330854,0.014374964,1.31551
2022-04-12 01:00:00,3.4722223e-05,27.17517,-0.041696563,0.25453603,1.2468019
2022-04-12 02:00:00,3.4722223e-05,27.120026,-0.03817276,0.083793886,1.3101032
2022-04-12 03:00:00,3.4722223e-05,27.011353,-0.02795912,0.0038566068,0.88165796
2022-04-12 04:00:00,3.4722223e-05,26.860992,-0.028853625,0.08098874,0.59720594
2022-04-12 05:00:00,3.4722223e-05,26.86441,-0.031499192,0.1735473,0.43577105
2022-04-12 06:00:00,3.4722223e-05,26.585876,-0.03165641,0.01156982,0.26862702
2022-04-12 07:00:00,3.4722223e-05,26.54831,-0.036893338,1.4024032,0.22503297
2022-04-12 08:00:00,3.4722223e-05,25.842194,-0.04542638,1.5258147,0.6871026
2022-04-12 09:00:00,3.4722223e-05,25.605652,-0.05221377,0.74572766,1.1220095
2022-04-12 10:00:00,3.4722223e-05,25.224792,-0.05309202,1.2646168,0.32569644
2022-04-12 11:00:00,3.4722223e-05,25.336884,-0.0539811,1.3838215,1.0144962
2022-04-12 12:00:00,22.948542,25.375427,-0.060291436,1.0791495,0.46234745
2022-04-12 13:00:00,133.75966,25.552856,-0.09275927,0.60233194,0.63831013
2022-04-12 14:00:00,331.5928,26.53653,-0.15803106,0.022788532,0.8697776
2022-04-12 15:00:00,544.4686,26.895172,-0.22444673,0.10693353,1.5724876
2022-04-12 16:00:00,669.5816,27.382477,-0.26046008,0.18967502,2.2241209
2022-04-12 17:00:00,590.5366,27.793884,-0.21113758,0.13533142,2.2427235
2022-04-12 18:00:00,598.8129,27.849304,-0.20704453,0.15251152,2.0996082
2022-04-12 19:00:00,443.11615,27.992401,-0.21753465,0.12726802,1.857042
2022-04-12 20:00:00,377.50412,27.409332,-0.17844747,0.068717636,1.7865466
2022-04-12 21:00:00,321.50742,27.373413,-0.14504176,0.038566068,2.2043726
2022-04-12 22:00:00,160.1127,27.55066,-0.09259663,0.05329121,1.5694369
2022-04-12 23:00:00,46.894238,27.399323,-0.062714726,0.05294103,1.8710666
2022-04-13 00:00:00,1.1680902,27.188873,-0.051888507,0.026294962,2.0948982
2022-04-13 01:00:00,3.4722223e-05,27.100952,-0.0496929,0.1034271,1.7122297
2022-04-13 02:00:00,3.4722223e-05,26.990356,-0.056230914,0.036112033,1.8892703
2022-04-13 03:00:00,3.4722223e-05,26.681274,-0.049720008,0.11499692,1.9934574
2022-04-13 04:00:00,3.4722223e-05,26.643524,-0.040297877,0.17705373,1.4205669
2022-04-13 05:00:00,3.4722223e-05,26.189575,-0.041051432,0.85301137,2.0762117
2022-04-13 06:00:00,3.4722223e-05,26.001862,-0.049958546,0.4719086,2.3412704
2022-04-13 07:00:00,3.4722223e-05,25.838318,-0.07016894,0.068717636,1.969618
2022-04-13 08:00:00,3.4722223e-05,25.827515,-0.07057011,0.04522782,1.9586195
2022-04-13 09:00:00,3.4722223e-05,25.840973,-0.07150799,0.10027178,2.3822076
2022-04-13 10:00:00,3.4722223e-05,25.98993,-0.07024484,0.036112033,2.243707
2022-04-13 11:00:00,3.4722223e-05,26.034363,-0.063782714,0.042071566,2.717695
2022-04-13 12:00:00,30.05677,25.89032,-0.07236454,0.053992495,3.452482
2022-04-13 13:00:00,146.3664,25.89981,-0.108979635,0.13463107,3.7775686
2022-04-13 14:00:00,230.95259,26.76236,-0.13771224,0.2738191,4.122967
2022-04-13 15:00:00,342.0628,27.168427,-0.17089026,0.21737255,3.5468998
2022-04-13 16:00:00,568.571,27.513855,-0.23673129,0.16162731,3.234223
2022-04-13 17:00:00,627.5591,28.387665,-0.2652687,0.1735473,2.624155
2022-04-13 18:00:00,602.61633,28.120544,-0.2530655,0.1858184,2.533796
2022-04-13 19:00:00,334.84067,27.341461,-0.1426781,0.1858184,2.627563
2022-04-13 20:00:00,333.15976,27.239197,-0.13977772,0.12726802,2.583805
2022-04-13 21:00:00,265.55347,27.358826,-0.12003897,0.14795363,2.640775
2022-04-13 22:00:00,143.21826,27.131775,-0.09236894,0.22999384,2.092322
2022-04-13 23:00:00,52.69191,27.035614,-0.07567693,0.06486103,2.124786
2022-04-14 00:00:00,1.6951736,26.898132,-0.052674588,0.026645139,1.6126301
2022-04-14 01:00:00,3.4722223e-05,26.957703,-0.046499785,0.03155414,2.2528913
2022-04-14 02:00:00,3.4722223e-05,26.662292,-0.04841891,0.03681332,2.665267
2022-04-14 03:00:00,3.4722223e-05,26.593872,-0.051666226,0.043825246,2.6855702
2022-04-14 04:00:00,3.4722223e-05,26.450623,-0.057835612,0.10588113,2.5803325
2022-04-14 05:00:00,3.4722223e-05,26.103241,-0.057363957,0.10167435,2.4091532
2022-04-14 06:00:00,3.4722223e-05,25.646942,-0.060399864,0.08694921,2.3338656
2022-04-14 07:00:00,3.4722223e-05,25.4133,-0.06270931,0.25067943,2.4225183
2022-04-14 08:00:00,3.4722223e-05,24.781677,-0.07434872,0.21211338,2.3344634
2022-04-14 09:00:00,3.4722223e-05,25.106384,-0.07354638,0.118853524,2.0461092
2022-04-14 10:00:00,3.4722223e-05,25.850006,-0.06327311,0.268911,1.5477616
2022-04-14 11:00:00,3.4722223e-05,25.885406,-0.06739868,0.49960613,2.1077156
2022-04-14 12:00:00,28.94566,25.879517,-0.08379253,0.12691784,2.3474796
2022-04-14 13:00:00,173.74507,26.003357,-0.122299634,0.010167249,2.3067596
2022-04-14 14:00:00,394.95413,27.015747,-0.19160484,0.07152278,2.1781898
2022-04-14 15:00:00,582.3458,27.202057,-0.23587473,0.15110895,2.203483
2022-04-14 16:00:00,609.56775,27.774109,-0.24041231,0.12446288,2.5352461
2022-04-14 17:00:00,723.47,28.350067,-0.2654964,0.1500575,2.777151
2022-04-14 18:00:00,720.1083,28.056763,-0.26910692,0.21211338,2.9855921
2022-04-14 19:00:00,584.1549,28.144165,-0.25219807,0.76921844,3.1755342
2022-04-14 20:00:00,415.26736,28.259247,-0.20095648,0.2776757,2.5115907
2022-04-14 21:00:00,223.16063,28.262573,-0.12697817,0.057147816,2.4149487
2022-04-14 22:00:00,144.85643,27.59906,-0.09717759,0.25804248,1.9216462
2022-04-14 23:00:00,59.002396,27.610748,-0.07565524,0.47962183,1.8389472
2022-04-15 00:00:00,1.4957292,27.579315,-0.043447625,0.103778206,1.7629789
2022-04-15 01:00:00,3.4722223e-05,27.656433,-0.039349165,0.062406994,1.7798886
2022-04-15 02:00:00,3.4722223e-05,27.044556,-0.03618315,0.12446288,0.78509223
2022-04-15 03:00:00,3.4722223e-05,26.593445,-0.033190634,0.13533142,1.1321266
2022-04-15 04:00:00,3.4722223e-05,26.461853,-0.03913774,0.068717636,1.1364442
2022-04-15 05:00:00,3.4722223e-05,26.072418,-0.042363375,0.050486065,0.8038465
2022-04-15 06:00:00,3.4722223e-05,26.156189,-0.041723672,0.01823157,1.0279256
2022-04-15 07:00:00,3.4722223e-05,26.16858,-0.046640735,0.102024525,1.0817393
2022-04-15 08:00:00,3.4722223e-05,25.135193,-0.049172465,0.33868012,1.0066917
2022-04-15 09:00:00,3.4722223e-05,25.186249,-0.056707986,1.4010006,1.5386117
2022-04-15 10:00:00,3.4722223e-05,25.561737,-0.059353553,1.726008,1.9460132
2022-04-15 11:00:00,3.4722223e-05,25.714294,-0.060936566,0.17740391,1.9720701
2022-04-15 12:00:00,24.301805,25.978699,-0.07278198,0.022788532,2.30912
2022-04-15 13:00:00,131.85083,26.481903,-0.10543414,0.113594346,1.9309773
2022-04-15 14:00:00,193.24634,27.39151,-0.11947517,0.11639949,1.535866
2022-04-15 15:00:00,370.225,28.474518,-0.17554711,0.14865491,1.4001852
2022-04-15 16:00:00,507.3179,28.465729,-0.21027018,0.24226494,1.1233417
2022-04-15 17:00:00,303.92923,27.953735,-0.14662476,0.41581225,1.665925
2022-04-15 18:00:00,311.2226,28.175964,-0.14679283,0.23735687,2.1109188
2022-04-15 19:00:00,490.56592,28.38562,-0.20872514,0.23174658,2.6728442
2022-04-15 20:00:00,415.8229,28.57483,-0.17269011,0.17635244,2.5254545
2022-04-15 21:00:00,253.53076,28.445435,-0.12531926,0.28363615,2.3869286
2022-04-15 22:00:00,183.73074,27.655731,-0.121941835,1.0882643,2.2967286
2022-04-15 23:00:00,63.58927,27.756287,-0.07486374,0.18441585,1.4909552
2022-04-16 00:00:00,1.7663889,27.693481,-0.039479274,0.011919998,0.54709464
2022-04-16 01:00:00,3.4722223e-05,27.792389,-0.034589306,0.04627928,0.89087415
2022-04-16 02:00:00,3.4722223e-05,27.550507,-0.03775532,0.07257424,1.6617348
2022-04-16 03:00:00,3.4722223e-05,26.809265,-0.047329232,0.09957049,1.7048281
2022-04-16 04:00:00,3.4722223e-05,26.617859,-0.049736265,0.24507008,1.8602498
2022-04-16 05:00:00,3.4722223e-05,26.717468,-0.056230914,0.08624792,1.7577406
2022-04-16 06:00:00,3.4722223e-05,26.166382,-0.051812604,0.19633678,1.1843365
2022-04-16 07:00:00,3.4722223e-05,26.325806,-0.04968206,1.4248416,0.682074
2022-04-16 08:00:00,3.4722223e-05,25.941345,-0.047426816,0.46875328,0.71112764
2022-04-16 09:00:00,3.4722223e-05,25.952759,-0.047735825,0.49890485,0.7403066
2022-04-16 10:00:00,3.4722223e-05,25.483124,-0.05559664,0.75624603,2.0433855
2022-04-16 11:00:00,3.4722223e-05,25.18695,-0.051297583,1.548253,1.9157332
2022-04-16 12:00:00,14.24493,25.133453,-0.059082493,0.53641945,2.3187077
2022-04-16 13:00:00,75.98232,25.142242,-0.07969949,0.3972305,1.9583919
2022-04-16 14:00:00,196.89304,25.10614,-0.10961934,0.6293282,1.1283919
2022-04-16 15:00:00,363.54413,25.435516,-0.15774916,0.04487671,1.1207547
2022-04-16 16:00:00,559.4542,25.875916,-0.19754651,0.06591249,2.357999
2022-04-16 17:00:00,682.986,26.483032,-0.22671281,0.088701956,2.9877598
2022-04-16 18:00:00,670.7354,26.542664,-0.23849319,0.12095738,3.9133234
2022-04-16 19:00:00,332.17688,26.755768,-0.23570125,1.6558878,4.6687813
2022-04-16 20:00:00,169.65677,26.861786,-0.18081114,1.8483671,4.00717
2022-04-16 21:00:00,86.29562,26.762604,-0.12383384,3.4912825,2.346145
2022-04-16 22:00:00,67.76302,26.275818,-0.09434227,2.6922636,3.149907
2022-04-16 23:00:00,32.63507,26.393005,-0.06675355,1.5668347,1.109943
2022-04-17 00:00:00,0.7977431,26.20398,-0.053292606,1.3599806,1.3735664
2022-04-17 01:00:00,3.4722223e-05,26.004059,-0.062942415,1.2320112,2.1138246
2022-04-17 02:00:00,3.4722223e-05,25.751099,-0.071990475,0.981682,2.6767285
2022-04-17 03:00:00,3.4722223e-05,25.745575,-0.07664191,1.0174439,2.825009
2022-04-17 04:00:00,3.4722223e-05,25.719147,-0.07537876,1.0433877,2.971108
2022-04-17 05:00:00,3.4722223e-05,25.43991,-0.07575825,0.85686797,2.5265434
2022-04-17 06:00:00,3.4722223e-05,25.329224,-0.07315605,0.5932162,2.1665678
2022-04-17 07:00:00,3.4722223e-05,25.388336,-0.06999004,0.17845538,2.475436
2022-04-17 08:00:00,3.4722223e-05,25.538025,-0.07535707,0.23840833,2.0620575
2022-04-17 09:00:00,3.4722223e-05,25.21286,-0.07353553,0.153563,2.0224037
2022-04-17 10:00:00,3.4722223e-05,24.927399,-0.072841614,0.5532475,2.294261
2022-04-17 11:00:00,3.4722223e-05,24.905426,-0.071415834,0.52134323,2.3391995
2022-04-17 12:00:00,20.19927,25.154175,-0.07852308,0.15075785,2.4547296
2022-04-17 13:00:00,104.01628,25.389313,-0.09132264,0.07327553,2.7820206
2022-04-17 14:00:00,289.15726,26.694977,-0.13704,0.090454705,2.8704116
2022-04-17 15:00:00,521.43463,27.2182,-0.1967496,0.07257424,2.867084
2022-04-17 16:00:00,651.4336,27.954529,-0.22830124,0.052589923,2.406998
2022-04-17 17:00:00,817.7001,28.75946,-0.28796202,0.15847105,2.0038083
2022-04-17 18:00:00,735.5782,28.929596,-0.26301888,0.19212905,1.6619937
2022-04-17 19:00:00,572.7875,28.751892,-0.23498563,0.1858184,1.8835138
2022-04-17 20:00:00,506.63416,28.47699,-0.20618798,0.13743527,1.7694192
2022-04-17 21:00:00,403.97116,28.067749,-0.17149203,0.2022963,1.9140321
2022-04-17 22:00:00,167.37761,26.865112,-0.11363106,2.0636368,1.5447875
2022-04-17 23:00:00,48.29024,26.873993,-0.08686638,1.072838,2.7951484
2022-04-18 00:00:00,1.3817708,27.050964,-0.07618652,0.23420155,2.9008744
2022-04-18 01:00:00,3.4722223e-05,26.93451,-0.07147546,0.13673398,2.2549305
2022-04-18 02:00:00,3.4722223e-05,26.977203,-0.07055927,0.12831949,1.7765751
2022-04-18 03:00:00,3.4722223e-05,26.44104,-0.06837993,0.17459877,1.7266556
2022-04-18 04:00:00,3.4722223e-05,25.840515,-0.06725773,0.49014017,2.1051536
2022-04-18 05:00:00,3.4722223e-05,25.491638,-0.06412425,0.9564385,1.5212756
2022-04-18 06:00:00,3.4722223e-05,25.246765,-0.06731195,0.5890094,1.2193062
2022-04-18 07:00:00,3.4722223e-05,25.349792,-0.060123377,0.3797002,0.7998872
2022-04-18 08:00:00,3.4722223e-05,25.557526,-0.043702427,0.06661378,0.49211144
2022-04-18 09:00:00,3.4722223e-05,25.21521,-0.045507696,0.01823157,1.0877687
2022-04-18 10:00:00,3.4722223e-05,25.277496,-0.050739195,0.025593676,0.9545187
2022-04-18 11:00:00,3.4722223e-05,25.280914,-0.0505115,0.013322569,0.6551179
2022-04-18 12:00:00,35.02823,25.378845,-0.059234284,0.3306167,0.6319549
2022-04-18 13:00:00,143.64558,25.312897,-0.08965831,0.68963134,1.0935038
2022-04-18 14:00:00,261.864,25.58728,-0.12547648,0.8722944,1.2768338
2022-04-18 15:00:00,279.6274,25.748901,-0.1255307,0.5826987,1.252696
2022-04-18 16:00:00,402.93127,25.800476,-0.15243633,0.47646648,1.0104283
2022-04-18 17:00:00,550.309,26.640778,-0.21347956,0.21632016,1.2184714
2022-04-18 18:00:00,735.47845,26.969635,-0.2746366,0.65597427,1.5425979
2022-04-18 19:00:00,454.0562,26.869781,-0.20261538,0.5630646,2.3981555
2022-04-18 20:00:00,422.6462,26.540466,-0.18906769,0.14409703,1.9258187
2022-04-18 21:00:00,334.0572,26.621277,-0.15987428,0.11745095,2.0635478
2022-04-18 22:00:00,194.22923,26.692078,-0.13291442,0.24121347,3.7082157
2022-04-18 23:00:00,49.23038,26.093231,-0.11004762,1.1282331,3.662266
2022-04-19 00:00:00,1.2393403,26.07486,-0.086882636,0.31273627,3.292275
2022-04-19 01:00:00,3.4722223e-05,25.394928,-0.082719125,2.239287,3.5358038
2022-04-19 02:00:00,3.4722223e-05,24.868103,-0.09134432,2.390747,2.8385997
2022-04-19 03:00:00,3.4722223e-05,24.700317,-0.09078051,1.4651604,2.3007922
2022-04-19 04:00:00,3.4722223e-05,24.727905,-0.07045627,0.41300803,2.3647478
2022-04-19 05:00:00,3.4722223e-05,24.72406,-0.06777275,0.5893595,2.2136405
2022-04-19 06:00:00,3.4722223e-05,24.670288,-0.07790506,2.1246412,1.9477541
2022-04-19 07:00:00,3.4722223e-05,24.529663,-0.07334037,0.7429235,1.8289363
2022-04-19 08:00:00,3.4722223e-05,24.927399,-0.08109817,1.0949261,1.962281
2022-04-19 09:00:00,3.4722223e-05,24.703064,-0.077639416,1.3782121,1.9387685
2022-04-19 10:00:00,3.4722223e-05,25.074585,-0.071632676,1.205015,1.5111039
2022-04-19 11:00:00,3.4722223e-05,25.208466,-0.06564221,1.2558522,2.3023112
2022-04-19 12:00:00,19.358854,25.54654,-0.07075986,1.3347371,2.9816267
2022-04-19 13:00:00,86.324135,25.768494,-0.093138754,1.1128066,3.6441216
2022-04-19 14:00:00,129.97049,26.03357,-0.113257,0.5879579,3.872706
2022-04-19 15:00:00,297.0347,27.120972,-0.16347942,0.41686463,4.4371037
2022-04-19 16:00:00,434.38403,27.253082,-0.21690579,0.44070557,5.2441287
2022-04-19 17:00:00,420.78015,27.532654,-0.21808761,0.39197132,5.4975147
2022-04-19 18:00:00,425.0821,27.683746,-0.21879238,0.2394598,4.5172606
2022-04-19 19:00:00,277.3625,27.562439,-0.20587355,0.20089373,3.3941326
2022-04-19 20:00:00,390.08237,26.823914,-0.22149216,0.17740391,2.8845305
2022-04-19 21:00:00,193.47426,26.56903,-0.16412455,0.18511713,2.8872266
2022-04-19 22:00:00,103.63167,26.291656,-0.12664206,0.44245833,2.7306817
2022-04-19 23:00:00,28.162188,26.020416,-0.093913995,1.0100808,3.0102713
2022-04-20 00:00:00,0.6695139,25.928894,-0.077026814,1.0784483,2.4147685
2022-04-20 01:00:00,3.4722223e-05,25.473541,-0.072624765,1.4034547,1.8627988
2022-04-20 02:00:00,3.4722223e-05,24.758728,-0.068569675,2.8079617,1.4155625
2022-04-20 03:00:00,3.4722223e-05,25.150848,-0.06951297,3.340875,1.887357
2022-04-20 04:00:00,3.4722223e-05,25.220856,-0.07862609,4.778689,2.221206
2022-04-20 05:00:00,3.4722223e-05,25.477234,-0.07808938,6.12745,2.0015943
2022-04-20 06:00:00,3.4722223e-05,25.314636,-0.08063194,6.644586,1.4874423
2022-04-20 07:00:00,3.4722223e-05,25.407837,-0.06847751,2.575864,1.7311555
2022-04-20 08:00:00,3.4722223e-05,25.277496,-0.07632747,1.3445542,1.9013889
2022-04-20 09:00:00,3.4722223e-05,25.286804,-0.07857187,1.0062242,1.6938303
2022-04-20 10:00:00,3.4722223e-05,25.16156,-0.08214989,0.5539488,1.9997636
2022-04-20 11:00:00,3.4722223e-05,25.494812,-0.08540806,0.17565116,2.6983976
2022-04-20 12:00:00,23.788994,25.526062,-0.0953181,0.07152278,3.4529793
2022-04-20 13:00:00,177.96156,25.60608,-0.14969319,0.01998432,3.625208
2022-04-20 14:00:00,457.97357,26.607056,-0.22767779,0.0028051436,3.362994
2022-04-20 15:00:00,651.2342,27.636658,-0.2736825,0.0,3.1030793
2022-04-20 16:00:00,827.4863,28.117554,-0.3316898,0.023840927,2.1399636
2022-04-20 17:00:00,807.65735,28.240173,-0.32917976,0.016127713,1.6592537
2022-04-20 18:00:00,900.7763,27.852203,-0.3681043,0.047681853,2.7169032
2022-04-20 19:00:00,671.4334,27.689362,-0.31252027,0.0003501773,3.12309
2022-04-20 20:00:00,660.8779,27.304382,-0.3184728,0.31273627,3.3495848
2022-04-20 21:00:00,470.09598,26.972809,-0.2570989,0.01998432,3.0186493
2022-04-20 22:00:00,306.50757,26.861969,-0.18747385,0.0010514632,3.1238053
2022-04-20 23:00:00,108.85955,26.881714,-0.120087765,0.0010514632,2.165792
2022-04-21 00:00:00,1.9088194,26.695496,-0.06917685,0.008063391,1.4837673
2022-04-21 01:00:00,3.4722223e-05,26.504303,-0.053346813,0.0,1.0761011
2022-04-21 02:00:00,3.4722223e-05,26.731598,-0.042666957,0.0,0.88621926
2022-04-21 03:00:00,3.4722223e-05,26.891296,-0.03680118,0.0,0.9783478
2022-04-21 04:00:00,3.4722223e-05,26.82367,-0.039907552,0.0,1.427062
2022-04-21 05:00:00,3.4722223e-05,26.500854,-0.044336703,0.018931925,1.5734706
2022-04-21 06:00:00,3.4722223e-05,26.039215,-0.047134075,0.112191774,1.4932467
2022-04-21 07:00:00,3.4722223e-05,25.640778,-0.06275267,0.18020906,1.3388833
2022-04-21 08:00:00,3.4722223e-05,25.133453,-0.061440732,0.34604314,1.2372845
2022-04-21 09:00:00,3.4722223e-05,24.867126,-0.059993267,0.07327553,1.2086129
2022-04-21 10:00:00,3.4722223e-05,25.260895,-0.061250992,0.014725141,0.56299025
2022-04-21 11:00:00,3.4722223e-05,25.296295,-0.06425979,0.050486065,1.3565297
2022-04-21 12:00:00,51.694756,25.824371,-0.078935094,0.19843969,1.7044004
2022-04-21 13:00:00,229.61357,25.84851,-0.13519135,0.22613722,1.8286468
2022-04-21 14:00:00,467.67435,26.737762,-0.1912362,0.27907825,1.561416
2022-04-21 15:00:00,648.31396,27.016022,-0.23131545,0.35375637,1.1080875
2022-04-21 16:00:00,769.4953,27.261871,-0.28543577,0.31764433,1.1482282
2022-04-21 17:00:00,660.3081,27.30606,-0.26402724,0.35270396,1.886794
2022-04-21 18:00:00,780.3214,27.257996,-0.3250976,0.054342672,2.5539653
2022-04-21 19:00:00,845.5489,27.666443,-0.3327957,0.052589923,3.4099128
2022-04-21 20:00:00,706.36194,28.038239,-0.29362726,0.036112033,3.351029
2022-04-21 21:00:00,484.44058,28.076813,-0.22446841,0.08589681,2.736984
2022-04-21 22:00:00,311.89212,27.271454,-0.17525977,0.4638452,1.9858549
2022-04-21 23:00:00,101.4807,27.188873,-0.11990887,1.0644244,2.022053
2022-04-22 00:00:00,2.1367362,27.237701,-0.07196338,0.032255426,1.8214365
2022-04-22 01:00:00,3.4722223e-05,27.016022,-0.061635904,0.38776454,1.9531784
2022-04-22 02:00:00,3.4722223e-05,26.547058,-0.045540217,0.4263306,1.3349218
2022-04-22 03:00:00,3.4722223e-05,26.438416,-0.042607322,0.01823157,0.38791782
2022-04-22 04:00:00,3.4722223e-05,26.190643,-0.045952242,0.0017527491,0.08631088
2022-04-22 05:00:00,3.4722223e-05,25.906647,-0.046787113,0.0010514632,0.45646143
2022-04-22 06:00:00,3.4722223e-05,25.612946,-0.04707444,0.0052591786,0.9063099
2022-04-22 07:00:00,3.4722223e-05,25.586578,-0.049958546,0.46244264,0.94519466
2022-04-22 08:00:00,3.4722223e-05,25.327576,-0.06300748,0.9147171,0.9454717
2022-04-22 09:00:00,3.4722223e-05,24.616089,-0.06822814,0.5339645,0.9428614
2022-04-22 10:00:00,3.4722223e-05,24.698914,-0.067241475,0.14690123,1.2203609
2022-04-22 11:00:00,3.4722223e-05,24.807312,-0.06519766,0.113594346,1.048076
2022-04-22 12:00:00,37.392883,24.681793,-0.06760469,0.097116455,1.3554926
2022-04-22 13:00:00,152.76233,25.196259,-0.10034359,0.057147816,1.871162
2022-04-22 14:00:00,339.71243,25.845886,-0.14646211,0.11254288,2.0761487
2022-04-22 15:00:00,479.25546,26.040161,-0.18456805,0.18020906,1.9950314
2022-04-22 16:00:00,600.8499,26.45282,-0.20671926,0.31554046,1.4348071
2022-04-22 17:00:00,728.0711,26.677673,-0.25541288,1.5973375,0.9825756
2022-04-22 18:00:00,779.23883,27.368073,-0.28865054,0.268911,1.0336832
2022-04-22 19:00:00,716.5328,27.242645,-0.26014563,0.052589923,1.9414059
2022-04-22 20:00:00,479.09875,27.544342,-0.21759428,0.09641517,2.3965032
2022-04-22 21:00:00,487.77393,27.380005,-0.21344703,0.0038566068,2.4121077
2022-04-22 22:00:00,288.2456,27.04535,-0.16424923,0.0,2.5952926
2022-04-22 23:00:00,109.03049,26.984314,-0.11003678,0.0,2.3967118
2022-04-23 00:00:00,2.079757,26.66153,-0.06711678,0.0,2.0207756
2022-04-23 01:00:00,3.4722223e-05,26.545319,-0.05981978,0.0014025718,2.0087197
2022-04-23 02:00:00,3.4722223e-05,26.339783,-0.053986527,0.005609356,2.128161
2022-04-23 03:00:00,3.4722223e-05,26.178864,-0.055466518,0.017530285,1.9423378
2022-04-23 04:00:00,3.4722223e-05,26.162537,-0.05527136,0.042422675,1.7299197
2022-04-23 05:00:00,3.4722223e-05,25.885925,-0.057537444,0.030501746,1.6617873
2022-04-23 06:00:00,3.4722223e-05,25.827515,-0.057515763,0.026645139,1.5395639
2022-04-23 07:00:00,3.4722223e-05,25.633942,-0.066737294,0.20264742,1.4367502
2022-04-23 08:00:00,3.4722223e-05,25.282684,-0.06946418,0.21421723,1.4137515
2022-04-23 09:00:00,3.4722223e-05,24.904999,-0.0744734,0.31168386,1.3714263
2022-04-23 10:00:00,3.4722223e-05,24.52652,-0.0785285,0.21632016,1.5421451
2022-04-23 11:00:00,3.4722223e-05,24.78897,-0.08276792,0.041020103,1.725792
2022-04-23 12:00:00,48.2475,24.975769,-0.09949245,0.029100105,2.0655818
2022-04-23 13:00:00,246.1804,25.678375,-0.15777627,0.023840927,2.2033262
2022-04-23 14:00:00,484.64005,26.988953,-0.22341128,0.031904317,1.8035059
2022-04-23 15:00:00,691.78937,27.578522,-0.26649934,0.09816792,1.2662398
2022-04-23 16:00:00,824.3239,27.469849,-0.3102488,0.13743527,1.1307287
2022-04-23 17:00:00,816.90234,27.817505,-0.31994736,0.09816792,1.8084389
2022-04-23 18:00:00,750.27893,27.494812,-0.3098639,0.122008845,2.3011377
2022-04-23 19:00:00,712.27356,27.69989,-0.30115736,0.05819928,2.9382186
2022-04-23 20:00:00,659.06885,28.021393,-0.2907323,0.030501746,3.3410726
2022-04-23 21:00:00,460.6801,27.954529,-0.22395882,0.0,3.524651
2022-04-23 22:00:00,311.64996,27.68454,-0.17410505,0.0,3.0393167
2022-04-23 23:00:00,109.21566,27.490692,-0.12329714,0.0,2.928152
2022-04-24 00:00:00,2.3219445,27.2724,-0.072744034,0.0,2.2942665
2022-04-24 01:00:00,3.4722223e-05,26.960602,-0.059082493,0.018581748,1.6480553
2022-04-24 02:00:00,3.4722223e-05,26.503845,-0.054712974,0.0035054982,1.6913148
2022-04-24 03:00:00,3.4722223e-05,26.257996,-0.052972756,0.023840927,1.7242452
2022-04-24 04:00:00,3.4722223e-05,26.778687,-0.049378462,0.031904317,1.5680875
2022-04-24 05:00:00,3.4722223e-05,26.600983,-0.048017725,0.008414499,1.332048
2022-04-24 06:00:00,3.4722223e-05,26.45105,-0.05077715,0.03470946,1.072963
2022-04-24 07:00:00,3.4722223e-05,26.305359,-0.054219637,0.11920463,1.2393951
2022-04-24 08:00:00,3.4722223e-05,26.219452,-0.05983605,0.03996864,1.2471889
2022-04-24 09:00:00,3.4722223e-05,26.241852,-0.054848496,0.0077132136,0.99480057
2022-04-24 10:00:00,3.4722223e-05,26.01242,-0.050224174,0.11254288,1.3860132
2022-04-24 11:00:00,3.4722223e-05,26.055634,-0.054230478,0.09641517,1.3480488
2022-04-24 12:00:00,41.068054,25.90445,-0.06560966,0.24016109,1.2177529
2022-04-24 13:00:00,153.34639,25.858795,-0.09773597,0.16338006,1.0450003
2022-04-24 14:00:00,327.1484,25.963562,-0.1410192,0.12165867,1.3705133
2022-04-24 15:00:00,445.85117,26.750153,-0.16139765,0.08835178,1.7811823
2022-04-24 16:00:00,562.84454,26.81311,-0.18767443,0.10097306,1.6521024
2022-04-24 17:00:00,430.38123,27.002838,-0.14256425,0.07327553,1.708686
2022-04-24 18:00:00,473.65723,27.422241,-0.1579606,0.020334497,2.2089925
2022-04-24 19:00:00,428.64334,27.812164,-0.19287883,0.07117167,2.620924
2022-04-24 20:00:00,421.77728,27.741364,-0.19556776,0.03996864,2.4494207
2022-04-24 21:00:00,300.6814,27.382477,-0.1673285,0.051888637,2.203153
2022-04-24 22:00:00,233.80157,27.301208,-0.14899385,0.039267354,3.1387193
2022-04-24 23:00:00,101.16729,27.309204,-0.10699546,0.026645139,2.7501268
2022-04-25 00:00:00,1.7663889,27.010132,-0.07066769,0.09010453,2.2224746
2022-04-25 01:00:00,3.4722223e-05,26.415222,-0.06414052,1.2831986,1.9258959
2022-04-25 02:00:00,3.4722223e-05,26.278198,-0.060155902,0.7401183,1.617159
2022-04-25 03:00:00,3.4722223e-05,26.095154,-0.05806872,0.10973774,1.2501707
2022-04-25 04:00:00,3.4722223e-05,25.849731,-0.060242645,0.09431131,1.096397
2022-04-25 05:00:00,3.4722223e-05,25.528717,-0.054696705,0.0038566068,1.2204574
2022-04-25 06:00:00,3.4722223e-05,25.501648,-0.05595444,0.0010514632,0.8770168
2022-04-25 07:00:00,3.4722223e-05,25.267761,-0.059662562,2.20598,0.9284667
2022-04-25 08:00:00,3.4722223e-05,25.081451,-0.07254344,2.6849005,1.5082221
2022-04-25 09:00:00,3.4722223e-05,24.771912,-0.07843634,2.6060157,1.8404868
2022-04-25 10:00:00,3.4722223e-05,25.236206,-0.08371663,2.0338352,1.7391614
2022-04-25 11:00:00,3.4722223e-05,25.387115,-0.08737597,1.5296712,2.0785892
2022-04-25 12:00:00,19.84316,25.767517,-0.09794198,1.2344652,2.4047117
2022-04-25 13:00:00,98.54625,25.692352,-0.114845425,1.0146387,2.6484659
2022-04-25 14:00:00,145.24104,26.103668,-0.11333832,0.7565962,2.3728175
2022-04-25 15:00:00,305.36795,26.530212,-0.15189421,0.37479216,2.0722816
2022-04-25 16:00:00,357.5043,26.365173,-0.15858404,0.17775409,1.8725702
2022-04-25 17:00:00,604.29724,27.113678,-0.23665538,0.07958617,1.3221047
2022-04-25 18:00:00,670.80664,27.198181,-0.2559984,0.04137121,0.9035616
2022-04-25 19:00:00,744.1251,27.309479,-0.26510066,0.0017527491,1.209807
2022-04-25 20:00:00,727.4159,27.605927,-0.29340497,0.07432699,1.9311596
2022-04-25 21:00:00,509.22675,27.7677,-0.2525288,0.050486065,2.6307616
2022-04-25 22:00:00,282.87527,27.436493,-0.1854951,0.015426427,3.2002623
2022-04-25 23:00:00,97.96219,27.24826,-0.12343268,0.0010514632,2.752648
2022-04-26 00:00:00,1.8661112,27.019714,-0.08362989,0.0,2.4777489
2022-04-26 01:00:00,3.4722223e-05,27.044128,-0.07733583,0.0,2.2680106
2022-04-26 02:00:00,3.4722223e-05,26.710358,-0.07393671,0.043474138,2.3056984
2022-04-26 03:00:00,3.4722223e-05,26.24527,-0.07004426,0.16934052,2.1441348
2022-04-26 04:00:00,3.4722223e-05,26.277771,-0.06883532,0.043825246,1.98591
2022-04-26 05:00:00,3.4722223e-05,26.38562,-0.06501333,0.03961753,1.7929969
2022-04-26 06:00:00,3.4722223e-05,26.160583,-0.05726637,0.10693353,1.4658599
2022-04-26 07:00:00,3.4722223e-05,25.902283,-0.062031657,0.8049793,1.3396267
2022-04-26 08:00:00,3.4722223e-05,25.48944,-0.06032396,0.41756594,1.3896364
2022-04-26 09:00:00,3.4722223e-05,25.570679,-0.057841025,0.1658341,1.075949
2022-04-26 10:00:00,3.4722223e-05,25.338287,-0.061803963,0.15671831,2.2955587
2022-04-26 11:00:00,3.4722223e-05,25.011627,-0.06671018,0.3853105,2.048173
2022-04-26 12:00:00,58.859932,25.424957,-0.08264323,0.645807,1.659481
2022-04-26 13:00:00,184.07262,25.338806,-0.13113084,0.18020906,1.4209515
2022-04-26 14:00:00,357.43304,26.077332,-0.1750375,0.18897372,1.5496545
2022-04-26 15:00:00,488.65707,26.239197,-0.21010754,0.19072649,1.535364
2022-04-26 16:00:00,653.9407,26.517303,-0.2750649,0.2194764,2.0216014
2022-04-26 17:00:00,626.505,26.662292,-0.2824866,0.6875284,2.9229243
2022-04-26 18:00:00,684.4106,26.76947,-0.28767473,0.1325272,2.643564
2022-04-26 19:00:00,280.42514,27.098572,-0.18157552,1.872208,2.079651
2022-04-26 20:00:00,313.63,28.13153,-0.16532263,0.30432177,1.3514285
2022-04-26 21:00:00,214.08664,27.9086,-0.12312367,0.19177887,1.3933724
2022-04-26 22:00:00,155.62555,27.051666,-0.10592205,0.14795363,0.504043
2022-04-26 23:00:00,54.173367,27.16156,-0.061912388,0.11149142,0.22606868
2022-04-27 00:00:00,1.7663889,26.586578,-0.037863735,0.03996864,0.44446135
2022-04-27 01:00:00,3.4722223e-05,26.857117,-0.043583162,0.041020103,0.7387325
2022-04-27 02:00:00,3.4722223e-05,26.276001,-0.051097,0.09431131,0.39628905
2022-04-27 03:00:00,3.4722223e-05,26.275574,-0.0602589,0.031904317,0.2186174
2022-04-27 04:00:00,3.4722223e-05,26.261414,-0.060540814,0.0014025718,0.1819797
2022-04-27 05:00:00,3.4722223e-05,26.18695,-0.049313415,0.0,1.208379
2022-04-27 06:00:00,3.4722223e-05,26.235504,-0.03887751,0.0,1.6028689
2022-04-27 07:00:00,3.4722223e-05,25.980347,-0.063332744,0.43684897,1.8156395
2022-04-27 08:00:00,3.4722223e-05,25.549957,-0.07327532,0.07257424,1.9249
2022-04-27 09:00:00,3.4722223e-05,26.152496,-0.07486916,0.41055307,2.0851383
2022-04-27 10:00:00,3.4722223e-05,25.202301,-0.071600154,1.6492261,1.6283357
2022-04-27 11:00:00,3.4722223e-05,25.116577,-0.06353334,1.7323186,1.8451625
2022-04-27 12:00:00,44.515347,25.33731,-0.06593495,0.3151903,2.3365517
2022-04-27 13:00:00,169.97017,25.637878,-0.091273844,0.037514605,2.260086
2022-04-27 14:00:00,404.7831,26.262817,-0.15622579,0.29660854,1.7825509
2022-04-27 15:00:00,543.1866,26.724304,-0.20361288,0.20510145,2.206335
2022-04-27 16:00:00,488.81378,26.654236,-0.17887574,0.04522782,3.109135
2022-04-27 17:00:00,747.7006,27.739166,-0.2617449,0.10062195,3.318297
2022-04-27 18:00:00,834.4948,27.918884,-0.31475925,0.24857558,3.04871
2022-04-27 19:00:00,657.23126,27.87497,-0.2629918,0.16302896,3.1941328
2022-04-27 20:00:00,487.34656,27.796509,-0.21352293,0.07152278,3.020885
2022-04-27 21:00:00,418.47247,27.932312,-0.20255575,0.5809451,3.453437
2022-04-27 22:00:00,276.0947,26.505066,-0.18254593,1.1194683,3.2018888
2022-04-27 23:00:00,82.09337,26.49411,-0.109711505,0.78289115,3.2687924
2022-04-28 00:00:00,1.2963195,26.23111,-0.075807035,1.43536,2.37247
2022-04-28 01:00:00,3.4722223e-05,26.262115,-0.07728161,2.3970575,1.6496557
2022-04-28 02:00:00,3.4722223e-05,26.210144,-0.06563678,1.0528545,1.1202742
2022-04-28 03:00:00,3.4722223e-05,26.117126,-0.043908425,0.10027178,0.64806706
2022-04-28 04:00:00,3.4722223e-05,25.669342,-0.038042635,0.27662423,1.3273276
2022-04-28 05:00:00,3.4722223e-05,25.259674,-0.051698763,0.14970638,1.2235694
2022-04-28 06:00:00,3.4722223e-05,25.672302,-0.047003966,0.09957049,0.4689508
2022-04-28 07:00:00,3.4722223e-05,25.961395,-0.047421403,0.026645139,0.316178
2022-04-28 08:00:00,3.4722223e-05,25.672485,-0.04384879,0.016127713,0.7198301
2022-04-28 09:00:00,3.4722223e-05,25.524567,-0.045534804,0.015426427,1.1071484
2022-04-28 10:00:00,3.4722223e-05,25.616364,-0.055515308,0.04662946,1.4215916
2022-04-28 11:00:00,3.4722223e-05,25.686188,-0.06629818,0.05995296,1.9077322
2022-04-28 12:00:00,46.637814,25.443512,-0.07496674,0.7324051,2.3343499
2022-04-28 13:00:00,107.60601,25.310974,-0.09180513,0.33868012,2.3964014
2022-04-28 14:00:00,202.83316,25.652039,-0.12096059,0.794461,2.6004922
2022-04-28 15:00:00,267.8754,25.550232,-0.14593627,1.8750131,2.9753609
2022-04-28 16:00:00,424.6975,25.582733,-0.20176426,0.7068114,3.268653
2022-04-28 17:00:00,481.91928,25.953552,-0.19851692,0.14865491,3.3748124
2022-04-28 18:00:00,487.50327,26.302887,-0.17211546,0.08098874,3.0743995
2022-04-28 19:00:00,481.5489,26.596344,-0.21884118,0.39197132,3.2480283
2022-04-28 20:00:00,394.6265,27.04895,-0.19837055,0.31098258,3.0275288
2022-04-28 21:00:00,260.8954,27.199585,-0.15852982,0.12831949,2.4626105
2022-04-28 22:00:00,151.39482,26.404419,-0.11842344,0.10062195,2.3518634
2022-04-28 23:00:00,52.47823,26.504822,-0.08255106,0.032255426,1.8830249
2022-04-29 00:00:00,1.4245139,26.48523,-0.056529082,0.015426427,0.7578431
2022-04-29 01:00:00,3.4722223e-05,26.183258,-0.043030187,0.027346425,0.018459875
2022-04-29 02:00:00,3.4722223e-05,26.142487,-0.043095235,0.0063106418,0.35159674
2022-04-29 03:00:00,3.4722223e-05,25.77771,-0.04511737,0.0017527491,0.8424908
2022-04-29 04:00:00,3.4722223e-05,26.309479,-0.045106526,0.01823157,1.191106
2022-04-29 05:00:00,3.4722223e-05,26.143463,-0.03590125,0.0017527491,1.1706053
2022-04-29 06:00:00,3.4722223e-05,26.09076,-0.03492,0.005609356,0.9357032
2022-04-29 07:00:00,3.4722223e-05,26.077576,-0.043041028,0.2983613,0.20338425
2022-04-29 08:00:00,3.4722223e-05,26.095581,-0.04464571,0.021386892,0.78113943
2022-04-29 09:00:00,3.4722223e-05,25.786774,-0.048554428,0.25558752,0.8551289
2022-04-29 10:00:00,3.4722223e-05,25.39029,-0.04280792,0.20545162,0.9689279
2022-04-29 11:00:00,3.4722223e-05,25.881714,-0.04845143,0.06661378,1.1413834
2022-04-29 12:00:00,24.515486,25.349792,-0.065766886,0.1156982,1.0483896
2022-04-29 13:00:00,130.32663,25.318085,-0.09561084,0.09431131,0.8054034
2022-04-29 14:00:00,311.7354,26.56903,-0.13740323,0.03330689,1.0563959
2022-04-29 15:00:00,521.05,26.858093,-0.20281056,0.070470385,1.4278347
2022-04-29 16:00:00,704.5813,27.143188,-0.2536293,0.10062195,1.6805989
2022-04-29 17:00:00,797.1162,27.967438,-0.2952536,0.034358352,2.0724878
2022-04-29 18:00:00,789.50946,28.015045,-0.2985606,0.039267354,3.019501
2022-04-29 19:00:00,755.8915,27.967438,-0.33823326,0.5027615,3.532854
2022-04-29 20:00:00,566.7619,28.3078,-0.28543577,0.2366556,3.9338567
2022-04-29 21:00:00,427.64618,28.86856,-0.2279326,0.10973774,3.9135013
2022-04-29 22:00:00,225.31161,28.438416,-0.15971164,0.077132136,3.338166
2022-04-29 23:00:00,86.29562,28.166931,-0.11646096,1.073189,3.0846329
2022-04-30 00:00:00,1.6381944,27.43692,-0.07451678,0.79691595,3.06017
2022-04-30 01:00:00,3.4722223e-05,27.559021,-0.07387165,0.1034271,2.62847
2022-04-30 02:00:00,3.4722223e-05,27.257996,-0.06776191,0.33342093,1.9215524
2022-04-30 03:00:00,3.4722223e-05,27.135223,-0.05065245,0.018931925,1.1992022
2022-04-30 04:00:00,3.4722223e-05,27.200836,-0.046277504,0.05013589,1.1652786
2022-04-30 05:00:00,3.4722223e-05,26.707458,-0.04335004,0.36322233,0.77595943
2022-04-30 06:00:00,3.4722223e-05,26.55487,-0.04389217,0.48733503,0.41612297
2022-04-30 07:00:00,3.4722223e-05,26.180359,-0.038210694,0.020334497,0.7321653
2022-04-30 08:00:00,3.4722223e-05,25.359283,-0.04414696,0.10903645,1.1163775
2022-04-30 09:00:00,3.4722223e-05,24.962769,-0.049860958,0.54413265,1.4309916
2022-04-30 10:00:00,3.4722223e-05,26.693481,-0.054761767,0.53080916,1.8932558
2022-04-30 11:00:00,3.4722223e-05,26.766998,-0.051509023,0.41195565,0.7745804
2022-04-30 12:00:00,41.38146,26.714478,-0.06352791,0.46910346,0.73779756
2022-04-30 13:00:00,149.7709,26.514557,-0.08789099,0.02489239,0.82740486
2022-04-30 14:00:00,254.41394,27.127838,-0.104761906,0.035410747,1.0162511
2022-04-30 15:00:00,386.52115,27.309998,-0.14613685,0.034008175,1.7192246
2022-04-30 16:00:00,609.4396,27.405487,-0.21854301,0.10062195,2.2968965
2022-04-30 17:00:00,677.38776,27.600739,-0.26239005,0.16443151,2.6870084
2022-04-30 18:00:00,626.9893,27.035065,-0.29811603,2.6775384,2.0469222
2022-04-30 19:00:00,453.07333,26.692535,-0.18244834,0.9522317,2.1279507
2022-04-30 20:00:00,326.46466,27.171051,-0.14715604,1.113859,1.6318442
2022-04-30 21:00:00,150.12701,27.355408,-0.09295985,0.30081534,1.2260323
2022-04-30 22:00:00,104.942184,27.187653,-0.075449236,0.40038583,1.4225982
2022-04-30 23:00:00,29.08809,27.299469,-0.05478345,0.3975816,1.494689
2022-05-01 00:00:00,0.6695139,27.34732,-0.038893778,0.48172566,1.3971173
2022-05-01 01:00:00,3.4722223e-05,27.022339,-0.03385202,0.5711289,1.2431142
2022-05-01 02:00:00,3.4722223e-05,26.249664,-0.036763232,0.89753795,1.0384446
2022-05-01 03:00:00,3.4722223e-05,25.775085,-0.044184912,1.1268305,0.2046917
2022-05-01 04:00:00,3.4722223e-05,26.007507,-0.04735634,0.12306124,0.87453157
2022-05-01 05:00:00,3.4722223e-05,26.301208,-0.05080967,0.07502828,1.3211601
2022-05-01 06:00:00,3.4722223e-05,26.387115,-0.04873333,0.062055886,0.9586745
2022-05-01 07:00:00,3.4722223e-05,26.461334,-0.062714726,0.059251674,1.2143359
2022-05-01 08:00:00,3.4722223e-05,26.099548,-0.07855561,0.24401769,1.4708005
2022-05-01 09:00:00,3.4722223e-05,25.916412,-0.076354586,0.14199317,1.5340247
2022-05-01 10:00:00,3.4722223e-05,25.729156,-0.07456557,0.13077445,1.5755659
2022-05-01 11:00:00,3.4722223e-05,25.847382,-0.06785407,0.054342672,1.1144938
2022-05-01 12:00:00,55.469654,25.954529,-0.07342169,0.29555616,1.3088741
2022-05-01 13:00:00,232.41983,26.127136,-0.13932776,0.14795363,1.2774631
2022-05-01 14:00:00,375.35315,27.213562,-0.19206022,0.2029976,1.713601
2022-05-01 15:00:00,516.52014,27.715546,-0.24025509,0.34989977,1.7167335
2022-05-01 16:00:00,308.71548,27.10492,-0.16905788,0.72188675,1.5578709
2022-05-01 17:00:00,712.0741,28.155945,-0.28512132,0.42072123,1.2796834
2022-05-01 18:00:00,526.691,28.13321,-0.2094082,0.16302896,0.9432904
2022-05-01 19:00:00,530.4374,28.105621,-0.2099178,0.45683235,1.497877
2022-05-01 20:00:00,399.42706,28.4169,-0.19383839,0.6254716,1.7947376
2022-05-01 21:00:00,278.90094,28.731873,-0.14712894,0.46875328,1.836237
2022-05-01 22:00:00,160.48306,27.156647,-0.102528356,0.6882297,1.1677743
2022-05-01 23:00:00,25.541111,27.21109,-0.05635561,0.6689466,1.7094736
2022-05-02 00:00:00,0.5982986,27.09613,-0.046575673,0.49574953,1.7669724
2022-05-02 01:00:00,3.4722223e-05,26.967194,-0.04195135,0.45332685,1.270251
2022-05-02 02:00:00,3.4722223e-05,26.754364,-0.032659344,0.29415357,0.6998399
2022-05-02 03:00:00,3.4722223e-05,26.356812,-0.036822863,0.26645696,0.2560499
2022-05-02 04:00:00,3.4722223e-05,26.168396,-0.048684552,0.50416404,0.48235202
2022-05-02 05:00:00,3.4722223e-05,26.188599,-0.05037055,0.31273627,0.4336394
2022-05-02 06:00:00,3.4722223e-05,25.95523,-0.054506965,0.16793795,0.90209377
2022-05-02 07:00:00,3.4722223e-05,26.140564,-0.037912525,0.029450282,1.2942439
2022-05-02 08:00:00,3.4722223e-05,26.050018,-0.04980674,0.6664917,1.3520149
2022-05-02 09:00:00,3.4722223e-05,25.608093,-0.04929173,1.9146307,1.156598
2022-05-02 10:00:00,3.4722223e-05,25.533875,-0.040487617,0.33622608,0.4259062
2022-05-02 11:00:00,3.4722223e-05,25.53238,-0.051937297,0.021035783,1.0682336
2022-05-02 12:00:00,46.238956,25.617584,-0.060589604,0.011919998,1.3657517
2022-05-02 13:00:00,203.1608,26.174744,-0.105894946,0.083793886,1.4100591
2022-05-02 14:00:00,403.7575,27.338287,-0.162612,0.43965316,1.0095983
2022-05-02 15:00:00,426.37842,27.14856,-0.16984937,0.07643085,0.63050836
2022-05-02 16:00:00,579.26886,27.334412,-0.20533143,0.08975342,0.9894385
2022-05-02 17:00:00,748.3844,28.108337,-0.2708038,0.11254288,1.454683
2022-05-02 18:00:00,794.35266,28.374481,-0.3069527,0.17494988,2.5394561
2022-05-02 19:00:00,533.2294,28.241394,-0.21198872,0.1325272,3.0077782
2022-05-02 20:00:00,381.05112,28.50824,-0.16050857,0.1276182,3.2656806
2022-05-02 21:00:00,277.3625,28.761932,-0.13751164,0.018931925,3.3260953
2022-05-02 22:00:00,172.26361,28.083221,-0.114682786,0.052589923,2.0279393
2022-05-02 23:00:00,53.632084,28.049225,-0.085879706,0.01998432,2.120054
2022-05-03 00:00:00,1.481493,27.759186,-0.06927443,0.014374964,2.0462146
2022-05-03 01:00:00,3.4722223e-05,27.630066,-0.057011582,0.026645139,2.1088803
2022-05-03 02:00:00,3.4722223e-05,27.24115,-0.049785055,0.07502828,1.9195057
2022-05-03 03:00:00,3.4722223e-05,26.853699,-0.048565287,0.10062195,1.957197
2022-05-03 04:00:00,3.4722223e-05,26.7482,-0.04891223,0.10307692,1.9503412
2022-05-03 05:00:00,3.4722223e-05,26.475037,-0.05104279,0.07783342,1.9389421
2022-05-03 06:00:00,3.4722223e-05,26.61267,-0.046255823,0.042772852,1.7334138
2022-05-03 07:00:00,3.4722223e-05,26.783875,-0.055640005,0.1651328,1.4593383
2022-05-03 08:00:00,3.4722223e-05,26.190643,-0.050956048,0.13533142,1.4327261
2022-05-03 09:00:00,3.4722223e-05,26.334412,-0.04597935,0.02489239,1.0785706
2022-05-03 10:00:00,3.4722223e-05,26.721344,-0.04011356,0.012271106,0.5511307
2022-05-03 11:00:00,3.4722223e-05,26.694275,-0.03610726,0.014374964,0.22811794
2022-05-03 12:00:00,51.85146,26.654938,-0.047090694,0.03996864,0.17166618
2022-05-03 13:00:00,231.15204,26.906921,-0.09879311,0.12481399,0.356631
2022-05-03 14:00:00,449.68304,27.466705,-0.16963795,0.10763481,0.8873841
2022-05-03 15:00:00,520.50867,27.98352,-0.20199193,0.19177887,1.3859669
2022-05-03 16:00:00,632.71576,28.173248,-0.240949,0.16688555,1.7692817
2022-05-03 17:00:00,671.24817,28.874695,-0.267074,0.16267878,2.5373435
2022-05-03 18:00:00,663.98334,28.962372,-0.27362287,0.09641517,3.1405532
2022-05-03 19:00:00,688.05725,29.093658,-0.2614901,0.11815224,3.2759101
2022-05-03 20:00:00,545.1239,28.711853,-0.2277537,0.2029976,2.816192
2022-05-03 21:00:00,457.80264,28.733551,-0.19935179,0.063809566,2.4572558
2022-05-03 22:00:00,273.47363,29.06073,-0.14383824,0.04487671,2.6957226
2022-05-03 23:00:00,94.62889,29.047546,-0.09429348,0.04627928,2.425176
2022-05-04 00:00:00,1.5954514,28.740143,-0.060681764,0.038566068,2.155066
2022-05-04 01:00:00,3.4722223e-05,28.353912,-0.05636645,0.12937188,2.32645
2022-05-04 02:00:00,3.4722223e-05,27.975525,-0.052018616,0.5679736,2.0753028
2022-05-04 03:00:00,3.4722223e-05,27.627075,-0.052132454,0.55359864,1.5740174
2022-05-04 04:00:00,3.4722223e-05,27.087769,-0.052132454,1.591377,1.7648603
2022-05-04 05:00:00,3.4722223e-05,26.542847,-0.044195753,0.5181879,1.6410693
2022-05-04 06:00:00,3.4722223e-05,26.137573,-0.050007336,1.0069255,1.6006689
2022-05-04 07:00:00,3.4722223e-05,25.691101,-0.0649266,2.0646882,1.8804716
2022-05-04 08:00:00,3.4722223e-05,25.459839,-0.07394755,1.5426437,2.3703058
2022-05-04 09:00:00,3.4722223e-05,25.335388,-0.07844176,0.859322,2.8406963
2022-05-04 10:00:00,3.4722223e-05,26.328522,-0.09078051,0.8200556,2.657804
2022-05-04 11:00:00,3.4722223e-05,26.382294,-0.11250345,2.0857239,3.409269
2022-05-04 12:00:00,8.019896,25.91983,-0.118363805,3.2101014,2.414777
2022-05-04 13:00:00,13.888784,25.8862,-0.09750828,5.185035,0.453701
2022-05-04 14:00:00,28.888681,25.905945,-0.08718623,6.9969397,1.9180484
2022-05-04 15:00:00,14.17368,25.942749,-0.0921033,7.3661227,3.220105
2022-05-04 16:00:00,27.620869,26.078827,-0.10200792,6.4689355,3.7417688
2022-05-04 17:00:00,48.503887,26.40689,-0.10954344,5.9777436,3.48071
2022-05-04 18:00:00,88.10472,26.582916,-0.1355058,4.654927,3.4816892
2022-05-04 19:00:00,106.39517,26.733276,-0.13494198,2.0801146,2.388447
2022-05-04 20:00:00,201.86452,26.913513,-0.16215663,1.1829268,3.046014
2022-05-04 21:00:00,122.15003,26.575867,-0.14692836,1.411519,3.7368805
2022-05-04 22:00:00,84.059166,26.06363,-0.128057,1.3007289,3.5956435
2022-05-04 23:00:00,26.937119,26.124664,-0.10668645,1.5678872,3.2622905
2022-05-05 00:00:00,1.0113889,26.374634,-0.089989014,0.49960613,2.6755543
2022-05-05 01:00:00,3.4722223e-05,26.664673,-0.070027985,0.16408134,2.386504
2022-05-05 02:00:00,3.4722223e-05,26.774567,-0.060226377,0.16338006,2.5909245
2022-05-05 03:00:00,3.4722223e-05,26.497711,-0.06500792,0.7811384,2.6381874
2022-05-05 04:00:00,3.4722223e-05,26.082153,-0.06783239,1.5152963,2.075281
2022-05-05 05:00:00,3.4722223e-05,25.944794,-0.089642055,1.4837421,2.0273635
2022-05-05 06:00:00,3.4722223e-05,25.575623,-0.11206975,1.3438529,2.138173
2022-05-05 07:00:00,3.4722223e-05,25.760162,-0.08519663,2.2739964,2.6732454
2022-05-05 08:00:00,3.4722223e-05,25.600983,-0.08941436,3.0947533,3.155461
2022-05-05 09:00:00,3.4722223e-05,25.232788,-0.09448865,3.72899,3.683101
2022-05-05 10:00:00,3.4722223e-05,25.802673,-0.09987736,4.1809144,3.1346264
2022-05-05 11:00:00,3.4722223e-05,26.03534,-0.11365275,6.6028647,3.6040478
2022-05-05 12:00:00,6.908785,25.72528,-0.13843869,10.675444,3.3668604
2022-05-05 13:00:00,25.66934,25.682343,-0.15427956,13.262877,3.172326
2022-05-05 14:00:00,43.44698,25.769196,-0.18003048,13.889401,3.6294806
2022-05-05 15:00:00,41.865765,26.001862,-0.19125788,14.537312,4.1960053
2022-05-05 16:00:00,50.768856,25.382446,-0.20282681,11.977574,4.631008
2022-05-05 17:00:00,39.942707,25.239655,-0.2005282,9.922354,5.0018954
2022-05-05 18:00:00,32.3217,25.310425,-0.20072336,9.218347,4.724709
2022-05-05 19:00:00,116.85094,25.951813,-0.1649811,2.827595,4.650413
2022-05-05 20:00:00,101.3525,25.711304,-0.17024513,2.3847866,4.4379983
2022-05-05 21:00:00,54.857117,25.697174,-0.15884425,1.9496912,4.0423675
2022-05-05 22:00:00,44.501076,25.693054,-0.15651853,1.3960925,3.2522223
2022-05-05 23:00:00,14.743507,25.81363,-0.13664424,1.1615399,2.7931643
2022-05-06 00:00:00,0.38461804,25.760162,-0.111673996,1.168903,2.8090446
2022-05-06 01:00:00,3.4722223e-05,25.532135,-0.09110579,1.7295135,2.347589
2022-05-06 02:00:00,3.4722223e-05,25.414429,-0.094223,2.9226086,1.8883021
2022-05-06 03:00:00,3.4722223e-05,25.376831,-0.10013217,3.9831753,1.4822515
2022-05-06 04:00:00,3.4722223e-05,25.243073,-0.114015974,4.611452,1.6584342
2022-05-06 05:00:00,3.4722223e-05,24.966461,-0.1315808,3.9053423,1.8809068
2022-05-06 06:00:00,3.4722223e-05,25.103943,-0.13224761,3.269352,2.240998
2022-05-06 07:00:00,3.4722223e-05,25.336609,-0.09845158,0.9431159,2.3890488
2022-05-06 08:00:00,3.4722223e-05,25.006775,-0.10658886,1.3550715,2.48613
2022-05-06 09:00:00,3.4722223e-05,25.064423,-0.1046318,1.5521096,2.9502647
2022-05-06 10:00:00,3.4722223e-05,24.830505,-0.1035855,1.1054446,2.2790723
2022-05-06 11:00:00,3.4722223e-05,25.03482,-0.09877143,0.739417,2.4808881
2022-05-06 12:00:00,11.310486,25.123169,-0.09879854,0.5826987,2.5071876
2022-05-06 13:00:00,88.81698,25.389587,-0.122234575,0.3393814,2.0850034
2022-05-06 14:00:00,264.6703,26.351288,-0.15909904,0.11639949,2.0418146
2022-05-06 15:00:00,510.92188,27.027252,-0.2150463,0.0781836,1.8119987
2022-05-06 16:00:00,669.4533,27.14566,-0.26312733,0.22122917,1.7227867
2022-05-06 17:00:00,475.92215,27.430084,-0.21163633,0.43684897,2.032566
2022-05-06 18:00:00,494.18414,27.312653,-0.23921964,0.89753795,2.7796235
2022-05-06 19:00:00,666.41925,27.671082,-0.33197716,0.3933739,3.085603
2022-05-06 20:00:00,425.29578,27.950836,-0.22636585,0.05819928,2.821742
2022-05-06 21:00:00,368.57257,27.932587,-0.18771239,0.0003501773,2.5112069
2022-05-06 22:00:00,208.11803,27.403015,-0.138417,0.0,1.0910754
2022-05-06 23:00:00,95.982155,26.931793,-0.09195693,0.0,0.75254726
2022-05-07 00:00:00,2.0085416,26.544067,-0.054425646,0.0,0.087285936
2022-05-07 01:00:00,3.4722223e-05,26.990906,-0.053335972,0.0,0.86259997
2022-05-07 02:00:00,3.4722223e-05,26.773163,-0.058236778,0.0,0.9917301
2022-05-07 03:00:00,3.4722223e-05,26.801178,-0.051438533,0.0,1.0466331
2022-05-07 04:00:00,3.4722223e-05,26.73941,-0.04459692,0.0,1.0687753
2022-05-07 05:00:00,3.4722223e-05,26.645447,-0.043046456,0.0,0.9744703
2022-05-07 06:00:00,3.4722223e-05,26.325623,-0.041241176,0.0,0.96541756
2022-05-07 07:00:00,3.4722223e-05,26.246216,-0.048841756,0.0,0.5478943
2022-05-07 08:00:00,3.4722223e-05,25.704285,-0.04406023,0.0,0.36504942
2022-05-07 09:00:00,3.4722223e-05,25.409607,-0.040427987,0.0,0.34423697
2022-05-07 10:00:00,3.4722223e-05,25.886627,-0.040249083,0.0,0.5959462
2022-05-07 11:00:00,3.4722223e-05,25.826813,-0.040699057,0.0,0.7489776
2022-05-07 12:00:00,71.666115,25.98114,-0.04602813,0.0,0.95522064
2022-05-07 13:00:00,274.3141,26.376831,-0.102994576,0.0,1.1155393
2022-05-07 14:00:00,514.0415,27.474792,-0.17907092,0.0003501773,1.1938827
2022-05-07 15:00:00,640.2086,27.728699,-0.22154094,0.0,1.270671
2022-05-07 16:00:00,780.9625,27.937134,-0.27264702,0.012271106,1.0397462
2022-05-07 17:00:00,641.3482,28.550232,-0.23595604,0.011919998,1.123996
2022-05-07 18:00:00,712.5442,28.988708,-0.26884675,0.02489239,1.6985357
2022-05-07 19:00:00,617.8868,29.042389,-0.25540748,0.0,2.0775783
2022-05-07 20:00:00,632.1887,28.58606,-0.2732813,0.0,2.3127913
2022-05-07 21:00:00,518.11554,28.476715,-0.2462022,0.0003501773,2.496551
2022-05-07 22:00:00,220.43987,28.389069,-0.16201568,0.0,3.4063678
2022-05-07 23:00:00,82.7059,28.13617,-0.11872703,0.0,3.1525962
2022-05-08 00:00:00,1.8661112,27.877594,-0.09124132,0.0,3.0103579
2022-05-08 01:00:00,3.4722223e-05,27.739166,-0.08621041,0.0,2.8087623
2022-05-08 02:00:00,3.4722223e-05,27.641327,-0.075546816,0.0,2.8069887
2022-05-08 03:00:00,3.4722223e-05,27.320984,-0.067024626,0.058550388,2.3041985
2022-05-08 04:00:00,3.4722223e-05,26.743286,-0.06126726,0.0028051436,2.0499136
2022-05-08 05:00:00,3.4722223e-05,26.662476,-0.055444833,0.0,1.9835219
2022-05-08 06:00:00,3.4722223e-05,26.538269,-0.052208357,0.0010514632,2.0878527
2022-05-08 07:00:00,3.4722223e-05,26.445251,-0.069843665,0.07257424,2.0900404
2022-05-08 08:00:00,3.4722223e-05,25.85614,-0.07113393,0.113594346,1.8279124
2022-05-08 09:00:00,3.4722223e-05,26.323608,-0.06403209,0.22543594,1.7989523
2022-05-08 10:00:00,3.4722223e-05,25.960144,-0.0574507,0.23279898,1.4308864
2022-05-08 11:00:00,3.4722223e-05,26.268005,-0.053769678,0.19738823,1.3239537
2022-05-08 12:00:00,48.261738,26.371735,-0.061934073,0.115348026,1.2485139
2022-05-08 13:00:00,178.63107,26.262817,-0.096955314,0.14129189,0.99089986
2022-05-08 14:00:00,357.83194,26.902527,-0.14490081,0.041020103,1.0000947
2022-05-08 15:00:00,528.9274,27.397827,-0.18690461,0.0077132136,1.3854817
2022-05-08 16:00:00,756.7889,28.023834,-0.25038198,0.0697691,1.1208503
2022-05-08 17:00:00,784.2246,28.646149,-0.2655994,0.10027178,0.7067039
2022-05-08 18:00:00,752.2732,28.650818,-0.26057935,0.034358352,1.0985396
2022-05-08 19:00:00,736.73206,28.848083,-0.25575987,0.022088178,1.9083984
2022-05-08 20:00:00,618.129,28.729156,-0.2379077,0.015426427,2.7691004
2022-05-08 21:00:00,458.9992,28.66687,-0.19380045,0.017530285,2.691432
2022-05-08 22:00:00,283.57327,28.512817,-0.14345333,0.19353163,2.1047037
2022-05-08 23:00:00,89.614685,28.660828,-0.09739444,0.06591249,2.2891037
2022-05-09 00:00:00,1.481493,28.575348,-0.07160557,0.2156198,2.3837187
2022-05-09 01:00:00,3.4722223e-05,28.447906,-0.057727184,0.5101245,1.6475632
2022-05-09 02:00:00,3.4722223e-05,28.091217,-0.045014355,0.093961135,1.7053858
2022-05-09 03:00:00,3.4722223e-05,27.217682,-0.037771575,0.015776604,1.8969188
2022-05-09 04:00:00,3.4722223e-05,27.394684,-0.038834143,0.29520598,1.8111055
2022-05-09 05:00:00,3.4722223e-05,27.391785,-0.042195316,0.17249584,2.0202808
2022-05-09 06:00:00,3.4722223e-05,27.204254,-0.048836343,0.06801635,2.407558
2022-05-09 07:00:00,3.4722223e-05,27.072418,-0.08309319,0.5844515,2.77256
2022-05-09 08:00:00,3.4722223e-05,26.687164,-0.08397686,0.62196606,2.7974613
2022-05-09 09:00:00,3.4722223e-05,26.804321,-0.08907282,0.33131802,2.909016
2022-05-09 10:00:00,3.4722223e-05,26.2919,-0.089170404,0.43684897,3.4091353
2022-05-09 11:00:00,3.4722223e-05,26.427704,-0.0921304,0.5048653,3.554662
2022-05-09 12:00:00,30.184965,26.330994,-0.10689245,0.7737763,3.7047026
2022-05-09 13:00:00,86.39535,26.282166,-0.12253817,1.2821472,3.5013323
2022-05-09 14:00:00,202.50552,27.142761,-0.15301642,1.1366476,2.9261363
2022-05-09 15:00:00,390.8089,27.098328,-0.19559486,1.2895093,2.7272816
2022-05-09 16:00:00,411.33575,27.167175,-0.19047722,0.5006576,2.3441658
2022-05-09 17:00:00,718.5413,27.563416,-0.27811164,0.13813657,3.1962574
2022-05-09 18:00:00,510.25235,27.38028,-0.22158974,0.04487671,3.1470342
2022-05-09 19:00:00,293.20282,27.320984,-0.16991444,1.4448259,2.1542094
2022-05-09 20:00:00,229.85573,27.04483,-0.14659224,2.806559,1.9669497
2022-05-09 21:00:00,194.95573,26.832703,-0.121746674,3.4548202,2.0615227
2022-05-09 22:00:00,122.19278,26.074158,-0.09388689,4.6977,1.5187074
2022-05-09 23:00:00,30.170729,26.100525,-0.06719268,6.02823,1.9932685
2022-05-10 00:00:00,0.5555556,26.565338,-0.055032827,4.1725,2.2410665
2022-05-10 01:00:00,3.4722223e-05,25.974548,-0.05457744,3.917613,2.6577325
2022-05-10 02:00:00,3.4722223e-05,25.884003,-0.05047898,2.455608,2.5893936
2022-05-10 03:00:00,3.4722223e-05,25.846832,-0.04336088,2.2603235,2.2529793
2022-05-10 04:00:00,3.4722223e-05,25.555847,-0.044835456,2.8146236,2.8053963
2022-05-10 05:00:00,3.4722223e-05,25.30368,-0.060307693,2.5404534,3.1126912
2022-05-10 06:00:00,3.4722223e-05,25.3107,-0.06318095,1.4192322,3.0705872
2022-05-10 07:00:00,3.4722223e-05,25.573425,-0.09367004,4.7436285,2.99158
2022-05-10 08:00:00,3.4722223e-05,25.170776,-0.077617735,3.7875404,2.5644946
2022-05-10 09:00:00,3.4722223e-05,25.118073,-0.07341627,3.027087,2.1016562
2022-05-10 10:00:00,3.4722223e-05,25.70691,-0.06697583,2.224913,1.123649
2022-05-10 11:00:00,3.4722223e-05,25.114197,-0.06302916,2.0054364,1.9152653
2022-05-10 12:00:00,15.19934,24.822937,-0.079341695,2.1618047,2.1411211
2022-05-10 13:00:00,49.757465,24.8703,-0.09181597,2.0219142,1.6223179
2022-05-10 14:00:00,81.6233,25.570953,-0.093913995,0.7071616,1.7738026
2022-05-10 15:00:00,188.97287,25.899109,-0.11692176,0.7734252,2.045553
2022-05-10 16:00:00,290.4678,26.319061,-0.15154184,0.6833207,2.7404728
2022-05-10 17:00:00,342.86057,27.13742,-0.17033729,0.7734252,3.2328913
2022-05-10 18:00:00,426.82,27.143188,-0.19787721,0.41195565,3.4008217
2022-05-10 19:00:00,643.6986,27.242798,-0.26662946,0.14970638,3.7156346
2022-05-10 20:00:00,470.53757,27.299011,-0.233343,0.5721804,3.7109435
2022-05-10 21:00:00,373.5868,27.49234,-0.22513524,0.2850387,3.8038158
2022-05-10 22:00:00,193.75917,26.915192,-0.16163076,0.35480782,3.622267
2022-05-10 23:00:00,64.244514,26.566833,-0.118640296,2.693315,2.444927
2022-05-11 00:00:00,1.1680902,26.102722,-0.068613045,3.731094,2.0954201
2022-05-11 01:00:00,3.4722223e-05,26.060028,-0.05378593,1.9815955,1.5564268
2022-05-11 02:00:00,3.4722223e-05,25.927643,-0.063967034,0.7934095,1.6725202
2022-05-11 03:00:00,3.4722223e-05,25.766022,-0.07433245,1.034623,2.0583563
2022-05-11 04:00:00,3.4722223e-05,25.263367,-0.08596645,1.8013865,2.2095497
2022-05-11 05:00:00,3.4722223e-05,25.278015,-0.09360498,0.9813318,2.4685102
2022-05-11 06:00:00,3.4722223e-05,25.425934,-0.09239605,0.32816267,2.6178248
2022-05-11 07:00:00,3.4722223e-05,25.395203,-0.08739224,0.08694921,2.6559005
2022-05-11 08:00:00,3.4722223e-05,24.972626,-0.07855561,0.10027178,2.0875933
2022-05-11 09:00:00,3.4722223e-05,24.952332,-0.06927443,0.17635244,2.0933805
2022-05-11 10:00:00,3.4722223e-05,25.24527,-0.07151341,0.1735473,2.169461
2022-05-11 11:00:00,3.4722223e-05,25.206696,-0.06938286,0.30817837,2.2819371
2022-05-11 12:00:00,48.66059,25.386414,-0.09030344,0.11920463,1.9663076
2022-05-11 13:00:00,185.16948,25.818726,-0.12003897,0.05819928,1.8733933
2022-05-11 14:00:00,327.49026,26.897888,-0.15080453,0.113594346,1.9858377
2022-05-11 15:00:00,537.67377,27.245789,-0.20474593,0.20895806,1.9532331
2022-05-11 16:00:00,665.066,27.404236,-0.23279002,0.1858184,1.8750972
2022-05-11 17:00:00,855.2496,27.953033,-0.30983675,0.20124483,2.860148
2022-05-11 18:00:00,797.54346,27.690063,-0.31000483,0.43965316,3.36408
2022-05-11 19:00:00,359.89743,27.352692,-0.20749451,0.17179456,3.6740186
2022-05-11 20:00:00,454.8397,27.241852,-0.23003604,0.19072649,2.9244094
2022-05-11 21:00:00,435.75153,27.42691,-0.20174256,0.10588113,2.631768
2022-05-11 22:00:00,173.4032,26.69278,-0.12757452,0.6009294,2.5238822
2022-05-11 23:00:00,68.44677,26.773865,-0.08898066,0.6836718,1.9639452
2022-05-12 00:00:00,1.5242361,26.592651,-0.047199123,0.52414834,0.99060446
2022-05-12 01:00:00,3.4722223e-05,26.733795,-0.043767475,0.013673678,0.61183953
2022-05-12 02:00:00,3.4722223e-05,26.596344,-0.040937595,0.010167249,0.6114209
2022-05-12 03:00:00,3.4722223e-05,26.451843,-0.04035751,0.017179176,0.89405125
2022-05-12 04:00:00,3.4722223e-05,26.373413,-0.04051473,0.03155414,1.2118658
2022-05-12 05:00:00,3.4722223e-05,26.125885,-0.03993466,0.045928173,1.336783
2022-05-12 06:00:00,3.4722223e-05,25.928192,-0.03923531,0.05995296,1.3353966
2022-05-12 07:00:00,3.4722223e-05,25.7482,-0.050424773,0.11674967,1.2259564
2022-05-12 08:00:00,3.4722223e-05,25.608826,-0.05457744,0.108686276,1.1100639
2022-05-12 09:00:00,3.4722223e-05,25.579742,-0.054279268,0.13147481,1.2940701
2022-05-12 10:00:00,3.4722223e-05,25.427155,-0.05777055,0.18897372,1.4572681
2022-05-12 11:00:00,3.4722223e-05,25.781158,-0.060443226,0.12726802,1.4119087
2022-05-12 12:00:00,51.05375,26.206696,-0.06909554,0.027697533,1.322115
2022-05-12 13:00:00,210.36871,26.482605,-0.11061685,0.016828999,0.9790721
2022-05-12 14:00:00,409.51242,27.345673,-0.15926169,0.015776604,1.209253
2022-05-12 15:00:00,608.95526,27.309479,-0.2150734,0.02489239,1.3263396
2022-05-12 16:00:00,727.2734,27.590271,-0.24034725,0.030852854,1.6285267
2022-05-12 17:00:00,749.1251,28.253082,-0.2622599,0.034008175,2.2499273
2022-05-12 18:00:00,685.6641,28.218658,-0.26048175,0.03961753,2.8174036
2022-05-12 19:00:00,659.1685,28.381073,-0.28366843,0.17635244,3.074525
2022-05-12 20:00:00,574.9669,27.936188,-0.26351222,0.08589681,3.2428813
2022-05-12 21:00:00,385.7092,28.04483,-0.20056072,0.025593676,3.1509676
2022-05-12 22:00:00,241.76448,27.960327,-0.15593304,0.022088178,2.6197343
2022-05-12 23:00:00,89.54347,27.801971,-0.10403004,0.052589923,2.2545915
2022-05-13 00:00:00,1.8518403,27.777985,-0.07502096,0.030852854,2.2260103
2022-05-13 01:00:00,3.4722223e-05,27.61322,-0.0639074,0.030151568,1.6307669
2022-05-13 02:00:00,3.4722223e-05,27.440613,-0.053850994,0.08624792,1.8040749
2022-05-13 03:00:00,3.4722223e-05,26.93988,-0.04900982,0.10833517,2.0714772
2022-05-13 04:00:00,3.4722223e-05,26.828064,-0.051156633,0.13007316,2.1419797
2022-05-13 05:00:00,3.4722223e-05,27.001862,-0.053710043,0.12972206,2.5144854
2022-05-13 06:00:00,3.4722223e-05,26.562439,-0.05351487,0.37619472,2.247142
2022-05-13 07:00:00,3.4722223e-05,26.536072,-0.07323194,1.6260865,1.9536525
2022-05-13 08:00:00,3.4722223e-05,26.475739,-0.07233744,1.176266,2.127982
2022-05-13 09:00:00,3.4722223e-05,25.673706,-0.07771531,0.7162774,2.138749
2022-05-13 10:00:00,3.4722223e-05,25.70816,-0.076636486,0.38776454,2.1555815
2022-05-13 11:00:00,3.4722223e-05,26.092682,-0.0779918,0.06766617,2.2344818
2022-05-13 12:00:00,48.07656,26.273376,-0.09801788,0.08484535,2.9431767
2022-05-13 13:00:00,239.42831,26.580963,-0.15931047,0.15531573,3.0504673
2022-05-13 14:00:00,431.74872,27.04483,-0.21536615,0.2899468,2.5039446
2022-05-13 15:00:00,564.01263,27.180084,-0.24282475,0.422474,2.209575
2022-05-13 16:00:00,560.1807,26.95279,-0.23470914,0.73731315,2.3228135
2022-05-13 17:00:00,708.3135,27.875671,-0.2647808,0.46910346,2.0883257
2022-05-13 18:00:00,455.39523,27.404938,-0.19793142,2.8668623,1.9732949
2022-05-13 19:00:00,141.01028,26.846588,-0.11610316,4.305027,2.1528242
2022-05-13 20:00:00,164.58559,26.840515,-0.11002051,3.0905457,1.901804
2022-05-13 21:00:00,95.26993,27.17279,-0.08216616,2.4233525,1.9086443
2022-05-13 22:00:00,96.58045,26.738464,-0.08423165,1.5629781,1.7239097
2022-05-13 23:00:00,25.71205,26.690155,-0.064346515,0.73906684,1.6229687
2022-05-14 00:00:00,0.9117014,26.631287,-0.053260084,0.49119163,1.1464114
2022-05-14 01:00:00,3.4722223e-05,26.909576,-0.054691292,0.29625744,0.9204489
2022-05-14 02:00:00,3.4722223e-05,26.75531,-0.05314623,0.19493419,0.8360304
2022-05-14 03:00:00,3.4722223e-05,26.453522,-0.04477582,0.21421723,0.43151945
2022-05-14 04:00:00,3.4722223e-05,26.602936,-0.03859561,0.2489267,0.66886103
2022-05-14 05:00:00,3.4722223e-05,26.107788,-0.037337884,0.42072123,0.2198205
2022-05-14 06:00:00,3.4722223e-05,25.60318,-0.041561026,1.7863111,0.48201826
2022-05-14 07:00:00,3.4722223e-05,25.621735,-0.05349862,1.4777826,1.1939538
2022-05-14 08:00:00,3.4722223e-05,25.679596,-0.05904454,0.35200268,1.1881771
2022-05-14 09:00:00,3.4722223e-05,25.547058,-0.047312975,0.12586546,0.7527749
2022-05-14 10:00:00,3.4722223e-05,25.963745,-0.03954975,0.2776757,0.8530904
2022-05-14 11:00:00,3.4722223e-05,25.683563,-0.03912147,1.0539061,0.67268085
2022-05-14 12:00:00,29.016874,25.46283,-0.052045725,1.6383575,0.37648883
2022-05-14 13:00:00,95.26993,25.538452,-0.065132596,1.4868975,0.5439978
2022-05-14 14:00:00,196.5654,26.069763,-0.09937861,0.39688033,1.1669563
2022-05-14 15:00:00,278.53055,25.897339,-0.13328308,0.5483394,1.1636217
2022-05-14 16:00:00,391.74902,26.399323,-0.17501582,0.62196606,1.3016276
2022-05-14 17:00:00,278.8867,25.98993,-0.16466667,1.090018,1.442716
2022-05-14 18:00:00,486.83374,27.071442,-0.24197903,0.65527296,1.7461945
2022-05-14 19:00:00,547.2179,27.316864,-0.25348294,0.118853524,2.0607486
2022-05-14 20:00:00,402.5182,27.621033,-0.20504409,0.06345846,2.4098392
2022-05-14 21:00:00,349.79782,27.56366,-0.17754754,0.18511713,2.0354972
2022-05-14 22:00:00,181.36609,27.174744,-0.12636557,0.26224926,2.3071678
2022-05-14 23:00:00,50.95403,27.029205,-0.07974828,0.15075785,1.8869202
2022-05-15 00:00:00,1.054132,26.72284,-0.05130301,0.29766,1.1945661
2022-05-15 01:00:00,3.4722223e-05,26.837372,-0.044244546,0.33271965,1.0711955
2022-05-15 02:00:00,3.4722223e-05,26.33319,-0.041615248,0.41300803,0.93398607
2022-05-15 03:00:00,3.4722223e-05,26.451843,-0.047551513,0.32535756,0.6145817
2022-05-15 04:00:00,3.4722223e-05,26.29242,-0.05463707,0.37864876,0.89154965
2022-05-15 05:00:00,3.4722223e-05,26.14444,-0.056328498,0.18301326,0.9407244
2022-05-15 06:00:00,3.4722223e-05,26.142487,-0.054984033,0.2029976,1.1653872
2022-05-15 07:00:00,3.4722223e-05,25.809784,-0.052029457,0.21036062,1.33803
2022-05-15 08:00:00,3.4722223e-05,25.924225,-0.060730554,0.19843969,1.5189819
2022-05-15 09:00:00,3.4722223e-05,25.93573,-0.065690994,0.021035783,1.6147985
2022-05-15 10:00:00,3.4722223e-05,25.907196,-0.06918227,0.08519553,1.9117504
2022-05-15 11:00:00,0.014270834,25.83078,-0.064216405,0.070470385,2.284102
2022-05-15 12:00:00,37.065243,25.778503,-0.07675033,0.075729564,2.2912765
2022-05-15 13:00:00,148.33215,26.024353,-0.10347707,0.07923599,1.7959694
2022-05-15 14:00:00,257.14896,26.943726,-0.13133685,0.041020103,2.2354019
2022-05-15 15:00:00,350.02573,27.168854,-0.16735561,0.09431131,2.382123
2022-05-15 16:00:00,480.46628,27.370514,-0.21246037,0.21842402,2.713929
2022-05-15 17:00:00,447.87396,28.029724,-0.2044315,0.14795363,2.6711786
2022-05-15 18:00:00,572.3174,28.28067,-0.24769846,0.20825677,2.6059341
2022-05-15 19:00:00,690.4219,28.460114,-0.25686577,0.044175424,2.8173838
2022-05-15 20:00:00,546.7051,28.678375,-0.22219692,0.11639949,3.2373567
2022-05-15 21:00:00,378.98563,28.33899,-0.17658798,0.20440015,3.4576778
2022-05-15 22:00:00,155.99594,27.502625,-0.119149886,0.91366565,2.480993
2022-05-15 23:00:00,45.882847,27.469147,-0.08007898,0.91366565,1.9977645
2022-05-16 00:00:00,1.2963195,27.65863,-0.053330556,0.08765049,2.0467668
2022-05-16 01:00:00,3.4722223e-05,27.259674,-0.056979056,1.0458417,2.5341716
2022-05-16 02:00:00,3.4722223e-05,26.2406,-0.06256836,3.5768292,2.822203
2022-05-16 03:00:00,3.4722223e-05,26.11438,-0.06478022,3.2388504,2.3279266
2022-05-16 04:00:00,3.4722223e-05,25.906128,-0.048998974,1.0332204,2.2489154
2022-05-16 05:00:00,3.4722223e-05,25.892242,-0.045041468,1.1874847,1.939877
2022-05-16 06:00:00,3.4722223e-05,25.762177,-0.040281624,1.034623,2.114965
2022-05-16 07:00:00,3.4722223e-05,25.601685,-0.066357814,2.038042,2.455488
2022-05-16 08:00:00,3.4722223e-05,25.725708,-0.06699751,2.5663981,1.633938
2022-05-16 09:00:00,3.4722223e-05,25.60196,-0.060963664,3.3475366,1.2315161
2022-05-16 10:00:00,3.4722223e-05,26.043854,-0.05379136,2.8219857,2.9521787
2022-05-16 11:00:00,3.4722223e-05,26.219452,-0.058074147,2.0724013,3.226486
2022-05-16 12:00:00,16.125242,25.732574,-0.05935898,1.913228,3.0683863
2022-05-16 13:00:00,44.529583,25.577545,-0.055114143,1.7919205,3.242159
2022-05-16 14:00:00,75.39826,26.024628,-0.061207626,1.0013161,3.3407564
2022-05-16 15:00:00,196.92152,26.305878,-0.115880884,0.7415209,3.7858648
2022-05-16 16:00:00,257.13474,26.512115,-0.13424264,0.34253672,3.5426204
2022-05-16 17:00:00,453.2585,27.33487,-0.18918154,0.1735473,2.7427928
2022-05-16 18:00:00,534.19806,27.146637,-0.23101185,0.21877512,2.5660841
2022-05-16 19:00:00,162.70528,26.470642,-0.13320719,5.3585825,2.8813708
2022-05-16 20:00:00,83.09052,26.362976,-0.11824996,6.412138,4.1823535
2022-05-16 21:00:00,63.703228,26.608826,-0.12863708,6.3132687,5.0829697
2022-05-16 22:00:00,55.32722,26.325623,-0.14197333,5.587525,6.1111717
2022-05-16 23:00:00,21.139444,26.00943,-0.14008132,6.195116,7.0536284
2022-05-17 00:00:00,0.72649306,26.373413,-0.14454842,5.821376,6.451581
2022-05-17 01:00:00,3.4722223e-05,26.248413,-0.13450827,7.7160225,6.414706
2022-05-17 02:00:00,3.4722223e-05,25.94986,-0.14264014,8.397241,6.412481
2022-05-17 03:00:00,3.4722223e-05,25.94574,-0.14504717,10.258228,6.3068337
2022-05-17 04:00:00,3.4722223e-05,26.01532,-0.14398463,10.601116,5.7758512
2022-05-17 05:00:00,3.4722223e-05,25.465027,-0.14121436,9.385233,5.3595886
2022-05-17 06:00:00,3.4722223e-05,25.591522,-0.14099751,8.582006,5.8521595
2022-05-17 07:00:00,3.4722223e-05,25.367615,-0.12881055,6.2711964,6.3335366
2022-05-17 08:00:00,3.4722223e-05,25.84491,-0.13062666,5.249896,6.3804245
2022-05-17 09:00:00,3.4722223e-05,25.54187,-0.13597743,3.5726223,6.303661
2022-05-17 10:00:00,3.4722223e-05,25.181305,-0.13572806,3.9838767,5.096261
2022-05-17 11:00:00,3.4722223e-05,25.115875,-0.12710287,5.457803,3.4329722
2022-05-17 12:00:00,11.111042,25.015045,-0.12127502,7.866079,3.0478997
2022-05-17 13:00:00,51.780243,25.023376,-0.13079472,9.248849,2.836232
2022-05-17 14:00:00,64.80007,25.240417,-0.13454622,8.648972,3.1225364
2022-05-17 15:00:00,91.252846,25.293121,-0.1384441,8.508731,3.2363806
2022-05-17 16:00:00,154.48598,26.069763,-0.17265216,8.209318,3.1864145
2022-05-17 17:00:00,156.48024,26.592224,-0.18048044,12.100285,2.9911606
2022-05-17 18:00:00,136.97899,26.679352,-0.16931267,9.91534,3.093142
2022-05-17 19:00:00,355.85187,26.566559,-0.17902754,0.23174658,2.5359948
2022-05-17 20:00:00,220.3259,26.36737,-0.12836601,0.42072123,2.2879665
2022-05-17 21:00:00,168.93031,26.641052,-0.11983297,0.2899468,2.5888448
2022-05-17 22:00:00,107.477776,26.19284,-0.101959124,0.20019338,2.277947
2022-05-17 23:00:00,40.982605,26.273376,-0.09096484,0.18266308,2.0968955
2022-05-18 00:00:00,1.3105556,25.860992,-0.0779918,0.71908253,1.8260615
2022-05-18 01:00:00,3.4722223e-05,25.777008,-0.07637627,0.64790994,1.7827194
2022-05-18 02:00:00,3.4722223e-05,25.646942,-0.071947105,0.780087,1.7575212
2022-05-18 03:00:00,3.4722223e-05,25.751892,-0.063305646,0.64370316,1.5839279
2022-05-18 04:00:00,3.4722223e-05,25.723785,-0.060237218,0.9273393,1.5070974
2022-05-18 05:00:00,3.4722223e-05,25.470123,-0.054431062,0.12691784,1.111101
2022-05-18 06:00:00,3.4722223e-05,25.200104,-0.056106232,0.25944412,1.318691
2022-05-18 07:00:00,3.4722223e-05,25.259918,-0.05934814,0.10693353,1.4239144
2022-05-18 08:00:00,3.4722223e-05,25.331238,-0.059445724,0.10763481,1.9438003
2022-05-18 09:00:00,3.4722223e-05,24.983765,-0.07248923,0.5683238,2.2206726
2022-05-18 10:00:00,3.4722223e-05,24.961823,-0.07705392,0.9525819,2.2710176
2022-05-18 11:00:00,3.4722223e-05,25.009674,-0.07259766,1.5345793,1.9254885
2022-05-18 12:00:00,16.97993,25.426636,-0.074543886,1.4143232,2.3175707
2022-05-18 13:00:00,71.25302,25.55954,-0.08524001,1.4160769,2.2621872
2022-05-18 14:00:00,212.26328,26.01532,-0.13988073,1.01534,2.4343748
2022-05-18 15:00:00,163.50299,25.892944,-0.124001905,1.2214929,2.4461133
2022-05-18 16:00:00,297.64722,26.370789,-0.18151589,0.71417356,2.3380742
2022-05-18 17:00:00,300.5532,26.789764,-0.18649802,0.3797002,2.1675723
2022-05-18 18:00:00,310.35367,26.49234,-0.18030696,0.23981091,1.619929
2022-05-18 19:00:00,480.7512,26.429108,-0.2041008,0.13533142,1.8415711
2022-05-18 20:00:00,278.98642,26.729675,-0.1519918,0.08098874,2.3102496
2022-05-18 21:00:00,143.48889,26.642029,-0.117810845,1.2046639,2.5778215
2022-05-18 22:00:00,121.26688,26.411285,-0.12151355,0.39197132,2.8910747
2022-05-18 23:00:00,34.572395,26.391785,-0.08789099,0.3681304,2.717502
2022-05-19 00:00:00,0.7692361,26.544067,-0.06445494,0.2811821,2.7222214
2022-05-19 01:00:00,3.4722223e-05,26.373932,-0.059120443,0.3691828,2.9801168
2022-05-19 02:00:00,3.4722223e-05,26.132477,-0.05143312,0.41686463,2.6044583
2022-05-19 03:00:00,3.4722223e-05,25.906647,-0.04657026,0.7281974,2.4368486
2022-05-19 04:00:00,3.4722223e-05,25.669586,-0.058236778,1.0093795,2.3694725
2022-05-19 05:00:00,3.4722223e-05,25.40564,-0.07055927,0.782541,2.807788
2022-05-19 06:00:00,3.4722223e-05,25.29367,-0.07939047,0.5707778,2.8075838
2022-05-19 07:00:00,3.4722223e-05,25.114655,-0.07693465,0.24016109,2.6750617
2022-05-19 08:00:00,3.4722223e-05,24.897614,-0.071990475,0.71347225,2.1203113
2022-05-19 09:00:00,3.4722223e-05,24.89569,-0.060036633,0.90454984,2.0571878
2022-05-19 10:00:00,3.4722223e-05,24.918854,-0.061912388,1.0062242,1.5695657
2022-05-19 11:00:00,0.014270834,24.878387,-0.059055384,0.6875284,1.4307572
2022-05-19 12:00:00,32.392918,25.050446,-0.05949993,0.9108605,1.4203217
2022-05-19 13:00:00,75.740135,25.28601,-0.06919312,0.59041196,1.7930455
2022-05-19 14:00:00,165.08417,26.109558,-0.090720885,0.3271103,2.086172
2022-05-19 15:00:00,215.6963,26.23059,-0.098635904,0.9389091,2.5152571
2022-05-19 16:00:00,327.63275,26.541718,-0.15056059,0.66088235,2.5961921
2022-05-19 17:00:00,332.97458,27.005737,-0.15160148,0.42738205,2.9099422
2022-05-19 18:00:00,514.12695,27.329498,-0.2021817,0.64370316,3.2114902
2022-05-19 19:00:00,446.37823,27.697174,-0.1926674,0.37899894,2.7661016
2022-05-19 20:00:00,418.75735,26.614685,-0.19045553,0.91261417,2.7124012
2022-05-19 21:00:00,284.5704,26.26529,-0.14306842,1.4122202,2.1517704
2022-05-19 22:00:00,140.42625,25.610046,-0.09666799,0.1651328,3.1957948
2022-05-19 23:00:00,52.96257,25.500427,-0.0700551,0.43684897,2.6273923
2022-05-20 00:00:00,1.43875,25.221619,-0.05372631,1.1306871,2.1443403
2022-05-20 01:00:00,3.4722223e-05,25.003632,-0.047540672,0.87509954,1.9035796
2022-05-20 02:00:00,3.4722223e-05,25.085571,-0.050847623,0.12271013,1.9777148
2022-05-20 03:00:00,3.4722223e-05,24.888123,-0.05582975,0.6903326,2.3499084
2022-05-20 04:00:00,3.4722223e-05,25.261871,-0.06490492,0.69278663,2.3213704
2022-05-20 05:00:00,3.4722223e-05,25.17035,-0.06413509,0.17600134,2.1943293
2022-05-20 06:00:00,3.4722223e-05,24.940125,-0.05490813,1.3203621,2.0342636
2022-05-20 07:00:00,3.4722223e-05,24.73117,-0.06656381,2.0948398,1.9183064
2022-05-20 08:00:00,3.4722223e-05,24.607147,-0.06410257,2.0250707,1.8668652
2022-05-20 09:00:00,3.4722223e-05,24.810486,-0.061581682,1.4528893,1.9699908
2022-05-20 10:00:00,3.4722223e-05,25.355133,-0.06427063,1.3883793,2.1457882
2022-05-20 11:00:00,3.4722223e-05,25.365143,-0.06814139,1.1878358,1.874683
2022-05-20 12:00:00,11.452917,25.160583,-0.07716235,1.0847589,1.6919415
2022-05-20 13:00:00,38.902847,25.105164,-0.087722935,1.14997,1.4015464
2022-05-20 14:00:00,95.11323,25.97113,-0.09533978,1.1433092,1.3411281
2022-05-20 15:00:00,101.52344,25.95523,-0.119849235,1.152074,1.6441936
2022-05-20 16:00:00,163.17535,25.84317,-0.13888864,2.366555,1.7973266
2022-05-20 17:00:00,250.45387,26.153748,-0.17509173,2.100449,1.5860384
2022-05-20 18:00:00,154.42899,26.04071,-0.13524558,2.3697112,0.7087635
2022-05-20 19:00:00,291.3652,25.967438,-0.12653905,0.547288,0.3577394
2022-05-20 20:00:00,381.3645,26.154694,-0.15427414,0.056096353,0.36744824
2022-05-20 21:00:00,363.7863,26.32071,-0.15553185,0.083793886,0.8643329
2022-05-20 22:00:00,210.76756,26.936981,-0.112161905,0.028748997,0.34463
2022-05-20 23:00:00,42.706215,26.723083,-0.056561623,0.06766617,0.5035882
2022-05-21 00:00:00,1.0683681,26.872223,-0.03863356,0.11429563,1.183066
2022-05-21 01:00:00,3.4722223e-05,26.517303,-0.034708574,0.10623224,1.4972879
2022-05-21 02:00:00,3.4722223e-05,26.290405,-0.03862813,0.12271013,1.7457544
2022-05-21 03:00:00,3.4722223e-05,25.802399,-0.036633123,0.37058535,1.6415988
2022-05-21 04:00:00,3.4722223e-05,25.770966,-0.032691866,0.10062195,1.4144186
2022-05-21 05:00:00,3.4722223e-05,25.614868,-0.034009237,0.23350027,0.9405863
2022-05-21 06:00:00,3.4722223e-05,25.307281,-0.03449172,0.21807384,0.5532999
2022-05-21 07:00:00,3.4722223e-05,25.434998,-0.034009237,0.15145913,0.35471508
2022-05-21 08:00:00,3.4722223e-05,25.500671,-0.037717372,0.2899468,0.3576178
2022-05-21 09:00:00,3.4722223e-05,25.54898,-0.04184294,0.0697691,0.7090821
2022-05-21 10:00:00,3.4722223e-05,25.45105,-0.042179048,0.24507008,0.7856635
2022-05-21 11:00:00,0.014270834,25.441315,-0.04130624,0.32044947,0.8751819
2022-05-21 12:00:00,29.187813,25.62268,-0.046347994,0.122008845,0.65916604
2022-05-21 13:00:00,190.76773,26.056335,-0.085706234,0.153563,0.89055836
2022-05-21 14:00:00,270.5819,26.184479,-0.105623886,0.0,0.8417227
2022-05-21 15:00:00,446.8056,26.616882,-0.1519159,0.005609356,1.2187233
2022-05-21 16:00:00,533.02997,26.970154,-0.17897876,0.0,0.34537473
2022-05-21 17:00:00,786.77435,28.061005,-0.2662283,0.0,0.79443556
2022-05-21 18:00:00,850.7625,28.127838,-0.29594755,0.043474138,1.0125978
2022-05-21 19:00:00,576.04956,28.309204,-0.22661524,0.0,1.638751
2022-05-21 20:00:00,465.851,28.830261,-0.20427428,0.0,2.180629
2022-05-21 21:00:00,322.23392,28.433777,-0.17134021,0.032255426,2.4693947
2022-05-21 22:00:00,281.76416,27.528442,-0.15586257,0.0003501773,1.7629324
2022-05-21 23:00:00,90.626076,27.480408,-0.09637524,0.0017527491,2.414744
2022-05-22 00:00:00,1.9943056,27.249207,-0.06756133,0.0010514632,3.0992699
2022-05-22 01:00:00,3.4722223e-05,26.889526,-0.058654215,0.11254288,2.4830317
2022-05-22 02:00:00,3.4722223e-05,26.886902,-0.042390484,0.0,1.7326216
2022-05-22 03:00:00,3.4722223e-05,26.663269,-0.04260191,0.3099311,1.3479584
2022-05-22 04:00:00,3.4722223e-05,26.63858,-0.040590633,0.01156982,1.7818624
2022-05-22 05:00:00,3.4722223e-05,25.978424,-0.038882937,0.015426427,1.8915457
2022-05-22 06:00:00,3.4722223e-05,25.73819,-0.04396806,0.18967502,2.2048664
2022-05-22 07:00:00,3.4722223e-05,25.934235,-0.06202623,0.0066617504,2.2881322
2022-05-22 08:00:00,3.4722223e-05,25.863983,-0.062318984,0.00490807,2.169665
2022-05-22 09:00:00,3.4722223e-05,25.857819,-0.063565865,0.061004423,1.8565727
2022-05-22 10:00:00,3.4722223e-05,26.819275,-0.06121304,0.042772852,1.8346769
2022-05-22 11:00:00,0.014270834,26.555847,-0.055455677,0.049434602,1.6363642
2022-05-22 12:00:00,44.643543,26.796783,-0.0606167,0.23069513,1.259311
2022-05-22 13:00:00,131.46622,26.538727,-0.08491473,0.27837697,1.3913946
2022-05-22 14:00:00,403.2304,27.330017,-0.15506022,0.29099825,1.7841431
2022-05-22 15:00:00,591.605,27.496735,-0.21594623,0.20124483,2.4193401
2022-05-22 16:00:00,719.6951,27.681274,-0.2546973,0.21596998,1.6323385
2022-05-22 17:00:00,701.1198,27.797058,-0.26550725,0.21211338,2.002344
2022-05-22 18:00:00,543.57117,27.327057,-0.23143472,0.41756594,2.3375258
2022-05-22 19:00:00,483.68564,27.680847,-0.19783928,0.113594346,2.760832
2022-05-22 20:00:00,500.11,27.500153,-0.19816455,0.16338006,2.796634
2022-05-22 21:00:00,298.5589,27.546112,-0.14282988,0.24331734,2.4873304
2022-05-22 22:00:00,169.3149,27.117554,-0.11256308,0.8200556,1.8071806
2022-05-22 23:00:00,39.914238,27.237457,-0.071491726,0.4964508,1.5756018
2022-05-23 00:00:00,1.2250694,27.33142,-0.045751657,0.05294103,1.9007007
2022-05-23 01:00:00,3.4722223e-05,27.180359,-0.05032719,0.17985794,1.9529539
2022-05-23 02:00:00,3.4722223e-05,26.233582,-0.04932967,1.5808586,1.000743
2022-05-23 03:00:00,3.4722223e-05,25.39563,-0.04858697,1.4171283,0.58063614
2022-05-23 04:00:00,3.4722223e-05,25.279266,-0.054051574,1.7596651,1.2278733
2022-05-23 05:00:00,3.4722223e-05,24.987213,-0.061538316,1.541241,1.7000396
2022-05-23 06:00:00,3.4722223e-05,24.528534,-0.06169554,3.2854798,1.6488192
2022-05-23 07:00:00,3.4722223e-05,24.626892,-0.0569682,0.2983613,1.2868418
2022-05-23 08:00:00,3.4722223e-05,24.78897,-0.04942184,2.8265436,0.7566921
2022-05-23 09:00:00,3.4722223e-05,24.788269,-0.06100704,4.883869,0.681378
2022-05-23 10:00:00,3.4722223e-05,24.839539,-0.061635904,2.2932794,1.2102406
2022-05-23 11:00:00,3.4722223e-05,25.194763,-0.057152532,0.41160548,1.134858
2022-05-23 12:00:00,11.196493,25.193268,-0.061402783,0.35375637,0.7352436
2022-05-23 13:00:00,54.42979,25.2016,-0.06744206,0.3800513,0.5290295
2022-05-23 14:00:00,147.69115,25.852722,-0.09163165,0.18441585,1.099752
2022-05-23 15:00:00,241.12346,25.801178,-0.12962916,0.24717394,1.6566304
2022-05-23 16:00:00,391.3787,26.077057,-0.18293084,0.31694305,2.269427
2022-05-23 17:00:00,562.0041,26.996002,-0.22695135,0.20264742,3.154556
2022-05-23 18:00:00,653.086,27.465302,-0.2445975,0.15531573,3.3300865
2022-05-23 19:00:00,489.5118,27.469421,-0.24121465,0.21281466,3.7103758
2022-05-23 20:00:00,304.9264,27.077759,-0.17920104,0.46174136,3.4174802
2022-05-23 21:00:00,235.05511,27.31482,-0.15295136,0.5539488,2.2677093
2022-05-23 22:00:00,138.31802,26.46695,-0.10851341,1.9822968,2.3508968
2022-05-23 23:00:00,46.011044,25.935211,-0.07981333,2.0794132,2.2210655
2022-05-24 00:00:00,0.8119792,26.063354,-0.06871605,1.0090294,2.8174238
2022-05-24 01:00:00,3.4722223e-05,25.838074,-0.07647927,0.6093439,2.654615
2022-05-24 02:00:00,3.4722223e-05,25.574127,-0.07851766,0.54974204,2.0428584
2022-05-24 03:00:00,3.4722223e-05,25.417694,-0.06858593,0.51959044,1.7848252
2022-05-24 04:00:00,3.4722223e-05,25.525116,-0.078008056,0.13287738,2.5407472
2022-05-24 05:00:00,3.4722223e-05,25.40152,-0.08703986,0.36146957,2.789029
2022-05-24 06:00:00,3.4722223e-05,24.709106,-0.09463502,0.91226304,2.6679797
2022-05-24 07:00:00,3.4722223e-05,24.57779,-0.07785085,0.27557182,2.491045
2022-05-24 08:00:00,3.4722223e-05,24.296814,-0.08034462,0.2860902,1.9393729
2022-05-24 09:00:00,3.4722223e-05,24.115448,-0.07527576,0.28749275,1.6965153
2022-05-24 10:00:00,3.4722223e-05,24.833923,-0.06992499,0.64475465,1.9491287
2022-05-24 11:00:00,0.014270834,25.06897,-0.08490388,0.36988407,1.9988878
2022-05-24 12:00:00,37.250416,25.278992,-0.09576264,0.65246785,1.5569931
2022-05-24 13:00:00,105.013435,25.675903,-0.10340659,0.2938034,1.5999329
2022-05-24 14:00:00,166.08131,26.670288,-0.10696836,0.24507008,1.6202781
2022-05-24 15:00:00,326.36493,27.02481,-0.14552425,0.9070039,0.9997019
2022-05-24 16:00:00,376.06543,27.259949,-0.1925427,1.1703055,1.2663089
2022-05-24 17:00:00,517.90186,27.638062,-0.25322813,0.9094589,2.2638733
2022-05-24 18:00:00,552.6879,27.574371,-0.26501933,2.1439242,2.5859187
2022-05-24 19:00:00,451.19302,27.955933,-0.2094841,0.11815224,2.779905
2022-05-24 20:00:00,358.0456,27.47699,-0.18097377,0.05995296,2.6415882
2022-05-24 21:00:00,355.41028,27.354187,-0.15852441,0.041020103,2.2365923
2022-05-24 22:00:00,210.53966,27.39328,-0.11182579,0.06591249,1.9231972
2022-05-24 23:00:00,73.01938,27.098572,-0.068293184,0.66859555,1.5985438
2022-05-25 00:00:00,1.9515625,26.899109,-0.045773342,0.6531691,1.7740401
2022-05-25 01:00:00,3.4722223e-05,26.48233,-0.0408129,1.0938747,1.9249887
2022-05-25 02:00:00,3.4722223e-05,26.079254,-0.048223738,1.0903683,1.4430763
2022-05-25 03:00:00,3.4722223e-05,25.938904,-0.049053196,0.34148526,1.1283412
2022-05-25 04:00:00,3.4722223e-05,25.921753,-0.053455237,0.16443151,1.1109734
2022-05-25 05:00:00,3.4722223e-05,25.648865,-0.04665158,0.1156982,1.0374968
2022-05-25 06:00:00,3.4722223e-05,25.723083,-0.04789846,0.3842581,1.62931
2022-05-25 07:00:00,3.4722223e-05,25.554626,-0.08259444,1.284251,2.3319638
2022-05-25 08:00:00,3.4722223e-05,25.386414,-0.09124132,1.1292855,2.6113408
2022-05-25 09:00:00,3.4722223e-05,25.29657,-0.07438125,0.45332685,2.3143713
2022-05-25 10:00:00,3.4722223e-05,25.175262,-0.063072525,1.1296356,2.3039236
2022-05-25 11:00:00,0.014270834,25.111755,-0.061489526,1.7372267,1.8852109
2022-05-25 12:00:00,17.150867,24.960419,-0.068591364,1.4556944,1.9762242
2022-05-25 13:00:00,51.011005,25.368042,-0.08846564,0.422474,1.6539862
2022-05-25 14:00:00,108.688614,26.547516,-0.10327107,0.22788998,1.3074223
2022-05-25 15:00:00,247.36273,26.936188,-0.12651193,0.1651328,1.096616
2022-05-25 16:00:00,414.59784,27.443512,-0.18202549,0.17179456,0.52971154
2022-05-25 17:00:00,551.61957,28.53653,-0.24106827,0.1483038,0.88931316
2022-05-25 18:00:00,620.20874,28.820251,-0.27490768,0.14549959,1.3271977
2022-05-25 19:00:00,516.94745,28.638336,-0.23167326,0.88070893,2.283532
2022-05-25 20:00:00,379.02832,28.095154,-0.21056835,1.1022892,3.1326377
2022-05-25 21:00:00,146.58003,28.06073,-0.15392177,2.5611389,3.1124306
2022-05-25 22:00:00,76.96521,25.574646,-0.109798245,1.2726811,2.9731753
2022-05-25 23:00:00,14.957152,25.863708,-0.08395516,3.2872334,2.6417944
2022-05-26 00:00:00,0.5555556,25.401245,-0.081309594,2.7206624,1.9609567
2022-05-26 01:00:00,3.4722223e-05,25.845337,-0.07498301,3.497243,1.5539502
2022-05-26 02:00:00,3.4722223e-05,25.750153,-0.070488796,3.734249,1.4954898
2022-05-26 03:00:00,3.4722223e-05,25.480133,-0.06128894,3.04602,1.7252454
2022-05-26 04:00:00,3.4722223e-05,25.543365,-0.071578465,2.076258,1.94231
2022-05-26 05:00:00,3.4722223e-05,25.373688,-0.07168147,2.1905537,1.5953021
2022-05-26 06:00:00,3.4722223e-05,25.364197,-0.07221817,2.4584131,1.5760705
2022-05-26 07:00:00,3.4722223e-05,25.187195,-0.055791795,0.46840218,1.7295042
2022-05-26 08:00:00,3.4722223e-05,25.342682,-0.05038682,0.79972017,1.5087074
2022-05-26 09:00:00,3.4722223e-05,25.214264,-0.052322198,0.7429235,1.3395014
2022-05-26 10:00:00,3.4722223e-05,25.707703,-0.05134096,0.57253146,0.2873884
2022-05-26 11:00:00,3.4722223e-05,25.753296,-0.056312244,0.34814608,0.46210754
2022-05-26 12:00:00,17.820381,25.439117,-0.058925275,0.99079776,0.88399786
2022-05-26 13:00:00,89.28705,25.169647,-0.06910095,1.1738111,0.9779098
2022-05-26 14:00:00,131.73688,25.685486,-0.07660396,2.2378852,0.7996665
2022-05-26 15:00:00,157.86201,25.737213,-0.09127927,3.226228,0.8310359
2022-05-26 16:00:00,207.36304,25.72528,-0.113067254,4.793063,0.8685577
2022-05-26 17:00:00,198.34602,26.380096,-0.13386858,7.4309835,1.1399767
2022-05-26 18:00:00,157.26372,26.058777,-0.1124167,8.785355,1.1994714
2022-05-26 19:00:00,514.44037,26.190643,-0.21485114,0.18686987,1.6213821
2022-05-26 20:00:00,356.97723,26.541718,-0.17856674,0.08905213,1.8276079
2022-05-26 21:00:00,231.59361,26.746704,-0.12980264,0.028748997,2.1349154
2022-05-26 22:00:00,147.13559,27.062408,-0.10513597,0.009465963,1.5251188
2022-05-26 23:00:00,51.623543,27.082428,-0.07826828,0.013322569,1.7243971
2022-05-27 00:00:00,1.4102777,26.923279,-0.05759708,0.023840927,1.6075778
2022-05-27 01:00:00,3.4722223e-05,26.94934,-0.047199123,0.039267354,1.916635
2022-05-27 02:00:00,3.4722223e-05,26.368073,-0.04803942,0.13673398,2.3501334
2022-05-27 03:00:00,3.4722223e-05,26.167877,-0.050815098,0.02489239,2.0059938
2022-05-27 04:00:00,3.4722223e-05,26.171295,-0.048695393,0.0,1.8453625
2022-05-27 05:00:00,3.4722223e-05,26.29779,-0.05123795,0.0,2.0694263
2022-05-27 06:00:00,3.4722223e-05,26.054138,-0.054761767,0.0,2.1741068
2022-05-27 07:00:00,3.4722223e-05,25.89569,-0.068938315,0.10693353,2.1561122
2022-05-27 08:00:00,3.4722223e-05,25.457214,-0.06445494,0.05153846,1.7067479
2022-05-27 09:00:00,3.4722223e-05,25.700592,-0.055846017,0.021386892,1.6123114
2022-05-27 10:00:00,3.4722223e-05,25.753815,-0.056014076,0.022788532,0.8491275
2022-05-27 11:00:00,0.014270834,25.704987,-0.05587311,0.05329121,1.4437661
2022-05-27 12:00:00,60.669064,25.964539,-0.070879124,0.055395067,1.8559704
2022-05-27 13:00:00,206.4656,25.792664,-0.10052249,0.0830926,2.071969
2022-05-27 14:00:00,368.45862,26.752167,-0.14100835,0.060654245,1.7785465
2022-05-27 15:00:00,447.9879,27.205475,-0.16515458,0.06906781,1.7413896
2022-05-27 16:00:00,556.76196,27.39029,-0.1999644,0.15847105,2.2853777
2022-05-27 17:00:00,658.02893,27.622528,-0.25467017,0.19633678,2.7517302
2022-05-27 18:00:00,626.9751,27.557098,-0.25875238,0.073976815,3.0585415
2022-05-27 19:00:00,421.06503,27.598114,-0.21888454,0.96695685,3.0621605
2022-05-27 20:00:00,269.9409,27.730377,-0.15345554,0.97852665,2.4991956
2022-05-27 21:00:00,218.3601,27.626648,-0.14508513,0.14444721,2.3405597
2022-05-27 22:00:00,168.65965,26.969208,-0.1318627,0.05118735,2.468407
2022-05-27 23:00:00,59.629166,26.899109,-0.08649773,0.103778206,1.989739
2022-05-28 00:00:00,1.8376042,26.487244,-0.060665496,0.15741959,1.7838778
2022-05-28 01:00:00,3.4722223e-05,26.573853,-0.057342272,0.20124483,1.9936613
2022-05-28 02:00:00,3.4722223e-05,25.630066,-0.056089964,0.8656336,2.0223634
2022-05-28 03:00:00,3.4722223e-05,25.745056,-0.05061993,1.2968723,2.22246
2022-05-28 04:00:00,3.4722223e-05,25.519653,-0.052078247,1.9489899,1.8265795
2022-05-28 05:00:00,3.4722223e-05,25.460358,-0.058177147,1.2540994,1.6378279
2022-05-28 06:00:00,3.4722223e-05,25.179382,-0.06471516,0.89227873,1.7731249
2022-05-28 07:00:00,3.4722223e-05,25.151276,-0.071589306,1.9055148,2.2002354
2022-05-28 08:00:00,3.4722223e-05,24.817078,-0.08097891,1.6986606,2.2596674
2022-05-28 09:00:00,3.4722223e-05,25.078278,-0.07371986,1.9931654,1.6406897
2022-05-28 10:00:00,3.4722223e-05,25.340485,-0.06418388,2.3560376,1.2918323
2022-05-28 11:00:00,3.4722223e-05,25.264862,-0.060882345,2.064337,1.3408667
2022-05-28 12:00:00,6.8660765,25.208649,-0.059586674,2.3732166,1.0478029
2022-05-28 13:00:00,46.723297,25.484528,-0.07182242,2.5860314,1.1169847
2022-05-28 14:00:00,76.05354,26.215057,-0.09156659,2.1509361,1.0828216
2022-05-28 15:00:00,87.79135,26.490417,-0.092889376,2.203526,1.5076722
2022-05-28 16:00:00,90.269966,26.695953,-0.086654946,1.6502775,1.5329454
2022-05-28 17:00:00,127.4634,26.724487,-0.09657583,2.2908254,1.2919589
2022-05-28 18:00:00,189.75633,26.64569,-0.109668136,2.7536182,1.366356
2022-05-28 19:00:00,397.84583,26.63736,-0.17946666,0.3222022,1.7516191
2022-05-28 20:00:00,344.342,26.092438,-0.15206228,0.496801,1.9209054
2022-05-28 21:00:00,164.31497,26.027771,-0.09220088,0.5167853,1.0701535
2022-05-28 22:00:00,92.52066,26.17694,-0.06742579,0.21351594,0.893702
2022-05-28 23:00:00,44.34441,26.440094,-0.048928503,0.26224926,0.5826998
2022-05-29 00:00:00,1.6666666,26.330017,-0.03540791,0.3018668,0.72577834
2022-05-29 01:00:00,3.4722223e-05,26.40564,-0.042943444,0.32430607,1.1113787
2022-05-29 02:00:00,3.4722223e-05,26.051147,-0.049036928,0.22473466,1.3216877
2022-05-29 03:00:00,3.4722223e-05,26.015747,-0.047448497,0.13112463,1.2803015
2022-05-29 04:00:00,3.4722223e-05,25.81488,-0.046754576,0.037163496,1.3822196
2022-05-29 05:00:00,3.4722223e-05,25.765076,-0.045079418,0.07152278,1.4891946
2022-05-29 06:00:00,3.4722223e-05,25.735565,-0.04481377,0.0010514632,1.7334872
2022-05-29 07:00:00,3.4722223e-05,25.50647,-0.060177583,0.5809451,1.8946718
2022-05-29 08:00:00,3.4722223e-05,25.245514,-0.06216718,0.66754407,1.8038903
2022-05-29 09:00:00,3.4722223e-05,25.257019,-0.06141905,0.5855029,1.8132554
2022-05-29 10:00:00,3.4722223e-05,25.534058,-0.05843195,0.46629924,1.6022813
2022-05-29 11:00:00,0.014270834,25.452545,-0.051373485,0.64405334,1.6109048
2022-05-29 12:00:00,36.481216,25.077576,-0.05271795,0.51257855,2.2253141
2022-05-29 13:00:00,132.62004,25.213806,-0.075915456,0.72749704,2.2196338
2022-05-29 14:00:00,270.15457,26.129333,-0.11296425,0.30817837,2.1467385
2022-05-29 15:00:00,361.10828,26.128082,-0.14147457,0.25699008,2.059795
2022-05-29 16:00:00,509.0558,26.778961,-0.20257202,0.76676345,2.281443
2022-05-29 17:00:00,611.3626,26.849304,-0.23203649,1.1864332,2.4600673
2022-05-29 18:00:00,571.2348,26.930115,-0.21417347,0.7155761,3.0576813
2022-05-29 19:00:00,477.9022,27.40152,-0.21694374,0.16934052,3.0119004
2022-05-29 20:00:00,385.4813,27.860718,-0.19155061,0.049434602,2.6091204
2022-05-29 21:00:00,265.4965,27.926971,-0.13752791,0.026645139,2.053554
2022-05-29 22:00:00,169.71375,27.725739,-0.10311927,0.021035783,0.8722879
2022-05-29 23:00:00,73.03361,27.60785,-0.06854257,0.16793795,0.8366824
2022-05-30 00:00:00,2.3504167,27.112457,-0.042569388,0.17775409,1.2047184
2022-05-30 01:00:00,3.4722223e-05,26.877869,-0.045643233,0.15987363,1.5800769
2022-05-30 02:00:00,3.4722223e-05,26.705261,-0.04846227,0.41090417,1.8148991
2022-05-30 03:00:00,3.4722223e-05,26.57727,-0.05735854,0.63844395,2.01178
2022-05-30 04:00:00,3.4722223e-05,26.698395,-0.058648787,0.46314391,1.9528905
2022-05-30 05:00:00,3.4722223e-05,26.498932,-0.05648029,0.82952154,2.05736
2022-05-30 06:00:00,3.4722223e-05,26.345673,-0.057369385,0.9332988,1.799717
2022-05-30 07:00:00,3.4722223e-05,26.058777,-0.05559664,0.19703713,1.1260877
2022-05-30 08:00:00,3.4722223e-05,25.83078,-0.05078799,0.29625744,0.79215187
2022-05-30 09:00:00,3.4722223e-05,25.48285,-0.048700806,0.10482967,0.22217579
2022-05-30 10:00:00,3.4722223e-05,26.10025,-0.045935974,0.08765049,0.09778095
2022-05-30 11:00:00,3.4722223e-05,26.122742,-0.04877671,0.07432699,0.6093112
2022-05-30 12:00:00,42.93413,26.128632,-0.058350634,0.059251674,1.4612765
2022-05-30 13:00:00,121.936356,26.23059,-0.0797266,0.059251674,2.0505977
2022-05-30 14:00:00,205.19781,26.856323,-0.10939707,0.018931925,2.4465468
2022-05-30 15:00:00,324.45612,27.216461,-0.13290901,0.010518357,2.6470919
2022-05-30 16:00:00,445.42383,27.383972,-0.17210461,0.02489239,2.584754
2022-05-30 17:00:00,473.62872,27.740387,-0.18458974,0.3306167,2.815694
2022-05-30 18:00:00,548.69934,27.766998,-0.24215253,0.05118735,2.7421505
2022-05-30 19:00:00,436.8199,27.553833,-0.23327252,0.2022963,2.620123
2022-05-30 20:00:00,323.87207,27.783356,-0.18324527,0.19353163,2.095218
2022-05-30 21:00:00,213.58806,27.558044,-0.14574653,0.04137121,2.5737715
2022-05-30 22:00:00,125.184204,26.480408,-0.11804396,0.05819928,1.3371257
2022-05-30 23:00:00,59.059376,26.371216,-0.09008117,0.30958,1.3949839
2022-05-31 00:00:00,0.9117014,26.202057,-0.0710255,0.31378773,1.112733
2022-05-31 01:00:00,3.4722223e-05,26.127136,-0.068157665,0.45683235,1.4912761
2022-05-31 02:00:00,3.4722223e-05,25.680298,-0.06796249,0.5883081,1.4702287
2022-05-31 03:00:00,3.4722223e-05,25.301208,-0.0760022,0.41160548,1.6417375
2022-05-31 04:00:00,3.4722223e-05,25.128357,-0.07674491,0.36181974,1.6181184
2022-05-31 05:00:00,3.4722223e-05,25.285828,-0.07770989,0.20825677,1.7882959
2022-05-31 06:00:00,3.4722223e-05,25.422516,-0.07160557,0.22157934,1.9572169
2022-05-31 07:00:00,3.4722223e-05,25.328796,-0.07393671,0.9809807,2.1437142
2022-05-31 08:00:00,3.4722223e-05,25.051239,-0.083819635,0.53256285,2.2313375
2022-05-31 09:00:00,3.4722223e-05,24.822937,-0.08491473,0.48452988,1.8530618
2022-05-31 10:00:00,3.4722223e-05,24.7836,-0.071714,0.87580085,1.9606079
2022-05-31 11:00:00,3.4722223e-05,25.10199,-0.07557392,0.30362046,1.9813615
2022-05-31 12:00:00,25.213507,25.065643,-0.085277945,0.4438609,1.8302492
2022-05-31 13:00:00,62.862778,25.111053,-0.096651725,0.58655536,1.265162
2022-05-31 14:00:00,108.57465,25.43155,-0.10141157,1.4143232,1.3221403
2022-05-31 15:00:00,187.29198,25.803894,-0.11256308,0.5995277,1.7981513
2022-05-31 16:00:00,193.74492,26.172272,-0.11955649,0.24612156,1.957175
2022-05-31 17:00:00,366.94867,26.910095,-0.19796395,0.24086237,1.6511996
2022-05-31 18:00:00,274.38528,27.18158,-0.15884425,0.19598566,0.3626949
2022-05-31 19:00:00,531.52,27.378326,-0.18566315,0.005609356,0.6003026
2022-05-31 20:00:00,554.4543,27.555847,-0.19280834,0.0,1.2012727
2022-05-31 21:00:00,404.21335,27.399597,-0.16736102,0.0,1.502666
2022-05-31 22:00:00,251.10913,27.611725,-0.1325241,0.0,0.8718642
2022-05-31 23:00:00,86.89392,27.287262,-0.077812895,0.0,1.5117902
2022-06-01 00:00:00,2.6638196,26.735992,-0.045659486,0.0003501773,1.9106647
2022-06-01 01:00:00,3.4722223e-05,27.317017,-0.041664038,0.01156982,2.3510401
2022-06-01 02:00:00,3.4722223e-05,26.527466,-0.04436924,0.008414499,2.3664997
2022-06-01 03:00:00,3.4722223e-05,26.346619,-0.056295976,0.010518357,2.5993526
2022-06-01 04:00:00,3.4722223e-05,26.202057,-0.06393994,0.0003501773,2.665999
2022-06-01 05:00:00,3.4722223e-05,26.040955,-0.066379495,0.0003501773,2.7613366
2022-06-01 06:00:00,3.4722223e-05,25.940125,-0.06916601,0.010518357,2.8651392
2022-06-01 07:00:00,3.4722223e-05,25.81073,-0.08343473,0.33868012,2.6796706
2022-06-01 08:00:00,3.4722223e-05,25.357086,-0.07694008,0.037163496,2.1094043
2022-06-01 09:00:00,3.4722223e-05,25.794586,-0.07500469,0.18967502,2.129253
2022-06-01 10:00:00,3.4722223e-05,25.851501,-0.07400718,0.2969587,2.2523484
2022-06-01 11:00:00,0.014270834,25.52774,-0.07089539,0.5122274,2.5621426
2022-06-01 12:00:00,45.740383,25.53952,-0.08123912,0.7601026,3.0980058
2022-06-01 13:00:00,158.53152,25.229187,-0.1372189,1.5559663,3.9691133
2022-06-01 14:00:00,167.83344,25.85852,-0.15213275,1.8816749,4.3551106
2022-06-01 15:00:00,354.18524,25.963318,-0.20503326,1.8658973,4.46609
2022-06-01 16:00:00,519.6682,26.127563,-0.23655239,0.5255509,4.364226
2022-06-01 17:00:00,589.3115,26.359802,-0.23626505,0.20895806,4.5393553
2022-06-01 18:00:00,707.2593,26.83368,-0.28852585,0.2194764,3.6955392
2022-06-01 19:00:00,409.17056,26.414948,-0.20490314,0.97081345,3.8163717
2022-06-01 20:00:00,238.40268,26.717194,-0.16038388,0.8277688,3.6851628
2022-06-01 21:00:00,227.34863,26.81076,-0.18107677,1.1482173,3.217424
2022-06-01 22:00:00,152.52017,26.136627,-0.15675707,0.36287215,3.6718433
2022-06-01 23:00:00,44.643543,25.720886,-0.108925425,0.45192426,2.6606245
2022-06-02 00:00:00,1.6524305,25.405212,-0.074598104,0.8915775,2.0390687
2022-06-02 01:00:00,3.4722223e-05,25.56488,-0.06644997,0.7467801,1.6223572
2022-06-02 02:00:00,3.4722223e-05,25.274323,-0.07437583,1.2856526,1.5183206
2022-06-02 03:00:00,3.4722223e-05,25.079254,-0.08836264,1.7631716,1.9435023
2022-06-02 04:00:00,3.4722223e-05,24.79361,-0.08818374,2.0061378,2.4155738
2022-06-02 05:00:00,3.4722223e-05,24.374908,-0.08326667,2.1859956,2.5103428
2022-06-02 06:00:00,3.4722223e-05,24.244568,-0.08280044,2.7476587,2.8114114
2022-06-02 07:00:00,3.4722223e-05,24.264069,-0.087121174,2.505744,3.051845
2022-06-02 08:00:00,3.4722223e-05,24.197205,-0.09122506,2.2676857,2.9036183
2022-06-02 09:00:00,3.4722223e-05,24.446503,-0.08478462,1.1987044,2.3707929
2022-06-02 10:00:00,3.4722223e-05,24.637604,-0.081943884,0.61144775,2.3854237
2022-06-02 11:00:00,3.4722223e-05,24.410828,-0.06975151,1.3655899,2.43149
2022-06-02 12:00:00,32.136528,24.356628,-0.07622989,1.4002993,2.232278
2022-06-02 13:00:00,94.75708,24.476532,-0.0990425,0.8684378,2.181202
2022-06-02 14:00:00,241.66476,25.093384,-0.1364003,0.71031696,1.952406
2022-06-02 15:00:00,394.04248,25.489166,-0.18940923,0.70751274,1.9059374
2022-06-02 16:00:00,395.88007,25.90155,-0.20885523,1.1447119,2.2472305
2022-06-02 17:00:00,398.4299,26.15689,-0.24121465,2.1814377,2.5813425
2022-06-02 18:00:00,319.855,25.626373,-0.1893984,3.906394,2.88734
2022-06-02 19:00:00,479.73978,25.890594,-0.24075927,0.16408134,3.1614091
2022-06-02 20:00:00,416.7773,26.411285,-0.20185098,0.16197748,3.1788623
2022-06-02 21:00:00,273.25995,26.535126,-0.17410505,0.17074215,3.3911293
2022-06-02 22:00:00,138.31802,26.054138,-0.14848967,0.86738634,3.9066818
2022-06-02 23:00:00,51.879932,25.836578,-0.11887883,1.197652,3.3181412
2022-06-03 00:00:00,1.2108333,25.469666,-0.09019502,2.311861,2.6049614
2022-06-03 01:00:00,3.4722223e-05,25.585876,-0.07114477,1.8595867,1.9291193
2022-06-03 02:00:00,3.4722223e-05,25.396149,-0.060838982,1.404156,1.9218819
2022-06-03 03:00:00,3.4722223e-05,25.356384,-0.055526152,0.6752573,1.8461021
2022-06-03 04:00:00,3.4722223e-05,25.163757,-0.056323085,0.6293282,1.9548542
2022-06-03 05:00:00,3.4722223e-05,24.980865,-0.061825644,0.6728033,2.2830431
2022-06-03 06:00:00,3.4722223e-05,24.897156,-0.06995209,0.6699981,2.6607287
2022-06-03 07:00:00,3.4722223e-05,24.869751,-0.086871795,0.7271459,2.8448856
2022-06-03 08:00:00,3.4722223e-05,24.708954,-0.08120117,0.5315105,2.807557
2022-06-03 09:00:00,3.4722223e-05,24.602936,-0.07998681,1.0174439,2.991508
2022-06-03 10:00:00,3.4722223e-05,24.545288,-0.09035224,0.44631493,2.6522477
2022-06-03 11:00:00,3.4722223e-05,24.53952,-0.09333392,0.58129615,3.058853
2022-06-03 12:00:00,28.760487,24.795105,-0.10319517,0.59461874,3.205525
2022-06-03 13:00:00,79.82844,24.888824,-0.1199956,0.20159501,3.0959365
2022-06-03 14:00:00,146.99316,25.458862,-0.13718638,0.45402813,2.7521915
2022-06-03 15:00:00,297.74695,25.893494,-0.18096294,0.16197748,2.3011868
2022-06-03 16:00:00,245.41116,25.98404,-0.16390769,0.1658341,2.459088
2022-06-03 17:00:00,320.8664,26.563934,-0.19269451,0.09431131,2.4718485
2022-06-03 18:00:00,336.7352,26.473114,-0.18792923,0.10588113,2.6169708
2022-06-03 19:00:00,321.70688,26.790466,-0.17977026,0.009465963,2.6986384
2022-06-03 20:00:00,358.92877,27.268005,-0.18686125,0.0,2.5309968
2022-06-03 21:00:00,227.67627,27.087341,-0.14416352,0.0,2.326648
2022-06-03 22:00:00,109.18719,26.791962,-0.11175531,0.0,1.1175848
2022-06-03 23:00:00,56.96538,26.73285,-0.08920293,0.035760924,0.99556684
2022-06-04 00:00:00,3.133889,26.170593,-0.0679896,0.0,1.5404791
2022-06-04 01:00:00,3.4722223e-05,26.122467,-0.05983062,0.5483394,1.7676158
2022-06-04 02:00:00,3.4722223e-05,26.008453,-0.060849823,0.07187296,1.8576511
2022-06-04 03:00:00,3.4722223e-05,26.25705,-0.05460996,0.45402813,2.2458868
2022-06-04 04:00:00,3.4722223e-05,26.074432,-0.058155462,0.14549959,1.9711502
2022-06-04 05:00:00,3.4722223e-05,25.743103,-0.052067406,0.082040206,2.0483372
2022-06-04 06:00:00,3.4722223e-05,25.00241,-0.050018176,0.048733316,1.8341982
2022-06-04 07:00:00,3.4722223e-05,24.89154,-0.052598685,0.11674967,1.8826474
2022-06-04 08:00:00,3.4722223e-05,24.865387,-0.054864764,0.062055886,1.699622
2022-06-04 09:00:00,3.4722223e-05,24.969635,-0.05692484,0.19107759,1.8396901
2022-06-04 10:00:00,3.4722223e-05,25.349792,-0.05498946,0.20159501,1.4103435
2022-06-04 11:00:00,3.4722223e-05,25.361725,-0.047567766,0.547288,0.5128498
2022-06-04 12:00:00,38.432743,25.30069,-0.04717744,0.41546208,0.64394116
2022-06-04 13:00:00,131.2383,25.19986,-0.08315282,0.57743955,1.337042
2022-06-04 14:00:00,239.65623,25.998169,-0.119204104,0.21316484,1.6123505
2022-06-04 15:00:00,378.7862,26.124939,-0.15810154,0.235253,1.4528712
2022-06-04 16:00:00,406.19336,26.618286,-0.1621512,0.21036062,1.2100358
2022-06-04 17:00:00,379.78333,26.750946,-0.14061803,0.0070119277,0.8587962
2022-06-04 18:00:00,670.60724,27.353668,-0.25483283,0.011919998,0.7604925
2022-06-04 19:00:00,634.5961,27.673279,-0.22366609,0.0066617504,1.2953666
2022-06-04 20:00:00,557.70215,28.10492,-0.21596248,0.0,1.8350612
2022-06-04 21:00:00,236.60782,27.841919,-0.13228557,0.0,2.07392
2022-06-04 22:00:00,194.15802,27.195038,-0.109722346,0.0,1.8116779
2022-06-04 23:00:00,67.449615,27.128632,-0.07505348,0.33622608,2.063303
2022-06-05 00:00:00,2.4501388,26.59317,-0.058307253,0.0010514632,1.9780854
2022-06-05 01:00:00,3.4722223e-05,26.41864,-0.051969822,0.018931925,1.9904377
2022-06-05 02:00:00,3.4722223e-05,26.130981,-0.049611583,0.0038566068,1.9583479
2022-06-05 03:00:00,3.4722223e-05,25.572449,-0.04894477,0.0017527491,2.134336
2022-06-05 04:00:00,3.4722223e-05,25.760406,-0.05296733,0.0003501773,2.0305429
2022-06-05 05:00:00,3.4722223e-05,25.44226,-0.05350403,0.0,1.8443607
2022-06-05 06:00:00,3.4722223e-05,25.773865,-0.057884406,0.0003501773,1.8699485
2022-06-05 07:00:00,3.4722223e-05,25.746002,-0.04796352,0.042772852,1.8136688
2022-06-05 08:00:00,3.4722223e-05,24.955505,-0.048126154,0.19353163,1.6909448
2022-06-05 09:00:00,3.4722223e-05,24.912994,-0.045090258,0.4102029,0.87545985
2022-06-05 10:00:00,3.4722223e-05,25.268005,-0.035456702,0.45858604,0.65308356
2022-06-05 11:00:00,3.4722223e-05,25.23822,-0.0343562,0.39477646,0.457874
2022-06-05 12:00:00,41.068054,25.435944,-0.051097,0.082391314,0.76683766
2022-06-05 13:00:00,190.53981,25.816803,-0.09632645,0.09957049,1.171335
2022-06-05 14:00:00,341.57852,26.377808,-0.14111678,0.08449517,1.614958
2022-06-05 15:00:00,496.8764,26.58606,-0.19355647,0.122008845,1.5401449
2022-06-05 16:00:00,690.9489,26.657654,-0.24564922,0.2703136,1.838229
2022-06-05 17:00:00,675.4505,26.947937,-0.24767677,0.40669647,1.9422101
2022-06-05 18:00:00,572.2889,27.159088,-0.24747077,0.18266308,2.0437984
2022-06-05 19:00:00,381.35028,27.311401,-0.16594608,0.25418586,1.9614704
2022-06-05 20:00:00,368.44437,27.384918,-0.15766785,0.4095016,2.1128316
2022-06-05 21:00:00,299.5845,27.618835,-0.14988835,0.13463107,2.4577472
2022-06-05 22:00:00,200.56822,26.790192,-0.12525962,0.09641517,2.3577185
2022-06-05 23:00:00,60.88271,26.412048,-0.08422623,0.64720863,1.998189
2022-06-06 00:00:00,2.4216666,26.253784,-0.05978726,0.7937597,2.049272
2022-06-06 01:00:00,3.4722223e-05,26.13977,-0.054393124,0.063809566,2.2999449
2022-06-06 02:00:00,3.4722223e-05,25.995026,-0.045702867,0.10027178,1.7817441
2022-06-06 03:00:00,3.4722223e-05,25.91983,-0.03672528,0.02489239,1.1733357
2022-06-06 04:00:00,3.4722223e-05,25.514832,-0.036340367,0.009465963,0.508842
2022-06-06 05:00:00,3.4722223e-05,25.187653,-0.038189013,0.0035054982,0.4287343
2022-06-06 06:00:00,3.4722223e-05,24.995544,-0.034762792,0.010868534,0.5533984
2022-06-06 07:00:00,3.4722223e-05,24.763306,-0.04136044,1.4392165,1.2748276
2022-06-06 08:00:00,3.4722223e-05,24.279938,-0.05463707,2.3900456,1.5693227
2022-06-06 09:00:00,3.4722223e-05,23.858612,-0.055894807,2.4205475,1.8256097
2022-06-06 10:00:00,3.4722223e-05,24.405212,-0.054891877,2.606366,2.2025316
2022-06-06 11:00:00,3.4722223e-05,24.389832,-0.05487561,2.6722794,2.0722177
2022-06-06 12:00:00,16.324688,24.503845,-0.06300748,2.7427497,1.809557
2022-06-06 13:00:00,54.21611,24.575867,-0.07815444,1.9921138,2.6897643
2022-06-06 14:00:00,108.38948,25.570679,-0.09841905,0.99184924,3.0022907
2022-06-06 15:00:00,164.31497,25.715271,-0.112107694,0.36567634,2.7690146
2022-06-06 16:00:00,238.04657,25.946991,-0.120413035,0.31098258,2.85468
2022-06-06 17:00:00,309.49896,26.260895,-0.14571941,0.6507151,2.5580273
2022-06-06 18:00:00,418.62918,26.586334,-0.18553303,0.7362617,2.3171926
2022-06-06 19:00:00,350.4388,26.98114,-0.18106052,0.8438956,2.7648644
2022-06-06 20:00:00,499.99603,26.426636,-0.23238343,0.31659287,3.5172362
2022-06-06 21:00:00,279.10037,26.586853,-0.16717671,0.7604528,3.7173
2022-06-06 22:00:00,180.46866,26.058777,-0.13850915,0.9473236,3.511016
2022-06-06 23:00:00,61.438263,25.938202,-0.102745205,0.9893952,3.1943514
2022-06-07 00:00:00,2.4216666,25.643951,-0.073080145,1.0461929,2.6475015
2022-06-07 01:00:00,3.4722223e-05,25.430847,-0.062275603,1.3294779,2.3784602
2022-06-07 02:00:00,3.4722223e-05,25.18747,-0.061099198,1.9482887,2.238817
2022-06-07 03:00:00,3.4722223e-05,24.795807,-0.062329825,2.0250707,1.7577435
2022-06-07 04:00:00,3.4722223e-05,24.927399,-0.06360923,0.69138503,1.3310812
2022-06-07 05:00:00,3.4722223e-05,24.97647,-0.06481817,0.10027178,1.7279013
2022-06-07 06:00:00,3.4722223e-05,24.684265,-0.066108435,0.18511713,2.012599
2022-06-07 07:00:00,3.4722223e-05,24.503326,-0.06735531,0.6910339,2.097096
2022-06-07 08:00:00,3.4722223e-05,24.677948,-0.07004426,0.9364551,2.2358391
2022-06-07 09:00:00,3.4722223e-05,24.522644,-0.08040425,1.4995197,2.210775
2022-06-07 10:00:00,3.4722223e-05,24.211365,-0.07842007,1.1177156,2.2552323
2022-06-07 11:00:00,3.4722223e-05,24.308777,-0.07529201,1.0279613,2.616387
2022-06-07 12:00:00,18.589619,24.32782,-0.074771576,1.0542562,2.719713
2022-06-07 13:00:00,46.509617,24.10904,-0.084974356,0.7818397,2.5026636
2022-06-07 14:00:00,128.546,24.648163,-0.108925425,0.60268307,2.5381722
2022-06-07 15:00:00,129.74257,24.805573,-0.09884732,0.73135364,2.3293211
2022-06-07 16:00:00,172.12114,25.209595,-0.10726652,1.3406975,1.5406089
2022-06-07 17:00:00,220.8672,25.455017,-0.11740967,2.2455986,1.2165557
2022-06-07 18:00:00,200.0554,25.328094,-0.11988718,3.5810368,2.1012468
2022-06-07 19:00:00,424.7687,25.936432,-0.20195942,0.16793795,2.4429474
2022-06-07 20:00:00,180.48291,26.190369,-0.124359705,0.3151903,2.3596475
2022-06-07 21:00:00,180.05556,26.083649,-0.12319957,0.3348235,2.131541
2022-06-07 22:00:00,114.61448,25.658356,-0.10378609,1.0749419,1.8828169
2022-06-07 23:00:00,16.281944,25.450348,-0.07235912,2.0369906,1.8027378
2022-06-08 00:00:00,0.9544097,25.535126,-0.07034242,1.0714363,1.8065995
2022-06-08 01:00:00,3.4722223e-05,25.718414,-0.06797876,1.1061457,1.7402849
2022-06-08 02:00:00,3.4722223e-05,25.464233,-0.07118271,1.898854,2.089847
2022-06-08 03:00:00,3.4722223e-05,25.213287,-0.07162725,2.0443537,2.0573518
2022-06-08 04:00:00,3.4722223e-05,24.926147,-0.07601846,1.673067,2.5274143
2022-06-08 05:00:00,3.4722223e-05,24.859741,-0.0808488,1.7512506,2.4809673
2022-06-08 06:00:00,3.4722223e-05,24.758728,-0.08810785,1.4486825,2.8525236
2022-06-08 07:00:00,3.4722223e-05,24.72229,-0.08941436,1.541241,2.9985392
2022-06-08 08:00:00,3.4722223e-05,24.54953,-0.09989905,0.7937597,3.1127794
2022-06-08 09:00:00,3.4722223e-05,24.453766,-0.09835941,0.8726455,3.2223785
2022-06-08 10:00:00,3.4722223e-05,24.401245,-0.10024059,0.7783333,3.0319967
2022-06-08 11:00:00,3.4722223e-05,24.455261,-0.10117304,0.3891671,2.8391812
2022-06-08 12:00:00,27.749098,24.400543,-0.10124352,0.35130233,2.5373714
2022-06-08 13:00:00,131.36649,24.388092,-0.11910652,0.35095122,2.4766765
2022-06-08 14:00:00,219.77034,25.32782,-0.13861215,0.5430803,2.3922646
2022-06-08 15:00:00,356.89178,25.452545,-0.17494535,0.6528189,2.4882326
2022-06-08 16:00:00,381.35028,25.04535,-0.16795194,0.17494988,2.7560747
2022-06-08 17:00:00,516.6341,26.521667,-0.20469713,0.0781836,2.679034
2022-06-08 18:00:00,782.04504,27.06195,-0.28858548,0.08589681,2.674171
2022-06-08 19:00:00,765.8914,27.363922,-0.30059355,0.18792227,3.1648965
2022-06-08 20:00:00,543.49994,26.319489,-0.24815926,0.393725,2.8013933
2022-06-08 21:00:00,323.41626,26.063873,-0.17866974,0.4757652,2.616565
2022-06-08 22:00:00,187.36319,26.228912,-0.1316296,0.08975342,3.0483181
2022-06-08 23:00:00,69.00233,25.923798,-0.107244834,0.58655536,3.6614327
2022-06-09 00:00:00,3.176632,25.47644,-0.081629455,0.57428426,3.5276477
2022-06-09 01:00:00,3.4722223e-05,24.896912,-0.07306389,0.2846876,3.2405567
2022-06-09 02:00:00,3.4722223e-05,24.88565,-0.070358686,0.27907825,2.5238607
2022-06-09 03:00:00,3.4722223e-05,24.36734,-0.06981656,0.75519365,1.6031696
2022-06-09 04:00:00,3.4722223e-05,24.427856,-0.063208066,1.0479456,0.55973667
2022-06-09 05:00:00,3.4722223e-05,24.411255,-0.059944477,0.7362617,0.8646123
2022-06-09 06:00:00,3.4722223e-05,24.463806,-0.06646081,0.5244985,1.2202663
2022-06-09 07:00:00,3.4722223e-05,24.527039,-0.061234735,1.1566318,1.4278034
2022-06-09 08:00:00,3.4722223e-05,24.350739,-0.06777275,0.43684897,1.2134615
2022-06-09 09:00:00,3.4722223e-05,24.2052,-0.05930476,0.18967502,0.75955796
2022-06-09 10:00:00,3.4722223e-05,24.28778,-0.044835456,0.067315064,0.60602814
2022-06-09 11:00:00,3.4722223e-05,24.284088,-0.04731839,0.08449517,1.0323535
2022-06-09 12:00:00,45.17059,25.313416,-0.06734989,0.0950126,1.9203209
2022-06-09 13:00:00,207.56247,25.400024,-0.12245684,0.017179176,2.294746
2022-06-09 14:00:00,377.77478,26.128357,-0.16126212,0.03155414,2.2471468
2022-06-09 15:00:00,562.93,26.53775,-0.19786096,0.020334497,2.2242036
2022-06-09 16:00:00,650.294,26.59906,-0.22214271,0.0781836,2.554202
2022-06-09 17:00:00,753.72626,26.8031,-0.2873115,0.41160548,2.3995948
2022-06-09 18:00:00,525.124,25.562866,-0.27746108,1.404156,2.4478793
2022-06-09 19:00:00,652.5447,26.065826,-0.25679532,0.036112033,2.8727024
2022-06-09 20:00:00,506.44894,27.050018,-0.21709552,0.035760924,3.1650057
2022-06-09 21:00:00,418.62918,27.166656,-0.18210138,0.04522782,2.724361
2022-06-09 22:00:00,283.88666,25.998444,-0.14951971,0.068717636,2.5135546
2022-06-09 23:00:00,80.113335,26.082672,-0.10293494,0.082391314,2.5459847
2022-06-10 00:00:00,3.0769098,25.708405,-0.0812066,0.4803231,1.9810828
2022-06-10 01:00:00,3.4722223e-05,25.75409,-0.070201464,0.4361477,1.7282314
2022-06-10 02:00:00,3.4722223e-05,25.523071,-0.06747458,0.15110895,1.7593745
2022-06-10 03:00:00,3.4722223e-05,25.470123,-0.06483443,0.19458309,1.5348465
2022-06-10 04:00:00,3.4722223e-05,25.50647,-0.06507839,0.29029697,1.2192067
2022-06-10 05:00:00,3.4722223e-05,25.481628,-0.0641622,0.062055886,1.2193034
2022-06-10 06:00:00,3.4722223e-05,25.397827,-0.06106125,0.027697533,1.2866462
2022-06-10 07:00:00,3.4722223e-05,24.81311,-0.053270925,0.115348026,1.5606294
2022-06-10 08:00:00,3.4722223e-05,24.194489,-0.06350623,0.21141209,1.729845
2022-06-10 09:00:00,3.4722223e-05,24.563385,-0.07114477,0.037514605,2.009204
2022-06-10 10:00:00,3.4722223e-05,25.065643,-0.07252176,0.013322569,2.2343903
2022-06-10 11:00:00,3.4722223e-05,25.239197,-0.07629495,0.029100105,2.1989863
2022-06-10 12:00:00,59.472466,25.475311,-0.089674585,0.010167249,1.9573483
2022-06-10 13:00:00,220.82446,25.852203,-0.13290359,0.056096353,2.041854
2022-06-10 14:00:00,359.78348,26.319061,-0.16799532,0.070470385,2.3383324
2022-06-10 15:00:00,620.6646,26.517456,-0.24493362,0.08975342,2.49086
2022-06-10 16:00:00,618.52783,26.536255,-0.23769084,0.055745244,2.6276317
2022-06-10 17:00:00,771.746,27.309479,-0.27750447,0.093610026,2.7807994
2022-06-10 18:00:00,738.2562,27.162537,-0.26780584,0.10763481,2.7662635
2022-06-10 19:00:00,597.84424,27.513336,-0.2550605,0.026645139,2.9201589
2022-06-10 20:00:00,600.8215,27.693481,-0.25006753,0.026294962,3.1070707
2022-06-10 21:00:00,478.00192,27.3974,-0.21751297,0.039267354,3.4981852
2022-06-10 22:00:00,240.283,27.251587,-0.16134886,0.05679764,3.6283617
2022-06-10 23:00:00,83.3042,27.043335,-0.10597627,0.008414499,3.1881373
2022-06-11 00:00:00,3.9315972,26.555328,-0.063576706,0.01998432,2.6897724
2022-06-11 01:00:00,3.4722223e-05,26.361725,-0.05623634,0.07678103,2.8115296
2022-06-11 02:00:00,3.4722223e-05,26.038513,-0.05630139,0.16302896,2.634048
2022-06-11 03:00:00,3.4722223e-05,25.730103,-0.06263341,0.6833207,3.0615191
2022-06-11 04:00:00,3.4722223e-05,25.532654,-0.07343795,1.2060665,2.9424934
2022-06-11 05:00:00,3.4722223e-05,25.234009,-0.06627107,1.0367268,2.7240417
2022-06-11 06:00:00,3.4722223e-05,25.146454,-0.064216405,0.31168386,2.8245885
2022-06-11 07:00:00,3.4722223e-05,25.234558,-0.07719488,1.6236324,2.3346748
2022-06-11 08:00:00,3.4722223e-05,25.146454,-0.07101466,0.859322,2.0065517
2022-06-11 09:00:00,3.4722223e-05,24.960144,-0.065257296,0.29240084,1.7718967
2022-06-11 10:00:00,3.4722223e-05,24.963745,-0.055504467,0.2156198,2.2183235
2022-06-11 11:00:00,3.4722223e-05,24.973053,-0.053135388,0.7643094,3.2229273
2022-06-11 12:00:00,11.809028,24.963043,-0.05895781,0.8326769,3.3372197
2022-06-11 13:00:00,37.107986,24.951355,-0.06503503,0.3730394,3.0709648
2022-06-11 14:00:00,122.80531,25.208893,-0.06723062,0.2811821,3.0907052
2022-06-11 15:00:00,151.25237,25.559265,-0.057407334,0.40213856,3.3910327
2022-06-11 16:00:00,244.99808,25.543121,-0.08213363,0.44631493,3.7890651
2022-06-11 17:00:00,224.45692,25.523071,-0.08219326,1.629943,4.165378
2022-06-11 18:00:00,355.83765,25.870026,-0.1547729,0.7534409,4.520925
2022-06-11 19:00:00,60.78302,25.896912,-0.13805377,10.022274,4.261614
2022-06-11 20:00:00,44.942673,26.46405,-0.11775663,7.8562627,3.729068
2022-06-11 21:00:00,63.503784,26.227448,-0.12064616,5.6418676,3.586468
2022-06-11 22:00:00,19.771944,25.582886,-0.10356923,3.7465203,3.0109134
2022-06-11 23:00:00,10.085417,25.820923,-0.101503745,2.853891,2.7522535
2022-06-12 00:00:00,0.6410417,25.938904,-0.10150916,2.4443884,2.1858454
2022-06-12 01:00:00,3.4722223e-05,25.897186,-0.09181597,2.2200038,1.4650278
2022-06-12 02:00:00,3.4722223e-05,25.477936,-0.08849275,1.932161,1.3688138
2022-06-12 03:00:00,3.4722223e-05,25.241821,-0.08487678,1.86765,2.0575964
2022-06-12 04:00:00,3.4722223e-05,25.14029,-0.0839877,2.2869687,2.4054163
2022-06-12 05:00:00,3.4722223e-05,24.757507,-0.08123912,2.6827977,2.4137368
2022-06-12 06:00:00,3.4722223e-05,24.660278,-0.08222037,1.8757144,2.642478
2022-06-12 07:00:00,3.4722223e-05,24.649109,-0.07250008,1.5622768,2.6510391
2022-06-12 08:00:00,3.4722223e-05,24.581665,-0.07229407,1.6509788,2.289502
2022-06-12 09:00:00,3.4722223e-05,24.469666,-0.07343253,2.0657396,2.3668408
2022-06-12 10:00:00,3.4722223e-05,24.636383,-0.07265729,1.9377702,1.6613473
2022-06-12 11:00:00,3.4722223e-05,24.590546,-0.07340543,1.7456412,1.9138547
2022-06-12 12:00:00,27.293264,24.625397,-0.07719488,0.7863976,2.2737083
2022-06-12 13:00:00,113.27549,25.13739,-0.097600445,0.9743199,2.5066977
2022-06-12 14:00:00,214.05814,25.954956,-0.13413422,1.1433092,1.95032
2022-06-12 15:00:00,166.63687,25.814331,-0.10498418,0.17880648,1.2958977
2022-06-12 16:00:00,304.2141,25.961548,-0.13042608,0.14725235,1.1614312
2022-06-12 17:00:00,343.3591,26.358032,-0.13828687,0.46314391,0.86471623
2022-06-12 18:00:00,521.70526,26.733093,-0.1772548,0.3341222,1.0435466
2022-06-12 19:00:00,555.4799,27.18863,-0.21678111,0.22122917,1.4134991
2022-06-12 20:00:00,424.65475,27.26117,-0.19120367,0.5683238,2.2720344
2022-06-12 21:00:00,205.52545,27.195465,-0.13694242,0.28749275,2.9811442
2022-06-12 22:00:00,169.54282,26.370514,-0.13035017,0.03330689,2.906742
2022-06-12 23:00:00,58.475346,26.317566,-0.08919752,0.09922031,2.803023
2022-06-13 00:00:00,2.9487152,26.30368,-0.06295869,0.08098874,2.4295545
2022-06-13 01:00:00,3.4722223e-05,26.092682,-0.060004108,0.49399677,2.4095185
2022-06-13 02:00:00,3.4722223e-05,26.06073,-0.0627581,0.008414499,2.7609246
2022-06-13 03:00:00,3.4722223e-05,25.791687,-0.06622227,0.008414499,2.8322341
2022-06-13 04:00:00,3.4722223e-05,25.856842,-0.06300748,0.112191774,2.9023972
2022-06-13 05:00:00,3.4722223e-05,25.750153,-0.059570406,0.46209154,2.5473464
2022-06-13 06:00:00,3.4722223e-05,25.658356,-0.051395167,0.08344278,2.1350458
2022-06-13 07:00:00,3.4722223e-05,25.492065,-0.058117513,1.9339137,1.7820156
2022-06-13 08:00:00,3.4722223e-05,25.270905,-0.06412968,0.6423006,1.9268652
2022-06-13 09:00:00,3.4722223e-05,25.285828,-0.06364718,0.2724165,2.053591
2022-06-13 10:00:00,3.4722223e-05,24.921753,-0.06386404,0.9059524,2.9923024
2022-06-13 11:00:00,3.4722223e-05,24.691101,-0.064763956,1.7358241,2.824622
2022-06-13 12:00:00,18.347466,24.608276,-0.08273539,1.4486825,3.0291378
2022-06-13 13:00:00,125.56882,24.625153,-0.12030462,0.7737763,2.6195817
2022-06-13 14:00:00,299.6985,25.580688,-0.16657494,0.4014382,1.695014
2022-06-13 15:00:00,372.80334,25.350739,-0.17715721,0.32570773,1.4599282
2022-06-13 16:00:00,439.99652,25.440613,-0.18248087,0.51257855,1.5973537
2022-06-13 17:00:00,372.94577,25.970612,-0.15135208,0.62196606,2.3536308
2022-06-13 18:00:00,400.25323,26.49356,-0.1637071,0.6500138,2.4732642
2022-06-13 19:00:00,161.90756,26.359802,-0.13634066,1.3655899,3.02129
2022-06-13 20:00:00,192.59108,25.609772,-0.15379706,0.82461256,3.2235425
2022-06-13 21:00:00,130.08444,25.674957,-0.11916616,0.80532956,2.673126
2022-06-13 22:00:00,64.41545,25.646149,-0.09529641,0.64861125,2.3823915
2022-06-13 23:00:00,22.948542,25.710876,-0.08141802,0.8989405,1.9443924
2022-06-14 00:00:00,1.1965972,25.457642,-0.068764836,0.8870196,1.5976892
2022-06-14 01:00:00,3.4722223e-05,25.338806,-0.05840484,1.1724094,1.5453918
2022-06-14 02:00:00,3.4722223e-05,25.199158,-0.055921905,1.2632142,1.7727365
2022-06-14 03:00:00,3.4722223e-05,25.05658,-0.060860664,0.68191814,1.8135622
2022-06-14 04:00:00,3.4722223e-05,25.049042,-0.05788982,0.66088235,1.7084105
2022-06-14 05:00:00,3.4722223e-05,24.943542,-0.05113495,0.9178724,1.4940026
2022-06-14 06:00:00,3.4722223e-05,24.856323,-0.05024587,1.3484107,1.7087
2022-06-14 07:00:00,3.4722223e-05,25.037018,-0.07169773,0.7362617,1.7597238
2022-06-14 08:00:00,3.4722223e-05,25.046753,-0.0756173,1.048997,2.1402507
2022-06-14 09:00:00,3.4722223e-05,25.020416,-0.0770214,1.3848729,2.2544248
2022-06-14 10:00:00,3.4722223e-05,24.193512,-0.07865861,1.7323186,2.0504963
2022-06-14 11:00:00,3.4722223e-05,24.407135,-0.07691297,1.7053224,1.8178215
2022-06-14 12:00:00,17.364548,24.29602,-0.07928748,1.3484107,1.6525462
2022-06-14 13:00:00,135.89635,24.61908,-0.10789539,0.38250536,1.516365
2022-06-14 14:00:00,287.27692,25.694275,-0.14313348,0.13287738,1.3193165
2022-06-14 15:00:00,355.19662,26.021912,-0.16612498,0.7737763,1.4654751
2022-06-14 16:00:00,560.6793,26.609528,-0.2475846,0.3267601,1.4696736
2022-06-14 17:00:00,522.61694,26.97113,-0.2384227,0.739417,1.2904346
2022-06-14 18:00:00,502.91626,27.086823,-0.22589962,0.25699008,1.444247
2022-06-14 19:00:00,341.00867,27.201355,-0.15622036,0.1539141,1.6344225
2022-06-14 20:00:00,344.05713,27.154022,-0.15284835,0.14795363,1.6570063
2022-06-14 21:00:00,291.237,26.919128,-0.1404337,0.09185728,1.9137057
2022-06-14 22:00:00,168.95879,25.93451,-0.109066375,0.06486103,1.8375053
2022-06-14 23:00:00,69.60059,26.068268,-0.07846345,0.03821496,2.2303798
2022-06-15 00:00:00,3.176632,25.744507,-0.05288601,0.034358352,1.928093
2022-06-15 01:00:00,3.4722223e-05,25.819,-0.04561612,0.102375634,2.0702105
2022-06-15 02:00:00,3.4722223e-05,26.12027,-0.038232394,0.19563548,2.192402
2022-06-15 03:00:00,3.4722223e-05,25.893494,-0.035212755,0.0066617504,2.1680439
2022-06-15 04:00:00,3.4722223e-05,25.33194,-0.040531,0.009115785,1.9550344
2022-06-15 05:00:00,3.4722223e-05,25.415924,-0.051232535,0.0077132136,1.5293504
2022-06-15 06:00:00,3.4722223e-05,25.40863,-0.05302696,0.00490807,0.64071923
2022-06-15 07:00:00,3.4722223e-05,25.088287,-0.040026817,0.012972392,0.44527406
2022-06-15 08:00:00,3.4722223e-05,24.896637,-0.041550186,0.017530285,0.6203773
2022-06-15 09:00:00,3.4722223e-05,25.01477,-0.045057736,0.022788532,1.1035068
2022-06-15 10:00:00,3.4722223e-05,24.730896,-0.051487323,0.053992495,1.0005819
2022-06-15 11:00:00,3.4722223e-05,24.996246,-0.058128353,0.08624792,1.3431664
2022-06-15 12:00:00,43.788853,24.937927,-0.07029363,0.1521604,1.5636624
2022-06-15 13:00:00,189.54268,25.025757,-0.11278535,0.15882216,1.7963029
2022-06-15 14:00:00,330.35352,25.770416,-0.14994256,0.08905213,2.0670493
2022-06-15 15:00:00,550.60815,26.618835,-0.20936483,0.057147816,2.6126275
2022-06-15 16:00:00,723.07117,26.95523,-0.2584759,0.082040206,3.0195997
2022-06-15 17:00:00,816.361,27.507996,-0.28586403,0.13077445,3.0053666
2022-06-15 18:00:00,737.7576,27.640778,-0.26277494,0.18301326,3.0042741
2022-06-15 19:00:00,717.0599,27.570007,-0.2844762,0.08975342,3.1234128
2022-06-15 20:00:00,528.4431,27.704742,-0.23818418,0.05469378,3.6096642
2022-06-15 21:00:00,454.17017,27.639557,-0.20482183,0.06661378,2.9762318
2022-06-15 22:00:00,272.40527,27.707458,-0.15232249,0.07257424,3.1519768
2022-06-15 23:00:00,106.737045,27.206451,-0.10702256,0.062055886,2.7456257
2022-06-16 00:00:00,4.672361,26.875671,-0.06537113,0.09290874,2.381427
2022-06-16 01:00:00,3.4722223e-05,26.540466,-0.05724469,0.15321282,2.3695035
2022-06-16 02:00:00,3.4722223e-05,26.147858,-0.059028286,0.34954864,2.2357385
2022-06-16 03:00:00,3.4722223e-05,26.07486,-0.056008648,0.6633364,1.638213
2022-06-16 04:00:00,3.4722223e-05,25.76532,-0.048532747,0.22087805,1.1841903
2022-06-16 05:00:00,3.4722223e-05,25.46872,-0.04451019,0.11254288,1.3228885
2022-06-16 06:00:00,3.4722223e-05,25.391235,-0.049980227,0.06661378,1.4489087
2022-06-16 07:00:00,3.4722223e-05,25.274323,-0.056317657,0.038566068,1.5775467
2022-06-16 08:00:00,3.4722223e-05,25.198883,-0.05852952,0.108686276,1.3183384
2022-06-16 09:00:00,3.4722223e-05,25.186676,-0.056388132,0.13463107,1.329222
2022-06-16 10:00:00,3.4722223e-05,25.405914,-0.057727184,0.19563548,1.2007347
2022-06-16 11:00:00,3.4722223e-05,25.284882,-0.05240894,0.2650544,1.1726772
2022-06-16 12:00:00,47.321564,24.868805,-0.06160338,0.88035876,1.5247396
2022-06-16 13:00:00,91.03917,24.65326,-0.07961817,1.3743546,1.8979428
2022-06-16 14:00:00,158.70247,25.30243,-0.105884105,1.3764584,1.8315381
2022-06-16 15:00:00,206.9357,25.345642,-0.09750828,0.30362046,1.6198691
2022-06-16 16:00:00,406.8486,25.474243,-0.14337201,0.054342672,1.8904468
2022-06-16 17:00:00,778.8115,26.575867,-0.26880336,0.15496555,2.677469
2022-06-16 18:00:00,720.1367,26.90033,-0.24841405,0.34428948,3.7144017
2022-06-16 19:00:00,510.59424,26.95575,-0.24805625,2.0390944,4.4312572
2022-06-16 20:00:00,477.26117,26.7453,-0.22577494,0.89964175,3.7991269
2022-06-16 21:00:00,293.54468,27.060211,-0.1561282,0.2983613,3.2542255
2022-06-16 22:00:00,187.60536,26.252655,-0.11937216,0.30046517,3.5316358
2022-06-16 23:00:00,76.26722,26.19284,-0.09780103,1.1538267,3.581076
2022-06-17 00:00:00,3.1623957,25.892517,-0.07031532,1.4967146,3.5773048
2022-06-17 01:00:00,3.4722223e-05,25.757263,-0.061250992,0.972216,3.7963822
2022-06-17 02:00:00,3.4722223e-05,25.400818,-0.04980674,1.0717865,4.5651565
2022-06-17 03:00:00,3.4722223e-05,25.159088,-0.042054366,1.4739261,4.3244853
2022-06-17 04:00:00,3.4722223e-05,24.98993,-0.044239134,0.98799264,4.237093
2022-06-17 05:00:00,3.4722223e-05,24.96402,-0.043946378,0.34464058,3.997323
2022-06-17 06:00:00,3.4722223e-05,24.794586,-0.04793641,0.559208,3.3161607
2022-06-17 07:00:00,3.4722223e-05,24.442535,-0.08982095,3.5000482,3.4342532
2022-06-17 08:00:00,3.4722223e-05,24.347046,-0.09950872,4.6969986,3.7929614
2022-06-17 09:00:00,3.4722223e-05,24.13205,-0.10663766,4.898945,3.7887743
2022-06-17 10:00:00,3.4722223e-05,25.148376,-0.10753758,4.712425,5.4736953
2022-06-17 11:00:00,3.4722223e-05,25.291199,-0.11616821,4.7106724,5.648266
2022-06-17 12:00:00,6.2107987,25.132996,-0.11765362,2.9650311,3.9377584
2022-06-17 13:00:00,33.09094,25.42743,-0.11335458,2.6351159,2.7610502
2022-06-17 14:00:00,110.255554,25.720367,-0.1355058,2.0780108,2.215655
2022-06-17 15:00:00,90.09903,25.641296,-0.112807035,2.1807365,2.3250513
2022-06-17 16:00:00,106.067535,25.486969,-0.10870315,1.9311094,2.9083288
2022-06-17 17:00:00,135.39781,25.706757,-0.09799619,1.3059881,2.8311958
2022-06-17 18:00:00,181.15242,25.753296,-0.10747795,1.0556588,2.6855092
2022-06-17 19:00:00,156.60847,25.882233,-0.12217494,1.3543712,2.5969706
2022-06-17 20:00:00,96.05337,25.908142,-0.10536367,1.1839793,2.571732
2022-06-17 21:00:00,128.60298,25.438843,-0.12390432,1.560174,2.859982
2022-06-17 22:00:00,88.66028,24.362946,-0.10625817,1.080201,3.0143921
2022-06-17 23:00:00,22.207813,24.258972,-0.07610521,1.0156902,2.9876482
2022-06-18 00:00:00,1.1965972,24.31604,-0.06555004,1.0405835,2.3411148
2022-06-18 01:00:00,3.4722223e-05,24.385895,-0.06540367,0.80638194,1.9229807
2022-06-18 02:00:00,3.4722223e-05,24.82434,-0.0653115,0.561662,1.8713751
2022-06-18 03:00:00,3.4722223e-05,24.983063,-0.0629641,0.50872195,2.160173
2022-06-18 04:00:00,3.4722223e-05,24.997223,-0.058946956,0.62231624,3.0797093
2022-06-18 05:00:00,3.4722223e-05,24.820496,-0.061516635,1.1215723,3.7192304
2022-06-18 06:00:00,3.4722223e-05,24.500854,-0.06541993,1.7137369,3.8140876
2022-06-18 07:00:00,3.4722223e-05,24.448853,-0.10537451,2.6775384,3.1938748
2022-06-18 08:00:00,3.4722223e-05,24.38684,-0.09738901,2.1589994,2.6972423
2022-06-18 09:00:00,3.4722223e-05,24.266235,-0.086752534,1.8658973,2.7162166
2022-06-18 10:00:00,3.4722223e-05,24.321503,-0.08552191,1.7842073,3.0500271
2022-06-18 11:00:00,3.4722223e-05,24.336609,-0.08339678,1.857834,3.4066925
2022-06-18 12:00:00,21.865938,24.494263,-0.08968,1.3624346,3.8263555
2022-06-18 13:00:00,59.344273,24.564636,-0.10053875,1.1958992,3.8626487
2022-06-18 14:00:00,70.697464,25.082672,-0.106485866,1.2477878,3.7517755
2022-06-18 15:00:00,137.79094,25.328094,-0.12595356,1.1121054,3.640718
2022-06-18 16:00:00,250.01227,25.747498,-0.16058989,0.51538277,3.7299426
2022-06-18 17:00:00,337.24805,25.963043,-0.19133377,0.25418586,3.9740574
2022-06-18 18:00:00,368.00278,26.309479,-0.19981803,0.25909394,3.996851
2022-06-18 19:00:00,585.62213,26.465454,-0.24358374,0.14199317,4.0546427
2022-06-18 20:00:00,505.93616,26.320282,-0.22694051,0.08098874,4.3317566
2022-06-18 21:00:00,368.28766,26.045776,-0.19506359,0.105530955,4.3090816
2022-06-18 22:00:00,222.54811,25.491364,-0.15284292,0.24401769,3.869203
2022-06-18 23:00:00,56.637745,25.00064,-0.10967356,3.3903093,3.4064293
2022-06-19 00:00:00,2.5213542,24.764374,-0.08260528,2.5888364,2.4165282
2022-06-19 01:00:00,3.4722223e-05,24.835144,-0.075698614,1.0048217,2.0659125
2022-06-19 02:00:00,3.4722223e-05,24.812134,-0.07752015,0.3309669,1.924661
2022-06-19 03:00:00,3.4722223e-05,24.730103,-0.07125861,0.7453775,1.5669619
2022-06-19 04:00:00,3.4722223e-05,24.559265,-0.06532777,1.7586136,1.5850583
2022-06-19 05:00:00,3.4722223e-05,24.72818,-0.071762785,0.42352545,1.8658962
2022-06-19 06:00:00,3.4722223e-05,24.67865,-0.081271656,0.9518815,2.0063894
2022-06-19 07:00:00,3.4722223e-05,24.605652,-0.09279722,3.0039475,2.3992789
2022-06-19 08:00:00,3.4722223e-05,24.164001,-0.09800703,3.0221791,2.3323781
2022-06-19 09:00:00,3.4722223e-05,23.82434,-0.09689568,3.117893,2.3475497
2022-06-19 10:00:00,3.4722223e-05,24.300232,-0.10113509,3.075119,2.9330866
2022-06-19 11:00:00,3.4722223e-05,24.294891,-0.10082608,2.7189088,3.2274513
2022-06-19 12:00:00,10.014167,24.44815,-0.10636117,2.7616825,2.931411
2022-06-19 13:00:00,51.4241,24.531158,-0.11736631,2.2305222,2.721071
2022-06-19 14:00:00,97.74854,24.98816,-0.12927136,2.0874767,2.6068616
2022-06-19 15:00:00,181.70796,26.010925,-0.15986887,1.6530826,2.4290664
2022-06-19 16:00:00,292.3339,26.437897,-0.20482726,1.4686668,2.1723428
2022-06-19 17:00:00,289.54187,26.635681,-0.19642974,1.3827691,1.5100906
2022-06-19 18:00:00,272.69016,26.7294,-0.18841714,0.9017456,0.64109147
2022-06-19 19:00:00,695.53577,27.011353,-0.25304922,0.0014025718,0.5197655
2022-06-19 20:00:00,607.8157,27.221802,-0.23699692,0.0,1.4102963
2022-06-19 21:00:00,418.91406,27.495789,-0.19197348,0.0,1.5442061
2022-06-19 22:00:00,245.99521,27.76358,-0.13751706,0.0,2.104831
2022-06-19 23:00:00,89.187325,27.813385,-0.09106242,0.0,2.2854872
2022-06-20 00:00:00,4.3874307,26.709656,-0.06047575,0.0,1.9054232
2022-06-20 01:00:00,3.4722223e-05,26.727753,-0.054024465,0.0003501773,1.8842567
2022-06-20 02:00:00,3.4722223e-05,26.912537,-0.050094064,0.0003501773,1.5731924
2022-06-20 03:00:00,3.4722223e-05,26.782898,-0.048689965,0.0003501773,1.4091877
2022-06-20 04:00:00,3.4722223e-05,26.489197,-0.04681964,0.0017527491,1.1863384
2022-06-20 05:00:00,3.4722223e-05,26.230865,-0.044873405,0.0052591786,0.8640982
2022-06-20 06:00:00,3.4722223e-05,26.222595,-0.048765868,0.013673678,1.1822593
2022-06-20 07:00:00,3.4722223e-05,26.129578,-0.049221244,0.06591249,1.3013717
2022-06-20 08:00:00,3.4722223e-05,26.058533,-0.054393124,0.11815224,1.5302515
2022-06-20 09:00:00,3.4722223e-05,25.885925,-0.061917804,0.6742049,1.684767
2022-06-20 10:00:00,3.4722223e-05,25.271423,-0.062920734,0.57428426,2.3193984
2022-06-20 11:00:00,3.4722223e-05,25.019165,-0.06317011,0.8572191,1.5486073
2022-06-20 12:00:00,21.082466,24.880035,-0.058502425,0.73731315,0.6629119
2022-06-20 13:00:00,57.777325,24.691284,-0.058979496,0.5206419,0.7740907
2022-06-20 14:00:00,175.46872,25.197205,-0.0948085,0.6728033,0.7809813
2022-06-20 15:00:00,394.11368,25.783173,-0.17210461,0.30291918,0.74410367
2022-06-20 16:00:00,291.69284,25.878815,-0.12536263,0.8109398,0.552378
2022-06-20 17:00:00,447.48935,27.036316,-0.17748249,0.093961135,0.21261369
2022-06-20 18:00:00,388.48694,26.968933,-0.15390007,0.19493419,0.62525755
2022-06-20 19:00:00,525.45166,27.066345,-0.19295473,0.0014025718,1.1645274
2022-06-20 20:00:00,444.49792,27.298492,-0.17136733,0.09676535,1.1058782
2022-06-20 21:00:00,415.09644,27.315796,-0.1729178,0.051888637,1.0441604
2022-06-20 22:00:00,192.819,27.446503,-0.11615737,0.015776604,1.453043
2022-06-20 23:00:00,61.922604,27.642029,-0.07009304,0.014374964,1.2737105
2022-06-21 00:00:00,2.4501388,27.406433,-0.049438097,0.008414499,1.6098588
2022-06-21 01:00:00,3.4722223e-05,27.129059,-0.05459912,0.03961753,1.2083093
2022-06-21 02:00:00,3.4722223e-05,27.23236,-0.050522342,0.082391314,1.4578
2022-06-21 03:00:00,3.4722223e-05,25.922302,-0.03961481,0.30467194,0.98506266
2022-06-21 04:00:00,3.4722223e-05,25.77948,-0.03863356,0.5336143,1.4752623
2022-06-21 05:00:00,3.4722223e-05,26.181854,-0.036128942,0.09185728,1.8223627
2022-06-21 06:00:00,3.4722223e-05,26.000916,-0.03876908,0.19037631,2.163047
2022-06-21 07:00:00,3.4722223e-05,25.91272,-0.06416762,0.59356725,2.0637965
2022-06-21 08:00:00,3.4722223e-05,25.67398,-0.058925275,2.3469217,1.2310202
2022-06-21 09:00:00,3.4722223e-05,25.430054,-0.05194814,1.0223519,0.58630425
2022-06-21 10:00:00,3.4722223e-05,25.183258,-0.046825066,0.2650544,0.938518
2022-06-21 11:00:00,3.4722223e-05,25.21399,-0.045713708,0.36988407,0.9053402
2022-06-21 12:00:00,32.749027,25.146454,-0.053037804,0.8572191,0.9702701
2022-06-21 13:00:00,120.070274,25.225494,-0.09432601,0.30502304,0.42063627
2022-06-21 14:00:00,170.12688,25.890594,-0.10916938,0.25979522,0.7319553
2022-06-21 15:00:00,289.38516,26.260468,-0.1536778,0.2527833,1.9197466
2022-06-21 16:00:00,584.28314,26.690857,-0.23960453,0.21456741,2.224437
2022-06-21 17:00:00,679.7382,27.319214,-0.24859296,0.11254288,1.6642618
2022-06-21 18:00:00,586.86145,27.534058,-0.21847795,0.1321761,1.085707
2022-06-21 19:00:00,518.7851,27.391083,-0.2015962,0.06310828,1.2158142
2022-06-21 20:00:00,548.4857,27.567108,-0.2080312,0.102375634,1.2159472
2022-06-21 21:00:00,414.05655,27.711334,-0.17698915,0.11008885,1.8341876
2022-06-21 22:00:00,215.66782,26.800903,-0.13219342,0.25067943,2.167179
2022-06-21 23:00:00,86.53778,26.040436,-0.09985568,0.87299573,3.127362
2022-06-22 00:00:00,4.1737847,26.165436,-0.056583304,0.21982658,3.04772
2022-06-22 01:00:00,3.4722223e-05,26.197388,-0.049459778,0.015426427,4.101903
2022-06-22 02:00:00,3.4722223e-05,25.938202,-0.05054404,0.05153846,3.2607205
2022-06-22 03:00:00,3.4722223e-05,26.045776,-0.04729128,0.17319712,2.2369945
2022-06-22 04:00:00,3.4722223e-05,26.58783,-0.037587263,0.01998432,1.8536092
2022-06-22 05:00:00,3.4722223e-05,26.14029,-0.0360422,0.062055886,1.5449581
2022-06-22 06:00:00,3.4722223e-05,25.773865,-0.035028424,0.17459877,0.7804902
2022-06-22 07:00:00,3.4722223e-05,25.35144,-0.04355605,0.103778206,0.61072356
2022-06-22 08:00:00,3.4722223e-05,25.078033,-0.043089822,0.053992495,0.74606854
2022-06-22 09:00:00,3.4722223e-05,25.01117,-0.04195135,0.14199317,0.69184643
2022-06-22 10:00:00,3.4722223e-05,25.055634,-0.037104763,0.102024525,0.25364575
2022-06-22 11:00:00,3.4722223e-05,25.02243,-0.03562476,0.034008175,0.9475571
2022-06-22 12:00:00,43.988262,25.175262,-0.047790047,0.03821496,1.0509896
2022-06-22 13:00:00,175.95303,25.303131,-0.09048235,0.05469378,0.69058657
2022-06-22 14:00:00,387.1052,26.413025,-0.1645745,0.09536371,0.25863346
2022-06-22 15:00:00,577.13214,26.890594,-0.22570448,0.17600134,1.1735927
2022-06-22 16:00:00,669.8807,26.944244,-0.27188805,0.18231198,1.9539974
2022-06-22 17:00:00,710.6069,27.144958,-0.28025845,0.15075785,2.4739904
2022-06-22 18:00:00,694.35345,27.053864,-0.2749619,0.1321761,2.962866
2022-06-22 19:00:00,608.1006,27.755768,-0.25752717,0.19984227,2.7637446
2022-06-22 20:00:00,508.50024,27.814362,-0.21078521,0.09781774,2.6763794
2022-06-22 21:00:00,349.4987,28.002594,-0.1593918,0.12937188,2.6740222
2022-06-22 22:00:00,195.1694,27.324402,-0.11585378,0.22894236,3.043204
2022-06-22 23:00:00,76.92246,27.111237,-0.089815535,1.1033406,3.5695784
2022-06-23 00:00:00,3.4472916,26.892273,-0.06518139,0.92453414,3.0776067
2022-06-23 01:00:00,3.4722223e-05,26.728882,-0.060963664,0.34569204,2.3545003
2022-06-23 02:00:00,3.4722223e-05,26.271454,-0.057851866,0.25453603,1.9386686
2022-06-23 03:00:00,3.4722223e-05,26.145233,-0.051194582,0.19458309,1.7577615
2022-06-23 04:00:00,3.4722223e-05,25.973053,-0.0505115,0.14655106,1.3207954
2022-06-23 05:00:00,3.4722223e-05,25.800201,-0.05096146,0.19423291,0.7941879
2022-06-23 06:00:00,3.4722223e-05,25.622955,-0.058383156,0.15847105,0.33263028
2022-06-23 07:00:00,3.4722223e-05,25.424438,-0.04376206,0.17459877,0.2503011
2022-06-23 08:00:00,3.4722223e-05,25.022858,-0.054582868,0.25944412,0.9787754
2022-06-23 09:00:00,3.4722223e-05,25.217407,-0.066618025,1.118767,1.2195694
2022-06-23 10:00:00,3.4722223e-05,25.080048,-0.062053338,1.4262441,1.2237163
2022-06-23 11:00:00,3.4722223e-05,25.345398,-0.054843083,0.16934052,2.1317565
2022-06-23 12:00:00,20.242014,25.24527,-0.05883312,0.022438355,2.7001154
2022-06-23 13:00:00,120.71132,26.020142,-0.078273706,0.29555616,2.8562558
2022-06-23 14:00:00,259.94098,25.945496,-0.119827546,0.4063463,2.8900852
2022-06-23 15:00:00,356.47867,26.06485,-0.14272688,0.11920463,3.2078605
2022-06-23 16:00:00,624.6532,26.312622,-0.22732,0.082391314,3.6021147
2022-06-23 17:00:00,612.8584,26.571472,-0.23208527,0.15075785,3.857027
2022-06-23 18:00:00,571.56244,26.720093,-0.2389811,0.32570773,3.3824213
2022-06-23 19:00:00,523.82776,26.13739,-0.2617449,0.73521024,3.6235945
2022-06-23 20:00:00,329.00024,25.766571,-0.1936107,1.6022455,3.1216764
2022-06-23 21:00:00,182.94728,26.581238,-0.14998594,0.6791139,2.813068
2022-06-23 22:00:00,142.50601,26.484253,-0.13023634,0.268911,3.7182953
2022-06-23 23:00:00,68.304306,26.480408,-0.10797128,0.9445185,3.507601
2022-06-24 00:00:00,2.9629514,26.241394,-0.08216073,0.91647077,3.7689874
2022-06-24 01:00:00,3.4722223e-05,26.303162,-0.07609436,0.48593247,3.6805997
2022-06-24 02:00:00,3.4722223e-05,26.424286,-0.06751794,0.5255509,2.7551131
2022-06-24 03:00:00,3.4722223e-05,25.68988,-0.060665496,1.3743546,3.249351
2022-06-24 04:00:00,3.4722223e-05,25.206451,-0.0635225,2.0664408,3.7511497
2022-06-24 05:00:00,3.4722223e-05,25.150848,-0.08019824,1.068281,4.0216775
2022-06-24 06:00:00,3.4722223e-05,24.810211,-0.081016846,1.6565892,4.052225
2022-06-24 07:00:00,3.4722223e-05,24.822418,-0.119914286,3.700591,4.215604
2022-06-24 08:00:00,3.4722223e-05,24.463074,-0.12332425,4.70927,4.1989098
2022-06-24 09:00:00,3.4722223e-05,24.661774,-0.12941772,4.9553914,4.1752443
2022-06-24 10:00:00,3.4722223e-05,24.8891,-0.13172175,6.520123,3.9308832
2022-06-24 11:00:00,3.4722223e-05,25.001862,-0.122440584,5.457803,3.1231232
2022-06-24 12:00:00,7.6637845,25.055084,-0.11783253,3.6543124,2.3845854
2022-06-24 13:00:00,35.313126,24.863434,-0.11981128,2.2266655,2.114817
2022-06-24 14:00:00,89.28705,25.311218,-0.13262169,3.6143436,2.2015512
2022-06-24 15:00:00,124.35799,25.417145,-0.15099429,6.5688567,2.6749926
2022-06-24 16:00:00,149.52875,25.414948,-0.17109627,6.905433,3.3307238
2022-06-24 17:00:00,163.70242,25.357605,-0.17420806,6.554482,3.556463
2022-06-24 18:00:00,214.08664,25.980865,-0.21208088,8.031914,4.0680637
2022-06-24 19:00:00,201.87875,26.251862,-0.1694699,2.4780464,4.14577
2022-06-24 20:00:00,137.70549,26.08612,-0.14827824,2.0895805,3.141858
2022-06-24 21:00:00,167.90465,25.8378,-0.13660088,0.6082924,3.2115824
2022-06-24 22:00:00,70.968124,25.852478,-0.11730125,1.5352806,4.1469684
2022-06-24 23:00:00,25.754791,25.126587,-0.11067648,3.2777665,4.622504
2022-06-25 00:00:00,0.6695139,24.906128,-0.10239282,4.013678,4.1825633
2022-06-25 01:00:00,3.4722223e-05,24.798279,-0.10712015,3.8997326,4.13236
2022-06-25 02:00:00,3.4722223e-05,24.70111,-0.10583532,2.119382,4.3279924
2022-06-25 03:00:00,3.4722223e-05,24.780426,-0.10426857,2.354985,4.167018
2022-06-25 04:00:00,3.4722223e-05,24.396149,-0.10632323,2.700327,4.1569586
2022-06-25 05:00:00,3.4722223e-05,24.447723,-0.109174795,2.7199612,3.6981456
2022-06-25 06:00:00,3.4722223e-05,24.371033,-0.11347385,2.8104157,3.5194316
2022-06-25 07:00:00,3.4722223e-05,24.266083,-0.10809055,5.602951,3.4822457
2022-06-25 08:00:00,3.4722223e-05,24.3078,-0.11892762,5.1436644,3.8890724
2022-06-25 09:00:00,3.4722223e-05,24.485046,-0.1214485,4.1837196,4.2345247
2022-06-25 10:00:00,3.4722223e-05,23.837097,-0.12439766,3.6192517,3.8138561
2022-06-25 11:00:00,3.4722223e-05,23.899536,-0.12512411,2.8367107,3.7790911
2022-06-25 12:00:00,13.746354,24.314636,-0.1212696,2.2312236,3.9546862
2022-06-25 13:00:00,59.472466,24.488464,-0.12662038,1.6537839,3.7885942
2022-06-25 14:00:00,150.18399,24.404938,-0.14995882,1.0809023,3.9009283
2022-06-25 15:00:00,124.38649,24.378052,-0.13173261,1.3186094,4.124182
2022-06-25 16:00:00,224.24324,24.952057,-0.16959459,0.87299573,4.1296906
2022-06-25 17:00:00,237.86137,25.490845,-0.1780192,0.24086237,3.966408
2022-06-25 18:00:00,261.13754,25.802124,-0.18032864,0.14444721,3.6435213
2022-06-25 19:00:00,229.85573,25.905426,-0.20635603,0.6132005,3.0867257
2022-06-25 20:00:00,303.85797,26.255554,-0.20176426,0.050486065,2.2580395
2022-06-25 21:00:00,349.68387,26.192566,-0.18903518,0.0,1.4186107
2022-06-25 22:00:00,235.66766,25.821991,-0.13497993,0.0,1.558624
2022-06-25 23:00:00,107.06469,26.05017,-0.101514585,0.0,0.9564395
2022-06-26 00:00:00,5.1139235,25.586334,-0.07122066,0.0,1.4998918
2022-06-26 01:00:00,3.4722223e-05,25.874939,-0.06945334,0.0,1.2890204
2022-06-26 02:00:00,3.4722223e-05,26.345398,-0.062497884,0.0,1.3263049
2022-06-26 03:00:00,3.4722223e-05,25.549957,-0.051097,0.0,1.543429
2022-06-26 04:00:00,3.4722223e-05,25.037262,-0.05066872,0.0,2.0430121
2022-06-26 05:00:00,3.4722223e-05,25.00531,-0.06017217,0.01156982,2.0739386
2022-06-26 06:00:00,3.4722223e-05,25.247467,-0.06215634,0.062055886,1.2980032
2022-06-26 07:00:00,3.4722223e-05,24.908142,-0.060145058,0.24121347,0.61448526
2022-06-26 08:00:00,3.4722223e-05,24.82489,-0.056979056,0.47857034,1.2672191
2022-06-26 09:00:00,3.4722223e-05,24.849304,-0.07169773,0.7520383,1.4077
2022-06-26 10:00:00,3.4722223e-05,24.859589,-0.07922784,0.667193,1.5159332
2022-06-26 11:00:00,3.4722223e-05,24.700867,-0.08901861,0.5841013,1.7912424
2022-06-26 12:00:00,19.15941,24.629272,-0.105152234,0.72679573,2.5406609
2022-06-26 13:00:00,79.686005,24.504272,-0.121437654,0.6251214,2.945329
2022-06-26 14:00:00,269.10043,24.992554,-0.1847307,0.6451057,2.7340522
2022-06-26 15:00:00,215.52536,24.537048,-0.15178579,0.8382862,2.6274755
2022-06-26 16:00:00,480.6087,25.077332,-0.24727018,0.41476077,2.1602943
2022-06-26 17:00:00,394.11368,25.268707,-0.20531517,0.43299234,2.2501266
2022-06-26 18:00:00,312.66132,25.785522,-0.17998168,0.3179945,3.3759782
2022-06-26 19:00:00,419.4696,26.192291,-0.22486417,0.026645139,3.3117924
2022-06-26 20:00:00,297.53326,26.950836,-0.18438374,0.035410747,2.7708797
2022-06-26 21:00:00,146.09573,27.052368,-0.13068089,0.08975342,2.0576136
2022-06-26 22:00:00,100.42656,26.92862,-0.103802346,0.06451085,1.5498719
2022-06-26 23:00:00,62.506634,26.840698,-0.08190594,0.037514605,1.7355901
2022-06-27 00:00:00,4.0598264,26.408386,-0.068163075,0.017179176,2.1615472
2022-06-27 01:00:00,3.4722223e-05,26.280396,-0.07831165,0.0070119277,2.2202063
2022-06-27 02:00:00,3.4722223e-05,26.468903,-0.085500225,0.0010514632,2.2417758
2022-06-27 03:00:00,3.4722223e-05,25.39325,-0.087733775,0.12621656,2.3063571
2022-06-27 04:00:00,3.4722223e-05,25.153992,-0.08611824,0.0063106418,2.2709653
2022-06-27 05:00:00,3.4722223e-05,25.227966,-0.08919752,0.0003501773,2.431717
2022-06-27 06:00:00,3.4722223e-05,24.926697,-0.09432059,0.0,2.8174264
2022-06-27 07:00:00,3.4722223e-05,24.709381,-0.09916718,0.070470385,3.1760256
2022-06-27 08:00:00,3.4722223e-05,24.644897,-0.10535824,0.09255856,3.1659796
2022-06-27 09:00:00,3.4722223e-05,24.318787,-0.10359634,0.2780268,2.8890395
2022-06-27 10:00:00,3.4722223e-05,24.560242,-0.09648909,0.40424243,2.6610332
2022-06-27 11:00:00,3.4722223e-05,24.6073,-0.08442681,0.5504433,2.9009123
2022-06-27 12:00:00,24.08816,24.397125,-0.082849234,0.80638194,3.6628137
2022-06-27 13:00:00,123.94489,24.236725,-0.117024764,1.1604885,3.616633
2022-06-27 14:00:00,213.95842,24.72116,-0.13807546,0.93855804,3.356843
2022-06-27 15:00:00,211.00974,24.447449,-0.13172719,0.51503253,3.254301
2022-06-27 16:00:00,309.14285,24.518524,-0.14784996,0.41546208,3.1428025
2022-06-27 17:00:00,304.4563,24.838043,-0.1489071,0.44140592,2.8786275
2022-06-27 18:00:00,341.87762,24.970154,-0.15509275,0.18511713,3.312005
2022-06-27 19:00:00,406.8059,25.34784,-0.23530008,1.0426865,3.675109
2022-06-27 20:00:00,230.34007,25.634735,-0.17863722,1.6285405,4.198948
2022-06-27 21:00:00,237.3343,25.912994,-0.17416468,1.3915347,3.3482823
2022-06-27 22:00:00,81.09625,25.120789,-0.114091866,1.870105,2.9100559
2022-06-27 23:00:00,48.575138,25.382294,-0.08544601,1.4939103,2.275465
2022-06-28 00:00:00,3.2478473,25.467926,-0.052240882,0.38320664,1.8973469
2022-06-28 01:00:00,3.4722223e-05,25.491638,-0.042043526,0.19563548,1.7906991
2022-06-28 02:00:00,3.4722223e-05,25.636383,-0.041463442,0.21596998,2.0670123
2022-06-28 03:00:00,3.4722223e-05,24.605133,-0.04667869,1.3775108,1.624951
2022-06-28 04:00:00,3.4722223e-05,24.525818,-0.050316345,1.2565534,1.4455312
2022-06-28 05:00:00,3.4722223e-05,24.037537,-0.04906945,1.0581129,1.5898632
2022-06-28 06:00:00,3.4722223e-05,24.1698,-0.051693335,0.68507344,1.5330927
2022-06-28 07:00:00,3.4722223e-05,24.102173,-0.06718726,0.604786,1.7609398
2022-06-28 08:00:00,3.4722223e-05,24.015839,-0.06923649,0.71347225,1.2778692
2022-06-28 09:00:00,3.4722223e-05,24.092255,-0.060578763,0.16197748,1.0520468
2022-06-28 10:00:00,3.4722223e-05,24.616089,-0.055515308,0.029100105,1.1119764
2022-06-28 11:00:00,3.4722223e-05,24.825134,-0.057689235,0.036112033,2.1587572
2022-06-28 12:00:00,20.427221,24.863983,-0.06945876,0.04487671,2.7906833
2022-06-28 13:00:00,79.51507,25.022156,-0.085543595,0.021386892,3.5753927
2022-06-28 14:00:00,229.38567,25.550232,-0.13251868,0.0010514632,4.182264
2022-06-28 15:00:00,377.7178,26.118774,-0.1878967,0.053992495,4.74181
2022-06-28 16:00:00,452.21866,26.108063,-0.22186622,0.09290874,5.0350723
2022-06-28 17:00:00,661.41925,26.508667,-0.29451632,0.23560318,4.548236
2022-06-28 18:00:00,709.45306,26.79309,-0.30510944,0.18371455,4.0126014
2022-06-28 19:00:00,688.0857,27.271881,-0.30949524,0.14655106,3.9846003
2022-06-28 20:00:00,612.1461,27.5578,-0.28582606,0.12481399,3.5570233
2022-06-28 21:00:00,389.31317,27.674957,-0.21455297,0.015776604,2.9829676
2022-06-28 22:00:00,244.9126,27.475739,-0.15388924,0.005609356,2.2980452
2022-06-28 23:00:00,86.39535,27.254059,-0.09567048,0.0,2.4683363
2022-06-29 00:00:00,5.512778,26.736542,-0.058930703,0.0,2.6422553
2022-06-29 01:00:00,3.4722223e-05,26.817505,-0.054680437,0.0014025718,2.6793354
2022-06-29 02:00:00,3.4722223e-05,26.818298,-0.055466518,0.0028051436,2.2085276
2022-06-29 03:00:00,3.4722223e-05,26.007507,-0.05309202,0.009465963,2.0025682
2022-06-29 04:00:00,3.4722223e-05,25.978699,-0.046776272,0.052589923,2.0313344
2022-06-29 05:00:00,3.4722223e-05,25.728455,-0.041550186,0.060654245,2.15296
2022-06-29 06:00:00,3.4722223e-05,25.342682,-0.046169095,0.10588113,2.0168364
2022-06-29 07:00:00,3.4722223e-05,25.171295,-0.074923374,0.5809451,1.7414844
2022-06-29 08:00:00,3.4722223e-05,25.052185,-0.07012015,1.1657476,1.6259679
2022-06-29 09:00:00,3.4722223e-05,24.72992,-0.07191458,1.075293,1.3513823
2022-06-29 10:00:00,3.4722223e-05,24.229614,-0.07181158,0.7972661,1.6519487
2022-06-29 11:00:00,3.4722223e-05,24.429901,-0.0700551,0.99149907,0.9782522
2022-06-29 12:00:00,18.148022,24.676178,-0.06482359,0.566571,0.27073455
2022-06-29 13:00:00,80.854065,24.678894,-0.06594037,0.7204842,0.22179794
2022-06-29 14:00:00,127.805275,25.48645,-0.06784865,0.7359106,0.46318308
2022-06-29 15:00:00,148.6883,26.04361,-0.07830623,0.5623633,0.6581155
2022-06-29 16:00:00,308.65854,26.471619,-0.118445136,0.5094232,1.2832524
2022-06-29 17:00:00,511.74808,27.07663,-0.22241378,0.51538277,1.7880242
2022-06-29 18:00:00,371.22217,27.155945,-0.18515354,0.31098258,2.258506
2022-06-29 19:00:00,627.9295,27.155426,-0.28015003,0.29766,2.527786
2022-06-29 20:00:00,588.1577,27.830261,-0.26180455,0.082040206,2.6039312
2022-06-29 21:00:00,307.3622,27.878113,-0.1624277,0.15251152,2.774955
2022-06-29 22:00:00,269.25714,27.153229,-0.15639384,0.07993728,2.953884
2022-06-29 23:00:00,88.090485,26.77359,-0.09960088,0.088701956,2.9459655
2022-06-30 00:00:00,4.643854,26.16568,-0.06590242,0.08589681,2.5084877
2022-06-30 01:00:00,3.4722223e-05,25.966217,-0.06542535,0.48102438,2.2126434
2022-06-30 02:00:00,3.4722223e-05,25.436493,-0.06252498,1.7480953,2.1214821
2022-06-30 03:00:00,3.4722223e-05,25.092682,-0.05999868,1.0065744,2.1910524
2022-06-30 04:00:00,3.4722223e-05,25.269684,-0.054208793,0.21737255,2.253924
2022-06-30 05:00:00,3.4722223e-05,25.07898,-0.0446403,0.48908776,2.016317
2022-06-30 06:00:00,3.4722223e-05,24.996948,-0.044667408,0.8333782,2.1279888
2022-06-30 07:00:00,3.4722223e-05,24.956024,-0.07808938,1.4020522,1.8813663
2022-06-30 08:00:00,3.4722223e-05,24.887848,-0.06972982,1.1040419,1.9639663
2022-06-30 09:00:00,3.4722223e-05,24.785522,-0.06763721,1.2011584,1.8678427
2022-06-30 10:00:00,3.4722223e-05,25.109833,-0.065690994,1.303534,1.6808734
2022-06-30 11:00:00,3.4722223e-05,24.988434,-0.06723605,1.5622768,2.1204157
2022-06-30 12:00:00,8.603924,24.97937,-0.07165979,1.2737327,2.6553278
2022-06-30 13:00:00,41.281734,24.407135,-0.09023297,1.5724441,3.366237
2022-06-30 14:00:00,53.931213,25.190094,-0.11526286,1.7701834,4.268144
2022-06-30 15:00:00,95.825455,25.335632,-0.13987531,1.3403465,4.8393583
2022-06-30 16:00:00,139.72827,25.702362,-0.14077525,0.97852665,4.838606
2022-06-30 17:00:00,163.78789,26.163055,-0.12424585,1.0809023,4.431476
2022-06-30 18:00:00,141.1385,26.583862,-0.10446374,1.1254288,4.3188887
2022-06-30 19:00:00,501.4775,26.575867,-0.25495207,0.47260988,4.4743347
2022-06-30 20:00:00,316.1941,26.732147,-0.22348718,1.7351229,5.137449
2022-06-30 21:00:00,286.6644,27.18283,-0.2072397,0.27662423,4.826441
2022-06-30 22:00:00,146.3094,27.235779,-0.159549,0.24507008,4.041137
2022-06-30 23:00:00,79.85694,27.068542,-0.13153201,0.63178223,3.563753
2022-07-01 00:00:00,2.8205209,26.683289,-0.09615297,0.6093439,2.9535465
2022-07-01 01:00:00,3.4722223e-05,26.092438,-0.079634435,1.574548,2.7001176
2022-07-01 02:00:00,3.4722223e-05,25.638153,-0.07832792,2.0443537,2.6997583
2022-07-01 03:00:00,3.4722223e-05,25.26651,-0.08545685,0.22122917,2.8880684
2022-07-01 04:00:00,3.4722223e-05,24.95401,-0.090314284,0.4515741,2.7327042
2022-07-01 05:00:00,3.4722223e-05,24.98236,-0.08198183,1.1107037,2.4087064
2022-07-01 06:00:00,3.4722223e-05,25.016815,-0.08059941,0.6426508,2.3247986
2022-07-01 07:00:00,3.4722223e-05,24.994324,-0.07093876,0.5367696,2.5170324
2022-07-01 08:00:00,3.4722223e-05,24.875122,-0.08014403,0.5336143,2.453329
2022-07-01 09:00:00,3.4722223e-05,24.950134,-0.08616161,1.0076268,2.7147908
2022-07-01 10:00:00,3.4722223e-05,24.670807,-0.08958242,1.1320896,4.0591645
2022-07-01 11:00:00,3.4722223e-05,24.870728,-0.08486594,0.6300295,3.8349724
2022-07-01 12:00:00,22.948542,25.03778,-0.08924088,0.17179456,3.6299043
2022-07-01 13:00:00,128.65996,24.997223,-0.11757231,0.24787429,3.6745448
2022-07-01 14:00:00,184.65666,25.740906,-0.1268047,0.42282417,3.6562886
2022-07-01 15:00:00,321.22253,26.099976,-0.1590611,0.45858604,3.465571
2022-07-01 16:00:00,466.5775,26.674683,-0.19116029,0.19037631,4.0212436
2022-07-01 17:00:00,696.5329,27.438416,-0.2911877,0.3151903,4.338053
2022-07-01 18:00:00,391.89148,26.791168,-0.20403574,1.8168129,4.213462
2022-07-01 19:00:00,616.6048,26.88498,-0.27129716,0.097116455,4.3341885
2022-07-01 20:00:00,460.62314,27.231384,-0.22301011,0.1325272,4.19973
2022-07-01 21:00:00,346.67816,27.479706,-0.18590167,0.14549959,4.4789143
2022-07-01 22:00:00,194.35745,27.202576,-0.14738916,0.27942842,3.6952791
2022-07-01 23:00:00,69.70031,26.729156,-0.104686014,1.0381285,3.123539
2022-07-02 00:00:00,4.6153817,26.01117,-0.064698905,1.97809,2.5310903
2022-07-02 01:00:00,3.4722223e-05,26.01532,-0.053916052,0.7401183,2.267338
2022-07-02 02:00:00,3.4722223e-05,26.110535,-0.046114873,0.09816792,1.9107844
2022-07-02 03:00:00,3.4722223e-05,25.460114,-0.038232394,0.055395067,1.4919121
2022-07-02 04:00:00,3.4722223e-05,25.264313,-0.03563019,0.063809566,1.5680103
2022-07-02 05:00:00,3.4722223e-05,25.14618,-0.033065937,0.18301326,1.96146
2022-07-02 06:00:00,3.4722223e-05,25.17279,-0.03451883,0.38566068,2.3868625
2022-07-02 07:00:00,3.4722223e-05,25.15979,-0.06425436,0.18266308,2.0546358
2022-07-02 08:00:00,3.4722223e-05,24.96814,-0.064053774,0.41230676,2.1498792
2022-07-02 09:00:00,3.4722223e-05,24.736694,-0.058816846,1.269876,1.9666065
2022-07-02 10:00:00,3.4722223e-05,24.768219,-0.06029685,1.7572111,2.663288
2022-07-02 11:00:00,3.4722223e-05,24.77771,-0.064471215,2.16496,1.1569314
2022-07-02 12:00:00,7.122465,24.6427,-0.06728484,2.0120983,0.8385972
2022-07-02 13:00:00,26.011215,24.699097,-0.074608944,2.265933,0.6222009
2022-07-02 14:00:00,67.32143,25.257996,-0.07741714,2.107461,0.95547503
2022-07-02 15:00:00,118.85948,25.572174,-0.07934711,1.6373061,0.8913408
2022-07-02 16:00:00,102.078995,25.65915,-0.07450594,2.3493757,1.3846436
2022-07-02 17:00:00,111.32392,25.993622,-0.07666359,3.3668196,0.9429918
2022-07-02 18:00:00,70.32708,26.161987,-0.06797334,3.557196,0.60664874
2022-07-02 19:00:00,640.69293,26.470825,-0.23496936,0.010167249,1.0859517
2022-07-02 20:00:00,513.7566,27.092957,-0.20232806,0.009465963,1.5986148
2022-07-02 21:00:00,375.0255,27.439636,-0.16703033,0.01156982,2.0952692
2022-07-02 22:00:00,228.08937,27.980194,-0.12781847,0.0070119277,1.7594345
2022-07-02 23:00:00,86.18166,27.637115,-0.0885578,0.0010514632,1.9359412
2022-07-03 00:00:00,5.569757,27.136627,-0.055244252,0.005609356,1.6656762
2022-07-03 01:00:00,3.4722223e-05,26.94574,-0.04681964,0.04803203,1.6403402
2022-07-03 02:00:00,3.4722223e-05,26.806793,-0.039191946,0.07537939,1.7836615
2022-07-03 03:00:00,3.4722223e-05,25.886383,-0.037321616,0.05013589,1.8188113
2022-07-03 04:00:00,3.4722223e-05,25.643494,-0.037267398,0.04487671,1.7299498
2022-07-03 05:00:00,3.4722223e-05,25.915436,-0.036508426,0.028748997,1.5611604
2022-07-03 06:00:00,3.4722223e-05,25.492859,-0.038817875,0.03681332,1.5689064
2022-07-03 07:00:00,3.4722223e-05,25.8544,-0.046613626,0.42422676,1.6646941
2022-07-03 08:00:00,3.4722223e-05,25.3107,-0.043843377,0.5444828,1.5956923
2022-07-03 09:00:00,3.4722223e-05,25.249664,-0.040596046,0.31168386,1.2750401
2022-07-03 10:00:00,3.4722223e-05,25.832977,-0.040455095,0.2611978,1.5601124
2022-07-03 11:00:00,3.4722223e-05,25.564362,-0.043480147,0.5444828,1.5924456
2022-07-03 12:00:00,35.669235,25.304626,-0.058507837,1.0938747,1.4216897
2022-07-03 13:00:00,129.89928,25.275818,-0.092856854,1.1278828,1.562432
2022-07-03 14:00:00,164.08702,25.75357,-0.10260967,1.4609536,1.9675026
2022-07-03 15:00:00,271.83545,25.77237,-0.13743575,1.0966789,1.8539916
2022-07-03 16:00:00,268.38818,25.94986,-0.12052689,0.62371886,1.6782912
2022-07-03 17:00:00,224.59938,26.406189,-0.1215515,0.49504822,1.8094356
2022-07-03 18:00:00,240.90977,26.651062,-0.11378828,0.4582349,2.177361
2022-07-03 19:00:00,235.18333,26.82367,-0.13227473,1.0486469,2.280801
2022-07-03 20:00:00,209.10092,27.027008,-0.122684546,1.0195467,2.2868054
2022-07-03 21:00:00,224.07231,27.257751,-0.13667677,0.59076214,2.3063226
2022-07-03 22:00:00,159.20103,27.213287,-0.104892015,0.10027178,2.4604487
2022-07-03 23:00:00,67.449615,26.987213,-0.07307473,0.47927165,2.8935738
2022-07-04 00:00:00,4.3447223,26.161041,-0.05460996,1.1703055,2.8929715
2022-07-04 01:00:00,3.4722223e-05,26.253784,-0.054572023,1.4939103,2.9601593
2022-07-04 02:00:00,3.4722223e-05,25.813904,-0.061337736,1.8059443,3.51173
2022-07-04 03:00:00,3.4722223e-05,25.351288,-0.057846453,1.9482887,3.5876372
2022-07-04 04:00:00,3.4722223e-05,25.227417,-0.058296412,1.9349661,3.6424649
2022-07-04 05:00:00,3.4722223e-05,25.311218,-0.053888943,1.3894309,3.625499
2022-07-04 06:00:00,3.4722223e-05,25.28067,-0.042038098,1.1597872,3.116197
2022-07-04 07:00:00,3.4722223e-05,25.359802,-0.07012015,6.670531,2.5436993
2022-07-04 08:00:00,3.4722223e-05,25.16568,-0.057868134,6.834612,2.3729734
2022-07-04 09:00:00,3.4722223e-05,25.062653,-0.065690994,5.6390634,1.5936477
2022-07-04 10:00:00,3.4722223e-05,25.31192,-0.06392908,5.338248,2.909938
2022-07-04 11:00:00,3.4722223e-05,25.177185,-0.05587854,6.2333317,2.1651983
2022-07-04 12:00:00,4.4586806,24.67987,-0.05270711,7.2423606,1.704639
2022-07-04 13:00:00,17.677952,24.758911,-0.064200155,8.666852,1.7177321
2022-07-04 14:00:00,33.6892,24.828308,-0.09980689,8.242975,2.6852405
2022-07-04 15:00:00,55.626354,25.264862,-0.13371135,5.8890414,3.2635815
2022-07-04 16:00:00,101.36674,25.3815,-0.18158095,3.4839203,3.6710746
2022-07-04 17:00:00,150.45465,26.037537,-0.22039707,2.8212843,3.4955165
2022-07-04 18:00:00,243.2602,26.560669,-0.25752175,2.8735242,3.1474516
2022-07-04 19:00:00,108.28976,26.217407,-0.1230315,6.0566287,3.6215537
2022-07-04 20:00:00,72.73448,26.526245,-0.112172745,6.4759474,3.912247
2022-07-04 21:00:00,88.005,26.190094,-0.115674876,6.018764,4.0372424
2022-07-04 22:00:00,53.16198,25.999146,-0.10608469,6.6424828,4.024029
2022-07-04 23:00:00,18.931494,25.845337,-0.09811546,7.556499,3.8963177
2022-07-05 00:00:00,1.5099653,25.430603,-0.092499055,8.532221,3.4301088
2022-07-05 01:00:00,3.4722223e-05,25.188446,-0.09247194,8.403901,3.6960278
2022-07-05 02:00:00,3.4722223e-05,25.272125,-0.092856854,8.157078,3.427212
2022-07-05 03:00:00,3.4722223e-05,24.755768,-0.09656498,6.9815135,3.139904
2022-07-05 04:00:00,3.4722223e-05,24.691559,-0.09247737,4.5567584,2.5150445
2022-07-05 05:00:00,3.4722223e-05,24.815826,-0.09632645,3.9032385,2.6096694
2022-07-05 06:00:00,3.4722223e-05,24.660278,-0.09846784,3.5421197,2.5546818
2022-07-05 07:00:00,3.4722223e-05,24.68988,-0.07061348,0.81409514,2.5714931
2022-07-05 08:00:00,3.4722223e-05,24.582458,-0.06761012,1.1902899,2.626696
2022-07-05 09:00:00,3.4722223e-05,24.575073,-0.07060264,0.78359246,2.39848
2022-07-05 10:00:00,3.4722223e-05,25.05783,-0.06730111,0.39617902,1.7625313
2022-07-05 11:00:00,3.4722223e-05,24.941345,-0.06078476,1.065826,1.9169894
2022-07-05 12:00:00,16.62382,24.907898,-0.06813597,0.77237374,2.9083138
2022-07-05 13:00:00,72.81996,24.654205,-0.08138007,0.33868012,3.5679162
2022-07-05 14:00:00,123.77396,25.014069,-0.09094316,0.48488098,3.499975
2022-07-05 15:00:00,188.87315,25.336884,-0.11619531,0.37829858,3.2152512
2022-07-05 16:00:00,323.06015,26.017517,-0.16320293,0.36287215,3.3385432
2022-07-05 17:00:00,392.7889,26.409882,-0.19763869,0.69138503,3.4139328
2022-07-05 18:00:00,562.7163,26.860565,-0.23644395,0.58620423,3.6753914
2022-07-05 19:00:00,443.05917,26.569733,-0.19908614,0.5788421,3.8603134
2022-07-05 20:00:00,452.67447,27.133026,-0.2164016,0.19563548,4.166419
2022-07-05 21:00:00,244.67044,27.311218,-0.16775136,0.65246785,4.376845
2022-07-05 22:00:00,193.47426,26.838318,-0.15003473,0.05329121,3.2139218
2022-07-05 23:00:00,95.83972,26.525269,-0.11764821,0.7194327,2.5162132
2022-07-06 00:00:00,5.1851735,26.4711,-0.08044762,0.24121347,2.00916
2022-07-06 01:00:00,3.4722223e-05,26.260895,-0.0640863,0.6798152,1.7889168
2022-07-06 02:00:00,3.4722223e-05,25.88153,-0.057212163,1.3827691,1.2721267
2022-07-06 03:00:00,3.4722223e-05,25.132202,-0.057195894,1.5983889,0.61386186
2022-07-06 04:00:00,3.4722223e-05,25.360504,-0.06931781,0.2366556,1.3255503
2022-07-06 05:00:00,3.4722223e-05,25.28778,-0.0683203,0.0613546,1.6956108
2022-07-06 06:00:00,3.4722223e-05,25.151001,-0.06658008,0.40529484,2.0407531
2022-07-06 07:00:00,3.4722223e-05,24.942047,-0.06981656,0.20159501,2.3200388
2022-07-06 08:00:00,3.4722223e-05,24.579987,-0.07489627,0.6584283,2.5748258
2022-07-06 09:00:00,3.4722223e-05,24.790192,-0.08362989,0.9280406,2.3435466
2022-07-06 10:00:00,3.4722223e-05,24.97702,-0.08124454,0.6948905,2.1675324
2022-07-06 11:00:00,3.4722223e-05,25.253326,-0.072754875,0.17214474,2.5410423
2022-07-06 12:00:00,23.917223,25.252808,-0.076994285,0.24857558,2.6267383
2022-07-06 13:00:00,85.896774,25.05194,-0.08623751,0.4182663,2.5551302
2022-07-06 14:00:00,232.70473,26.23648,-0.13136938,0.097116455,2.8965318
2022-07-06 15:00:00,365.83755,26.449402,-0.16165788,0.07923599,2.8658886
2022-07-06 16:00:00,479.2697,26.92572,-0.1847849,0.14970638,2.8173604
2022-07-06 17:00:00,549.21216,27.817078,-0.1998885,0.09255856,2.6092079
2022-07-06 18:00:00,427.64618,27.62735,-0.16469377,0.03155414,2.8975334
2022-07-06 19:00:00,660.94916,27.744781,-0.27864835,0.18792227,3.6861753
2022-07-06 20:00:00,513.2865,27.9599,-0.23068659,0.11079013,3.21504
2022-07-06 21:00:00,286.16583,27.828491,-0.14096498,0.027697533,2.1631005
2022-07-06 22:00:00,193.24634,27.610474,-0.10798755,0.005609356,2.3531551
2022-07-06 23:00:00,93.7742,27.291199,-0.07767737,0.019633211,2.278995
2022-07-07 00:00:00,5.4700694,27.153748,-0.04859238,0.029100105,2.2240248
2022-07-07 01:00:00,3.4722223e-05,26.827087,-0.045139052,0.03470946,1.9826353
2022-07-07 02:00:00,3.4722223e-05,26.49945,-0.04150682,0.031904317,1.9955322
2022-07-07 03:00:00,3.4722223e-05,26.184052,-0.038113125,0.037514605,1.9073907
2022-07-07 04:00:00,3.4722223e-05,26.655457,-0.036492173,0.14479831,1.3969408
2022-07-07 05:00:00,3.4722223e-05,26.60785,-0.029184332,0.11955481,1.3309453
2022-07-07 06:00:00,3.4722223e-05,26.484528,-0.027178466,0.21807384,1.4589739
2022-07-07 07:00:00,3.4722223e-05,26.423492,-0.045984764,1.2011584,1.3296583
2022-07-07 08:00:00,3.4722223e-05,25.241669,-0.05144939,0.9652041,1.3418921
2022-07-07 09:00:00,3.4722223e-05,24.683014,-0.051411435,0.4102029,1.5134004
2022-07-07 10:00:00,3.4722223e-05,24.871246,-0.048744187,0.5059168,2.0149333
2022-07-07 11:00:00,3.4722223e-05,25.048767,-0.04811531,0.4438609,1.8736972
2022-07-07 12:00:00,27.093819,25.36322,-0.056594145,0.69804585,2.5282068
2022-07-07 13:00:00,115.5974,25.202576,-0.0820252,1.113859,2.9733543
2022-07-07 14:00:00,150.29796,25.27707,-0.093426086,1.43536,3.2665465
2022-07-07 15:00:00,351.17953,25.736511,-0.15161774,1.0605679,3.115399
2022-07-07 16:00:00,347.889,25.825134,-0.12493978,0.5427301,2.6548247
2022-07-07 17:00:00,423.89978,26.49356,-0.15730461,0.2313964,2.0017405
2022-07-07 18:00:00,434.79712,26.700348,-0.15463737,0.34849718,1.9619906
2022-07-07 19:00:00,467.51767,26.893494,-0.18160807,0.15461445,1.8972791
2022-07-07 20:00:00,417.81723,27.49945,-0.169703,0.12446288,1.8407892
2022-07-07 21:00:00,330.23956,27.54065,-0.14746507,0.118853524,2.140414
2022-07-07 22:00:00,174.54277,27.338562,-0.10173685,0.6507151,1.9338217
2022-07-07 23:00:00,62.0508,26.891571,-0.0725326,0.8277688,2.4060922
2022-07-08 00:00:00,4.301979,26.817505,-0.054805133,0.098869205,2.4310508
2022-07-08 01:00:00,3.4722223e-05,26.612244,-0.04735634,0.8901758,2.6764336
2022-07-08 02:00:00,3.4722223e-05,26.256256,-0.03975033,0.5294075,2.0135252
2022-07-08 03:00:00,3.4722223e-05,25.848083,-0.03372191,0.45472944,2.1549265
2022-07-08 04:00:00,3.4722223e-05,25.968414,-0.03862272,0.01156982,2.2529936
2022-07-08 05:00:00,3.4722223e-05,25.90393,-0.044434287,0.0052591786,2.638963
2022-07-08 06:00:00,3.4722223e-05,25.911316,-0.045209527,0.015426427,2.2250676
2022-07-08 07:00:00,3.4722223e-05,25.687164,-0.06898711,0.14339574,2.4745271
2022-07-08 08:00:00,3.4722223e-05,25.583435,-0.06684029,0.113945454,1.9723744
2022-07-08 09:00:00,3.4722223e-05,25.765076,-0.06699751,0.6580772,1.5898867
2022-07-08 10:00:00,3.4722223e-05,25.285828,-0.06073597,0.6373925,2.0202882
2022-07-08 11:00:00,3.4722223e-05,25.4487,-0.058838546,0.056096353,2.0937583
2022-07-08 12:00:00,21.937153,25.284332,-0.06609216,0.025243498,2.4617891
2022-07-08 13:00:00,64.23028,25.415497,-0.083993115,0.04662946,3.070815
2022-07-08 14:00:00,139.40062,26.153046,-0.10762432,0.1651328,3.8083928
2022-07-08 15:00:00,159.14406,26.212341,-0.10971692,0.16338006,3.6641898
2022-07-08 16:00:00,200.76765,26.300415,-0.13153201,0.023489818,3.1811397
2022-07-08 17:00:00,324.9262,26.8544,-0.17951004,0.10763481,3.1380868
2022-07-08 18:00:00,408.3871,27.216736,-0.21131648,0.3348235,3.4883213
2022-07-08 19:00:00,515.6939,26.84903,-0.21530652,0.20019338,3.6319501
2022-07-08 20:00:00,323.04587,26.731873,-0.1747285,1.1387514,3.5633178
2022-07-08 21:00:00,168.37476,26.857117,-0.13344029,1.8206695,3.433723
2022-07-08 22:00:00,92.73431,27.097351,-0.108041756,0.13918802,4.7871656
2022-07-08 23:00:00,49.743195,27.120972,-0.0888885,0.08694921,4.570201
2022-07-09 00:00:00,3.874618,26.815582,-0.06367429,0.46524686,3.7962637
2022-07-09 01:00:00,3.4722223e-05,26.54364,-0.04681964,0.9182235,3.4436662
2022-07-09 02:00:00,3.4722223e-05,26.463257,-0.041956782,0.093610026,3.292926
2022-07-09 03:00:00,3.4722223e-05,26.13028,-0.04336088,0.48312825,3.198244
2022-07-09 04:00:00,3.4722223e-05,26.118774,-0.04115986,0.10588113,2.716173
2022-07-09 05:00:00,3.4722223e-05,26.269958,-0.04228206,0.17775409,2.4625716
2022-07-09 06:00:00,3.4722223e-05,26.130035,-0.046911795,0.19177887,2.9289844
2022-07-09 07:00:00,3.4722223e-05,26.153992,-0.065604255,0.7222379,3.2346067
2022-07-09 08:00:00,3.4722223e-05,25.618286,-0.060237218,1.2148321,2.7602525
2022-07-09 09:00:00,3.4722223e-05,25.519653,-0.056539923,0.6622849,2.6667066
2022-07-09 10:00:00,3.4722223e-05,25.508942,-0.05363957,0.808836,2.184509
2022-07-09 11:00:00,3.4722223e-05,26.053162,-0.05028381,0.9827344,2.2381546
2022-07-09 12:00:00,14.672256,25.699097,-0.046201617,1.3694465,2.3271866
2022-07-09 13:00:00,50.028126,25.529938,-0.051102426,1.8949975,2.494497
2022-07-09 14:00:00,84.571976,26.136444,-0.07220733,2.0717,3.2609162
2022-07-09 15:00:00,163.70242,26.091736,-0.115181535,1.1703055,4.2774196
2022-07-09 16:00:00,271.16595,26.274078,-0.15557525,0.576037,4.8423586
2022-07-09 17:00:00,502.31796,26.968414,-0.2368126,0.16934052,5.089336
2022-07-09 18:00:00,527.5029,26.998444,-0.2311203,0.20965934,4.674324
2022-07-09 19:00:00,455.77985,27.2052,-0.22844762,0.34148526,4.765823
2022-07-09 20:00:00,293.06033,27.036041,-0.16582139,0.056096353,4.65886
2022-07-09 21:00:00,330.68115,27.384216,-0.17951545,0.120256096,4.6437354
2022-07-09 22:00:00,181.09543,27.26651,-0.1485493,0.70856416,4.397882
2022-07-09 23:00:00,57.620625,26.9758,-0.102745205,0.26715732,3.8524468
2022-07-10 00:00:00,3.3190625,26.695496,-0.07152967,0.808836,3.0375292
2022-07-10 01:00:00,3.4722223e-05,25.995544,-0.059662562,3.7622974,2.4971473
2022-07-10 02:00:00,3.4722223e-05,26.015747,-0.05889275,2.0818672,2.4832559
2022-07-10 03:00:00,3.4722223e-05,25.575073,-0.060573336,0.2899468,2.779458
2022-07-10 04:00:00,3.4722223e-05,25.552673,-0.056848947,0.92208016,2.8727837
2022-07-10 05:00:00,3.4722223e-05,25.616882,-0.05324924,0.7460788,3.1396604
2022-07-10 06:00:00,3.4722223e-05,25.423737,-0.05582975,1.3070395,3.1855683
2022-07-10 07:00:00,3.4722223e-05,25.635437,-0.08066448,5.8055987,2.3692775
2022-07-10 08:00:00,3.4722223e-05,25.59906,-0.07195795,6.29679,1.4086094
2022-07-10 09:00:00,3.4722223e-05,25.09024,-0.06312132,5.886938,1.411001
2022-07-10 10:00:00,3.4722223e-05,25.207672,-0.068981685,4.083798,3.8690548
2022-07-10 11:00:00,3.4722223e-05,25.202576,-0.08451356,1.973181,4.447758
2022-07-10 12:00:00,25.66934,24.924225,-0.094429016,1.9472371,4.445548
2022-07-10 13:00:00,105.11313,25.088287,-0.1193559,2.0657396,4.4407187
2022-07-10 14:00:00,130.82518,25.722107,-0.1164989,2.8079617,4.2633862
2022-07-10 15:00:00,135.68271,25.689087,-0.1218063,3.1094785,4.360923
2022-07-10 16:00:00,174.47156,25.688385,-0.14756264,3.1862605,4.541908
2022-07-10 17:00:00,254.5564,26.228912,-0.18167853,3.7822812,4.8704023
2022-07-10 18:00:00,216.55101,26.414001,-0.17019092,5.7249603,5.106657
2022-07-10 19:00:00,301.764,26.425934,-0.19659238,0.62196606,5.312132
2022-07-10 20:00:00,415.96533,26.798706,-0.2363518,0.5788421,5.093203
2022-07-10 21:00:00,258.0464,26.997742,-0.18755516,0.51363,4.553041
2022-07-10 22:00:00,142.27809,26.544617,-0.16321377,0.9332988,4.0353775
2022-07-10 23:00:00,48.119305,26.160767,-0.13155371,1.1398028,3.6721656
2022-07-11 00:00:00,2.6780555,26.002563,-0.112817876,0.57253146,3.1148753
2022-07-11 01:00:00,3.4722223e-05,25.828583,-0.10870315,0.19037631,3.0778222
2022-07-11 02:00:00,3.4722223e-05,25.825317,-0.11023194,0.21807384,3.3802984
2022-07-11 03:00:00,3.4722223e-05,25.711151,-0.11351722,0.2068542,3.7223759
2022-07-11 04:00:00,3.4722223e-05,25.58316,-0.11635795,0.3099311,3.2054138
2022-07-11 05:00:00,3.4722223e-05,25.34198,-0.11505685,0.3218511,3.2016768
2022-07-11 06:00:00,3.4722223e-05,24.887146,-0.11078491,0.8992907,3.5084307
2022-07-11 07:00:00,3.4722223e-05,24.835144,-0.09342066,1.855379,3.9549966
2022-07-11 08:00:00,3.4722223e-05,24.786316,-0.1026422,1.6790274,4.100119
2022-07-11 09:00:00,3.4722223e-05,24.777527,-0.1075918,2.6270514,4.3044577
2022-07-11 10:00:00,3.4722223e-05,24.38272,-0.108925425,3.4940877,4.4013515
2022-07-11 11:00:00,3.4722223e-05,24.443054,-0.11021026,5.064078,3.6226704
2022-07-11 12:00:00,7.008507,24.099548,-0.110112675,7.8092823,3.350498
2022-07-11 13:00:00,22.12236,24.19986,-0.10669187,10.933837,3.519515
2022-07-11 14:00:00,35.18493,24.6073,-0.100435756,12.755909,3.7681417
2022-07-11 15:00:00,44.34441,24.751617,-0.098863594,13.035337,3.8850837
2022-07-11 16:00:00,63.7317,25.069489,-0.09763297,11.403992,3.9168985
2022-07-11 17:00:00,73.17608,25.81311,-0.09503077,8.961356,3.0962076
2022-07-11 18:00:00,65.89694,26.092163,-0.09404952,6.472441,2.7549655
2022-07-11 19:00:00,141.08153,26.396881,-0.10381861,2.2764513,2.470426
2022-07-11 20:00:00,149.47177,26.434296,-0.09432059,1.1271815,2.1546228
2022-07-11 21:00:00,134.17274,26.389313,-0.08719165,0.47260988,2.006201
2022-07-11 22:00:00,71.92253,26.057037,-0.0707978,0.19177887,1.4739132
2022-07-11 23:00:00,27.321735,26.128357,-0.057949454,0.07923599,1.946592
2022-07-12 00:00:00,2.207986,26.026825,-0.0540841,0.030501746,2.0370219
2022-07-12 01:00:00,3.4722223e-05,26.19159,-0.055623736,0.014725141,1.973763
2022-07-12 02:00:00,3.4722223e-05,26.00116,-0.058469888,0.077132136,2.4030914
2022-07-12 03:00:00,3.4722223e-05,25.658081,-0.0607414,0.09431131,2.890171
2022-07-12 04:00:00,3.4722223e-05,25.497955,-0.062140085,0.17635244,2.701381
2022-07-12 05:00:00,3.4722223e-05,25.33783,-0.068651,0.2366556,2.7066097
2022-07-12 06:00:00,3.4722223e-05,24.863708,-0.07002257,0.2527833,2.972101
2022-07-12 07:00:00,3.4722223e-05,24.6203,-0.091517806,0.84635055,2.8835547
2022-07-12 08:00:00,3.4722223e-05,24.510437,-0.080209084,1.2285048,2.787434
2022-07-12 09:00:00,3.4722223e-05,24.49112,-0.07150257,1.1380501,2.385661
2022-07-12 10:00:00,3.4722223e-05,24.695953,-0.06928527,0.9711646,2.1779907
2022-07-12 11:00:00,3.4722223e-05,24.651764,-0.07434872,1.0090294,1.9939169
2022-07-12 12:00:00,13.034098,24.503845,-0.07558476,0.66088235,1.9313843
2022-07-12 13:00:00,53.78875,24.648865,-0.080035605,0.39617902,2.0819497
2022-07-12 14:00:00,132.6058,25.445251,-0.10548835,0.5062679,2.1655283
2022-07-12 15:00:00,186.46576,25.512634,-0.1110126,0.43193996,2.3537714
2022-07-12 16:00:00,435.90823,26.022614,-0.18793465,0.36567634,2.2704444
2022-07-12 17:00:00,396.73477,26.364899,-0.18725699,0.3355248,2.1130667
2022-07-12 18:00:00,547.71643,26.543121,-0.21424395,0.51959044,2.2617886
2022-07-12 19:00:00,607.602,26.672333,-0.24253744,0.69138503,2.1431623
2022-07-12 20:00:00,397.51822,26.814362,-0.17196909,1.1776676,1.9071469
2022-07-12 21:00:00,242.7901,27.336792,-0.1267071,0.75238943,1.9694942
2022-07-12 22:00:00,126.594444,26.298767,-0.09638608,1.1310382,2.2056823
2022-07-12 23:00:00,42.93413,26.203278,-0.06505128,1.1566318,1.7785591
2022-07-13 00:00:00,2.80625,25.996002,-0.044087328,0.782541,1.2631078
2022-07-13 01:00:00,3.4722223e-05,25.733795,-0.038107697,1.2940671,1.2194374
2022-07-13 02:00:00,3.4722223e-05,25.492065,-0.038790777,1.2632142,1.4764911
2022-07-13 03:00:00,3.4722223e-05,25.082428,-0.038731143,0.984136,1.627512
2022-07-13 04:00:00,3.4722223e-05,25.242096,-0.03959311,0.35375637,1.8019073
2022-07-13 05:00:00,3.4722223e-05,25.479156,-0.040449668,0.040669926,1.2729645
2022-07-13 06:00:00,3.4722223e-05,25.143738,-0.041604407,0.015776604,0.8052904
2022-07-13 07:00:00,3.4722223e-05,25.333893,-0.0484677,1.4819894,0.5209349
2022-07-13 08:00:00,3.4722223e-05,25.132751,-0.040639423,1.2235967,0.48083737
2022-07-13 09:00:00,3.4722223e-05,24.825592,-0.039761174,0.6149542,0.28242555
2022-07-13 10:00:00,3.4722223e-05,25.227264,-0.038671512,0.17635244,0.30359498
2022-07-13 11:00:00,3.4722223e-05,25.070465,-0.03958227,0.17915666,0.7650826
2022-07-13 12:00:00,25.0283,25.099274,-0.045854658,0.3355248,1.1041087
2022-07-13 13:00:00,161.22382,25.268982,-0.09188102,0.17109327,1.1164314
2022-07-13 14:00:00,334.19965,25.85318,-0.15698476,0.4596375,0.29895872
2022-07-13 15:00:00,405.62357,25.897339,-0.16752365,0.55254716,0.98298204
2022-07-13 16:00:00,401.67773,26.015564,-0.1578088,0.14549959,1.8622818
2022-07-13 17:00:00,476.52045,26.424011,-0.17686988,0.13883784,2.6244218
2022-07-13 18:00:00,574.08374,27.105621,-0.22132953,0.43404382,2.965439
2022-07-13 19:00:00,361.74927,27.126862,-0.16639061,0.307126,2.4773326
2022-07-13 20:00:00,460.36673,26.997223,-0.19602315,0.25383475,2.5181136
2022-07-13 21:00:00,338.68677,27.132751,-0.16450404,0.46594813,2.2812362
2022-07-13 22:00:00,235.56793,27.094635,-0.120087765,0.31659287,2.5081708
2022-07-13 23:00:00,92.67733,27.029205,-0.0810277,0.16302896,2.8847525
2022-07-14 00:00:00,4.957257,26.63034,-0.05648029,0.39442536,2.5884614
2022-07-14 01:00:00,3.4722223e-05,26.350769,-0.054929826,0.89753795,2.5518482
2022-07-14 02:00:00,3.4722223e-05,26.39273,-0.061505795,0.40248966,2.5388973
2022-07-14 03:00:00,3.4722223e-05,25.553375,-0.061494954,1.2067678,2.6064496
2022-07-14 04:00:00,3.4722223e-05,25.565582,-0.06558798,1.1359463,2.683978
2022-07-14 05:00:00,3.4722223e-05,25.595886,-0.07736294,0.58304894,2.8509567
2022-07-14 06:00:00,3.4722223e-05,25.305084,-0.07945553,0.8526612,3.2162678
2022-07-14 07:00:00,3.4722223e-05,25.140564,-0.090330556,1.3007289,3.2509859
2022-07-14 08:00:00,3.4722223e-05,25.00531,-0.10234945,1.8262798,3.4103725
2022-07-14 09:00:00,3.4722223e-05,24.886627,-0.103146374,2.7038333,3.7527742
2022-07-14 10:00:00,3.4722223e-05,25.037537,-0.10767853,3.593308,4.3237033
2022-07-14 11:00:00,3.4722223e-05,24.979645,-0.106626816,3.211854,3.9111524
2022-07-14 12:00:00,8.447257,24.852997,-0.112053476,2.6463344,3.4139009
2022-07-14 13:00:00,36.538193,24.686462,-0.10511429,2.0341854,3.4134297
2022-07-14 14:00:00,118.11875,25.398102,-0.11541465,0.5283551,3.3189683
2022-07-14 15:00:00,169.65677,25.77359,-0.11357685,0.5599093,2.8796766
2022-07-14 16:00:00,221.40851,26.082428,-0.13831942,0.9371554,2.4951477
2022-07-14 17:00:00,295.78116,26.538452,-0.17508088,0.6128503,2.5954938
2022-07-14 18:00:00,430.93677,26.751373,-0.20549949,0.19423291,3.131031
2022-07-14 19:00:00,433.91397,27.31482,-0.21889538,2.2382355,3.7575524
2022-07-14 20:00:00,348.9431,26.421295,-0.20503326,1.2088716,4.167523
2022-07-14 21:00:00,135.02744,26.56314,-0.14560015,0.9147171,3.888771
2022-07-14 22:00:00,173.37473,26.297516,-0.13903502,0.30081534,2.4870179
2022-07-14 23:00:00,67.050766,26.387634,-0.093019485,0.48593247,1.6798761
2022-07-15 00:00:00,5.7834377,26.087341,-0.06549583,0.5770885,1.1921798
2022-07-15 01:00:00,3.4722223e-05,26.184998,-0.053411875,0.268911,0.7147223
2022-07-15 02:00:00,3.4722223e-05,26.064575,-0.046488944,0.24717394,0.9761279
2022-07-15 03:00:00,3.4722223e-05,25.506042,-0.04602813,0.10833517,1.1719519
2022-07-15 04:00:00,3.4722223e-05,25.258698,-0.05474007,0.2236832,1.5820146
2022-07-15 05:00:00,3.4722223e-05,25.02945,-0.05381304,0.37514234,1.5643187
2022-07-15 06:00:00,3.4722223e-05,24.738464,-0.046038985,0.30151662,1.2499124
2022-07-15 07:00:00,3.4722223e-05,24.491638,-0.058242206,0.32044947,1.3440304
2022-07-15 08:00:00,3.4722223e-05,24.622253,-0.066672236,0.24121347,1.4499736
2022-07-15 09:00:00,3.4722223e-05,24.681091,-0.075947985,0.576037,1.5097606
2022-07-15 10:00:00,3.4722223e-05,24.746521,-0.07681538,0.6910339,2.099042
2022-07-15 11:00:00,3.4722223e-05,24.778503,-0.07530828,0.7495843,1.9108238
2022-07-15 12:00:00,19.116667,24.488647,-0.078891724,0.20755547,1.7625114
2022-07-15 13:00:00,132.62004,24.589294,-0.106025055,0.3470946,1.7005525
2022-07-15 14:00:00,231.39418,25.2724,-0.13201451,1.0381285,1.5602459
2022-07-15 15:00:00,334.45605,25.74356,-0.15561318,0.7443251,1.4115244
2022-07-15 16:00:00,660.3936,26.44693,-0.24694489,0.04522782,1.4487109
2022-07-15 17:00:00,696.23376,27.062408,-0.23417787,0.021035783,1.7048777
2022-07-15 18:00:00,765.4783,27.442017,-0.25466475,0.04487671,2.0091417
2022-07-15 19:00:00,658.85516,27.582458,-0.25552133,0.14129189,2.521431
2022-07-15 20:00:00,442.3042,27.804352,-0.20111912,0.0697691,2.5965788
2022-07-15 21:00:00,455.01062,28.028503,-0.1852674,0.06661378,2.5511234
2022-07-15 22:00:00,278.48782,27.610474,-0.14055839,0.022088178,1.8967733
2022-07-15 23:00:00,116.9934,27.749695,-0.09239605,0.008063391,2.0115151
2022-07-16 00:00:00,6.8945484,27.399872,-0.05952161,0.005609356,1.4085207
2022-07-16 01:00:00,3.4722223e-05,27.065826,-0.050912686,0.030501746,1.653362
2022-07-16 02:00:00,3.4722223e-05,26.78949,-0.049839277,0.02489239,1.7558424
2022-07-16 03:00:00,3.4722223e-05,26.222778,-0.04681964,0.039267354,1.9179407
2022-07-16 04:00:00,3.4722223e-05,26.387115,-0.0432362,0.06591249,1.6608144
2022-07-16 05:00:00,3.4722223e-05,26.075562,-0.039387114,0.21421723,1.5133754
2022-07-16 06:00:00,3.4722223e-05,25.758759,-0.04355062,0.13007316,1.4252837
2022-07-16 07:00:00,3.4722223e-05,25.434448,-0.050847623,0.13533142,1.4988159
2022-07-16 08:00:00,3.4722223e-05,25.406433,-0.04872792,0.093961135,1.2848316
2022-07-16 09:00:00,3.4722223e-05,25.323181,-0.04526916,0.33271965,1.0904366
2022-07-16 10:00:00,3.4722223e-05,25.558746,-0.049595315,0.5585067,1.7104287
2022-07-16 11:00:00,3.4722223e-05,25.503052,-0.05654535,0.31694305,1.562848
2022-07-16 12:00:00,36.851562,25.779205,-0.06441158,0.13953912,1.5160874
2022-07-16 13:00:00,176.83621,25.539246,-0.107136406,0.05995296,1.7393881
2022-07-16 14:00:00,343.44458,25.830505,-0.15562403,0.067315064,1.6980278
2022-07-16 15:00:00,528.79926,26.085571,-0.2112189,0.15531573,1.7901528
2022-07-16 16:00:00,725.1082,26.398895,-0.2525071,0.13287738,2.1439166
2022-07-16 17:00:00,499.9533,26.756714,-0.18148337,0.19107759,2.7555077
2022-07-16 18:00:00,559.2406,26.981323,-0.19775796,0.11639949,2.7864993
2022-07-16 19:00:00,484.9107,27.575623,-0.20789568,0.09641517,2.8403418
2022-07-16 20:00:00,516.919,27.782654,-0.22451179,0.16793795,2.879133
2022-07-16 21:00:00,395.2248,27.751892,-0.19264029,0.19037631,3.129293
2022-07-16 22:00:00,188.26062,27.398102,-0.13210666,0.122008845,2.676092
2022-07-16 23:00:00,57.0366,27.37323,-0.08694227,0.087299384,2.6280284
2022-07-17 00:00:00,4.672361,27.051422,-0.057537444,0.1156982,2.7150295
2022-07-17 01:00:00,3.4722223e-05,26.846588,-0.053861834,0.21596998,2.4284701
2022-07-17 02:00:00,3.4722223e-05,25.90155,-0.055173777,1.3094935,2.3601613
2022-07-17 03:00:00,3.4722223e-05,24.933533,-0.041430917,1.3733032,2.7371335
2022-07-17 04:00:00,3.4722223e-05,25.223053,-0.035239864,0.6983969,2.6257334
2022-07-17 05:00:00,3.4722223e-05,25.350494,-0.041528504,0.28714165,2.8638563
2022-07-17 06:00:00,3.4722223e-05,25.455719,-0.04026535,0.25979522,3.189268
2022-07-17 07:00:00,3.4722223e-05,25.293396,-0.08789099,1.6127639,2.7830112
2022-07-17 08:00:00,3.4722223e-05,25.22522,-0.076636486,2.8367107,2.5571344
2022-07-17 09:00:00,3.4722223e-05,25.063446,-0.07045627,4.0753837,2.5608509
2022-07-17 10:00:00,3.4722223e-05,25.374207,-0.073025934,5.3137054,2.9303129
2022-07-17 11:00:00,3.4722223e-05,25.247986,-0.08282212,5.5952377,2.5085013
2022-07-17 12:00:00,2.0227778,25.08075,-0.08437802,6.567805,2.703299
2022-07-17 13:00:00,14.415868,24.989227,-0.07669612,7.0565424,2.7771811
2022-07-17 14:00:00,26.381563,25.44693,-0.06614096,6.333253,1.5004108
2022-07-17 15:00:00,76.55212,25.498505,-0.0641622,3.048824,0.5670397
2022-07-17 16:00:00,86.22441,25.453522,-0.05288058,0.9480249,0.6762016
2022-07-17 17:00:00,218.3886,26.24527,-0.090959415,0.1696907,0.8448517
2022-07-17 18:00:00,254.18602,25.992401,-0.10957597,0.15496555,0.7885891
2022-07-17 19:00:00,300.56744,26.606628,-0.12888102,0.12060627,1.5167819
2022-07-17 20:00:00,304.02896,27.201782,-0.14684702,0.04137121,2.2563174
2022-07-17 21:00:00,255.83844,27.553406,-0.14071018,0.013673678,2.063433
2022-07-17 22:00:00,155.18396,27.075409,-0.108773634,0.042071566,2.1293597
2022-07-17 23:00:00,66.02514,26.848785,-0.07790506,0.042071566,3.2680433
2022-07-18 00:00:00,5.142431,26.457489,-0.055103302,0.16267878,2.6870785
2022-07-18 01:00:00,3.4722223e-05,26.601532,-0.048689965,0.16723666,2.1452506
2022-07-18 02:00:00,3.4722223e-05,26.47644,-0.047930997,0.46244264,1.6009884
2022-07-18 03:00:00,3.4722223e-05,25.457916,-0.04711238,0.18406567,1.6374683
2022-07-18 04:00:00,3.4722223e-05,25.423737,-0.049747106,0.33517462,1.2617983
2022-07-18 05:00:00,3.4722223e-05,25.457458,-0.04829964,0.04662946,1.1645098
2022-07-18 06:00:00,3.4722223e-05,25.534058,-0.047453925,0.3229035,1.3891859
2022-07-18 07:00:00,3.4722223e-05,25.583862,-0.044103596,0.62371886,1.3751483
2022-07-18 08:00:00,3.4722223e-05,25.571228,-0.0403304,0.63598996,0.99572
2022-07-18 09:00:00,3.4722223e-05,25.54486,-0.032903306,0.47681665,0.6477007
2022-07-18 10:00:00,3.4722223e-05,25.711853,-0.03074565,0.34043285,0.55614734
2022-07-18 11:00:00,3.4722223e-05,25.640778,-0.03066432,0.27101395,0.48627147
2022-07-18 12:00:00,17.478506,25.408356,-0.045697436,0.20404997,1.0867459
2022-07-18 13:00:00,106.77979,25.67865,-0.07200674,0.031904317,1.7483482
2022-07-18 14:00:00,142.9191,25.901031,-0.08651941,0.04487671,1.9604474
2022-07-18 15:00:00,311.9064,26.214264,-0.14586036,0.08975342,2.1217985
2022-07-18 16:00:00,505.58005,26.882935,-0.20670843,0.047681853,2.3546324
2022-07-18 17:00:00,608.7701,27.456238,-0.23193347,0.062055886,2.3333454
2022-07-18 18:00:00,667.70123,27.675476,-0.24146403,0.12095738,2.2483983
2022-07-18 19:00:00,621.97516,27.63858,-0.2351049,0.0697691,2.8495889
2022-07-18 20:00:00,537.3319,27.542664,-0.219817,0.10623224,2.882979
2022-07-18 21:00:00,415.29587,27.528961,-0.18864483,0.05819928,2.7718263
2022-07-18 22:00:00,260.1974,27.534851,-0.1440334,0.01823157,2.72269
2022-07-18 23:00:00,72.05073,27.587555,-0.085511066,0.0003501773,1.9165678
2022-07-19 00:00:00,6.282014,27.221802,-0.057374798,0.0014025718,1.1824623
2022-07-19 01:00:00,3.4722223e-05,27.342926,-0.052983597,0.0014025718,1.2466828
2022-07-19 02:00:00,3.4722223e-05,27.298065,-0.054425646,0.39302373,1.4601887
2022-07-19 03:00:00,3.4722223e-05,26.512115,-0.052338466,0.40809903,1.5543791
2022-07-19 04:00:00,3.4722223e-05,26.27118,-0.055650845,0.5315105,1.8277998
2022-07-19 05:00:00,3.4722223e-05,26.25116,-0.05459912,0.92839074,1.2287093
2022-07-19 06:00:00,3.4722223e-05,26.323608,-0.044797517,1.9272529,1.363075
2022-07-19 07:00:00,3.4722223e-05,26.305878,-0.03989128,0.27136505,1.423307
2022-07-19 08:00:00,3.4722223e-05,26.004608,-0.04120865,0.047681853,1.1590065
2022-07-19 09:00:00,3.4722223e-05,25.764374,-0.040531,0.09536371,1.043781
2022-07-19 10:00:00,3.4722223e-05,25.82611,-0.040276196,0.029450282,1.5886673
2022-07-19 11:00:00,3.4722223e-05,25.937927,-0.044477668,0.23840833,1.378252
2022-07-19 12:00:00,21.495556,26.023132,-0.051660813,0.5434314,1.4539267
2022-07-19 13:00:00,128.97333,26.185974,-0.06839077,0.3642738,2.6128705
2022-07-19 14:00:00,262.44806,27.000916,-0.11174989,0.23069513,3.2027714
2022-07-19 15:00:00,368.87173,27.098328,-0.1393603,0.17985794,3.3655562
2022-07-19 16:00:00,509.29794,27.123169,-0.20520674,0.2850387,2.895686
2022-07-19 17:00:00,452.00497,27.188446,-0.19987223,0.26084667,2.851632
2022-07-19 18:00:00,357.67523,27.206451,-0.18674739,0.40003565,2.9855459
2022-07-19 19:00:00,286.351,27.296997,-0.16994154,0.60618854,3.2730913
2022-07-19 20:00:00,465.62308,27.401276,-0.22175239,0.05995296,3.3928
2022-07-19 21:00:00,383.37302,27.713776,-0.20158535,0.1405906,3.1025589
2022-07-19 22:00:00,229.18623,27.644226,-0.14878242,0.32851285,3.6277113
2022-07-19 23:00:00,74.67177,27.425934,-0.09228762,0.1577707,3.7421718
2022-07-20 00:00:00,4.1310415,27.0112,-0.062638834,0.43790042,2.617587
2022-07-20 01:00:00,3.4722223e-05,26.662476,-0.052956484,1.9503925,2.1552265
2022-07-20 02:00:00,3.4722223e-05,26.500427,-0.052620366,0.8288203,1.6476029
2022-07-20 03:00:00,3.4722223e-05,25.852997,-0.045903448,0.20895806,1.8919579
2022-07-20 04:00:00,3.4722223e-05,25.878815,-0.045139052,0.05679764,2.7481415
2022-07-20 05:00:00,3.4722223e-05,25.941528,-0.040861692,0.7285485,2.729397
2022-07-20 06:00:00,3.4722223e-05,25.57193,-0.044087328,0.9441683,2.4872167
2022-07-20 07:00:00,3.4722223e-05,25.695679,-0.0754926,2.3136148,2.3080657
2022-07-20 08:00:00,3.4722223e-05,25.56192,-0.07115018,3.2781177,2.497154
2022-07-20 09:00:00,3.4722223e-05,25.689087,-0.064991646,3.3282535,2.0346732
2022-07-20 10:00:00,3.4722223e-05,25.961823,-0.059684258,3.03445,3.224279
2022-07-20 11:00:00,3.4722223e-05,25.702545,-0.060687177,3.053032,3.0797935
2022-07-20 12:00:00,4.159514,25.333618,-0.055146664,3.9204183,3.165734
2022-07-20 13:00:00,17.207848,25.054565,-0.05697363,4.180564,2.9501474
2022-07-20 14:00:00,37.692013,25.06897,-0.053991944,4.1143003,2.9619992
2022-07-20 15:00:00,69.30146,25.2052,-0.055715907,4.4021435,2.7291353
2022-07-20 16:00:00,120.58309,25.049042,-0.085933916,5.598043,2.711528
2022-07-20 17:00:00,71.951004,25.139343,-0.092336416,7.993348,2.9387436
2022-07-20 18:00:00,74.757256,25.173248,-0.11572366,10.266643,3.4247901
2022-07-20 19:00:00,285.22565,25.167603,-0.15440968,0.31869578,3.6786335
2022-07-20 20:00:00,365.92303,25.551178,-0.17958593,0.559208,3.283643
2022-07-20 21:00:00,334.7267,26.214783,-0.17653376,0.9070039,3.7476645
2022-07-20 22:00:00,97.463646,25.622253,-0.12613244,1.1033406,3.8580806
2022-07-20 23:00:00,53.304443,25.587555,-0.10454506,1.9160333,3.9789646
2022-07-21 00:00:00,2.3504167,25.75946,-0.0887096,1.3782121,3.7455075
2022-07-21 01:00:00,3.4722223e-05,25.874939,-0.08351062,0.67140067,3.0693657
2022-07-21 02:00:00,3.4722223e-05,25.61856,-0.07360601,1.1510226,3.121578
2022-07-21 03:00:00,3.4722223e-05,25.217255,-0.07356806,1.9829981,2.8932908
2022-07-21 04:00:00,3.4722223e-05,24.958923,-0.07656601,1.8490683,2.8291812
2022-07-21 05:00:00,3.4722223e-05,25.083649,-0.09068835,1.0128859,2.6539748
2022-07-21 06:00:00,3.4722223e-05,25.202057,-0.09852205,0.7281974,2.4604027
2022-07-21 07:00:00,3.4722223e-05,25.307526,-0.07104718,1.5212568,2.6723325
2022-07-21 08:00:00,3.4722223e-05,24.829285,-0.073015094,1.7417846,2.9233167
2022-07-21 09:00:00,3.4722223e-05,24.710876,-0.08020367,1.7782469,3.1149554
2022-07-21 10:00:00,3.4722223e-05,25.253082,-0.08041509,2.2582197,2.798643
2022-07-21 11:00:00,3.4722223e-05,25.358307,-0.07471194,2.664566,2.450678
2022-07-21 12:00:00,7.9344444,24.814606,-0.08505026,3.1995828,2.7895296
2022-07-21 13:00:00,65.5408,25.11148,-0.10740206,2.8914046,2.8647077
2022-07-21 14:00:00,98.3468,25.447632,-0.12482051,4.1283245,2.999037
2022-07-21 15:00:00,121.708435,25.694275,-0.1419137,5.361037,3.1930008
2022-07-21 16:00:00,195.62524,25.603882,-0.17361173,4.615659,3.5151973
2022-07-21 17:00:00,221.6222,25.829987,-0.17827941,3.2539256,3.6687353
2022-07-21 18:00:00,162.9332,26.199402,-0.15567824,2.6561515,3.3839912
2022-07-21 19:00:00,241.72174,26.458435,-0.11105055,1.5850663,3.405139
2022-07-21 20:00:00,227.94693,26.954285,-0.12106359,1.2488402,3.1072855
2022-07-21 21:00:00,159.21527,26.766052,-0.100967035,0.9560883,3.000528
2022-07-21 22:00:00,134.38643,26.066772,-0.099801466,0.650364,2.6310058
2022-07-21 23:00:00,51.05375,25.983337,-0.084605716,0.2811821,3.2953343
2022-07-22 00:00:00,4.216493,26.031921,-0.07672865,0.11920463,3.5825121
2022-07-22 01:00:00,3.4722223e-05,26.03357,-0.070543006,0.24717394,3.115194
2022-07-22 02:00:00,3.4722223e-05,25.450897,-0.06478565,0.859322,2.6486254
2022-07-22 03:00:00,3.4722223e-05,25.270477,-0.05511957,1.5563173,2.7322376
2022-07-22 04:00:00,3.4722223e-05,25.38861,-0.058356047,2.0180578,3.2203715
2022-07-22 05:00:00,3.4722223e-05,25.172546,-0.0606167,2.191606,3.6640565
2022-07-22 06:00:00,3.4722223e-05,25.147156,-0.061207626,2.4394803,3.6436892
2022-07-22 07:00:00,3.4722223e-05,25.203003,-0.091691285,2.474891,3.7989342
2022-07-22 08:00:00,3.4722223e-05,25.274597,-0.094569966,2.537298,3.4316425
2022-07-22 09:00:00,3.4722223e-05,24.953735,-0.092997804,2.8020012,3.3665504
2022-07-22 10:00:00,3.4722223e-05,24.848328,-0.09388689,3.0376055,3.5234098
2022-07-22 11:00:00,3.4722223e-05,24.930359,-0.092553265,4.0462837,3.6721332
2022-07-22 12:00:00,4.9002776,24.837097,-0.09892865,4.114651,3.9096298
2022-07-22 13:00:00,48.261738,24.995544,-0.1098904,3.8524015,3.9567494
2022-07-22 14:00:00,51.05375,25.387115,-0.11111561,4.643357,3.6890194
2022-07-22 15:00:00,88.43236,25.527313,-0.1289244,4.5371246,3.1663237
2022-07-22 16:00:00,141.40913,25.85318,-0.14962271,4.0687222,3.0612147
2022-07-22 17:00:00,159.04434,25.779724,-0.1590611,4.3733945,2.992525
2022-07-22 18:00:00,166.96451,26.4003,-0.15723415,3.2150095,3.038594
2022-07-22 19:00:00,154.85632,26.593872,-0.10805803,0.10903645,3.0161402
2022-07-22 20:00:00,216.33733,26.626373,-0.13148865,0.047330745,2.8482416
2022-07-22 21:00:00,202.57675,26.77948,-0.13248074,0.0697691,2.7903883
2022-07-22 22:00:00,152.44896,26.784576,-0.12757452,0.15496555,2.1583123
2022-07-22 23:00:00,46.75177,26.449402,-0.10191033,0.1500575,2.4048398
2022-07-23 00:00:00,2.0940278,26.068024,-0.0887096,0.17494988,2.638701
2022-07-23 01:00:00,3.4722223e-05,25.6781,-0.0791411,0.5532475,1.9604144
2022-07-23 02:00:00,3.4722223e-05,25.358032,-0.071296565,2.604613,1.9086077
2022-07-23 03:00:00,3.4722223e-05,25.255524,-0.072884984,2.3788261,1.8551486
2022-07-23 04:00:00,3.4722223e-05,25.243866,-0.08403107,1.7694821,1.7488426
2022-07-23 05:00:00,3.4722223e-05,24.894196,-0.08909993,0.88842213,1.6545924
2022-07-23 06:00:00,3.4722223e-05,24.939606,-0.090021536,1.7971797,1.7517772
2022-07-23 07:00:00,3.4722223e-05,24.720093,-0.06651501,0.71522593,1.9164964
2022-07-23 08:00:00,3.4722223e-05,24.820496,-0.070651434,0.24226494,2.3506215
2022-07-23 09:00:00,3.4722223e-05,24.62268,-0.08371663,0.112191774,2.4573698
2022-07-23 10:00:00,3.4722223e-05,24.684692,-0.0832992,0.25909394,2.6794534
2022-07-23 11:00:00,3.4722223e-05,24.578491,-0.07878872,0.31869578,2.7049115
2022-07-23 12:00:00,16.566841,24.477234,-0.08666579,0.2741702,2.8259923
2022-07-23 13:00:00,84.9566,24.429108,-0.110069305,0.19738823,3.1726122
2022-07-23 14:00:00,113.774025,24.57367,-0.11954022,0.23279898,3.2344706
2022-07-23 15:00:00,167.69101,24.892792,-0.13526183,0.3190469,3.173236
2022-07-23 16:00:00,184.17235,24.995026,-0.12641434,0.59496987,3.3408759
2022-07-23 17:00:00,142.6342,25.1857,-0.093523666,0.81689936,3.4291859
2022-07-23 18:00:00,209.07243,25.52237,-0.12128044,0.70575905,3.3024495
2022-07-23 19:00:00,155.18396,25.579285,-0.14275941,0.43790042,3.3902016
2022-07-23 20:00:00,244.9126,25.72351,-0.16644484,0.25032926,3.130367
2022-07-23 21:00:00,214.95557,26.240875,-0.14582242,0.11254288,3.2043836
2022-07-23 22:00:00,164.37195,26.323883,-0.12330798,0.12481399,3.2609642
2022-07-23 23:00:00,72.53507,26.278473,-0.095616266,0.32605883,2.9673436
2022-07-24 00:00:00,4.0598264,25.97403,-0.073475905,0.65527296,2.886448
2022-07-24 01:00:00,3.4722223e-05,26.045776,-0.07614315,0.08624792,2.7366726
2022-07-24 02:00:00,3.4722223e-05,25.781403,-0.076690696,0.07327553,2.6936874
2022-07-24 03:00:00,3.4722223e-05,25.270203,-0.06823898,0.15741959,2.284804
2022-07-24 04:00:00,3.4722223e-05,25.178864,-0.06364718,0.09816792,1.9803447
2022-07-24 05:00:00,3.4722223e-05,25.184753,-0.061484113,0.075729564,1.8788123
2022-07-24 06:00:00,3.4722223e-05,24.960846,-0.06501333,0.12095738,2.1552813
2022-07-24 07:00:00,3.4722223e-05,24.732574,-0.06731195,0.13463107,1.928581
2022-07-24 08:00:00,3.4722223e-05,24.444305,-0.06681861,0.13357866,1.9631115
2022-07-24 09:00:00,3.4722223e-05,24.480133,-0.06744747,0.17459877,2.119201
2022-07-24 10:00:00,3.4722223e-05,24.74408,-0.07574741,0.28959662,1.3321118
2022-07-24 11:00:00,3.4722223e-05,24.571747,-0.07287414,0.2022963,1.459938
2022-07-24 12:00:00,31.082396,24.741364,-0.077167764,0.06661378,1.6063268
2022-07-24 13:00:00,137.1784,25.129059,-0.10383487,0.075729564,1.7385234
2022-07-24 14:00:00,331.29367,25.928894,-0.16613583,0.075729564,2.6974566
2022-07-24 15:00:00,554.9671,26.345673,-0.22044045,0.08905213,3.205148
2022-07-24 16:00:00,627.7016,26.725708,-0.2386721,0.13007316,3.1658182
2022-07-24 17:00:00,598.91266,27.215485,-0.22141084,0.12937188,2.792838
2022-07-24 18:00:00,497.58865,27.258698,-0.20579766,0.13498124,2.774297
2022-07-24 19:00:00,753.66925,27.44403,-0.27631178,0.0613546,3.3553572
2022-07-24 20:00:00,521.22095,27.708954,-0.22521113,0.20404997,3.8884492
2022-07-24 21:00:00,454.79697,27.248444,-0.21975194,0.95398444,3.5696278
2022-07-24 22:00:00,196.67935,26.426208,-0.14639166,1.9363678,2.6327393
2022-07-24 23:00:00,71.196045,26.374481,-0.09571927,0.2117632,2.5456142
2022-07-25 00:00:00,3.133889,26.381775,-0.063717656,0.49574953,2.5895271
2022-07-25 01:00:00,3.4722223e-05,26.411102,-0.0571688,0.8579204,2.7394392
2022-07-25 02:00:00,3.4722223e-05,26.237701,-0.051308423,1.5272173,2.2984638
2022-07-25 03:00:00,3.4722223e-05,25.927643,-0.04436381,0.75624603,2.0454957
2022-07-25 04:00:00,3.4722223e-05,25.462036,-0.04283502,0.8211071,1.9150299
2022-07-25 05:00:00,3.4722223e-05,24.967438,-0.05288601,1.7239041,1.8907857
2022-07-25 06:00:00,3.4722223e-05,24.76233,-0.05981978,1.3974952,2.2134001
2022-07-25 07:00:00,3.4722223e-05,24.797577,-0.074028865,0.96695685,2.688744
2022-07-25 08:00:00,3.4722223e-05,24.8349,-0.0820252,1.7708848,2.9683952
2022-07-25 09:00:00,3.4722223e-05,24.771912,-0.090471506,3.0926495,2.9927402
2022-07-25 10:00:00,3.4722223e-05,24.30243,-0.092748426,3.4351861,3.511337
2022-07-25 11:00:00,3.4722223e-05,24.449127,-0.10143868,2.2101877,3.536649
2022-07-25 12:00:00,7.6495137,24.393707,-0.11244381,3.2402527,3.3043272
2022-07-25 13:00:00,35.327362,24.385895,-0.13168924,4.5381765,3.4850614
2022-07-25 14:00:00,102.37813,24.617157,-0.1512762,3.62977,3.795746
2022-07-25 15:00:00,64.50094,25.244568,-0.13484439,2.3974078,4.2873564
2022-07-25 16:00:00,73.09059,25.689606,-0.13924102,2.3202755,3.8644352
2022-07-25 17:00:00,111.33816,26.332916,-0.14710183,2.146378,3.4456859
2022-07-25 18:00:00,169.37187,26.318512,-0.16275838,1.9928151,3.2674243
2022-07-25 19:00:00,248.4026,26.506042,-0.16146813,0.7443251,3.2783
2022-07-25 20:00:00,197.04973,27.03946,-0.14205466,0.626524,2.9650016
2022-07-25 21:00:00,201.02406,27.262848,-0.13740864,0.3470946,2.7255723
2022-07-25 22:00:00,145.01312,26.24939,-0.11395634,0.25383475,2.9473162
2022-07-25 23:00:00,64.72885,25.900604,-0.09074798,0.235253,2.9942684
2022-07-26 00:00:00,4.4586806,25.765778,-0.06350081,0.21351594,2.0642827
2022-07-26 01:00:00,3.4722223e-05,25.729675,-0.06221056,0.33622608,1.9252279
2022-07-26 02:00:00,3.4722223e-05,25.690857,-0.06295869,0.15741959,2.048467
2022-07-26 03:00:00,3.4722223e-05,25.199402,-0.06541993,0.42913574,2.4810681
2022-07-26 04:00:00,3.4722223e-05,25.329498,-0.06628734,0.35270396,2.1971602
2022-07-26 05:00:00,3.4722223e-05,25.248413,-0.07004967,0.09431131,2.2030518
2022-07-26 06:00:00,3.4722223e-05,25.266083,-0.07566066,0.32886302,2.5734832
2022-07-26 07:00:00,3.4722223e-05,25.1669,-0.084307544,1.2425296,2.790346
2022-07-26 08:00:00,3.4722223e-05,24.80774,-0.084573194,1.2649679,3.0642498
2022-07-26 09:00:00,3.4722223e-05,24.806519,-0.08126081,1.341749,2.9063654
2022-07-26 10:00:00,3.4722223e-05,24.74356,-0.08058857,0.5283551,2.6358812
2022-07-26 11:00:00,3.4722223e-05,24.692352,-0.07754726,0.28188342,2.925074
2022-07-26 12:00:00,27.335972,24.66397,-0.08097891,0.496801,2.9274206
2022-07-26 13:00:00,113.90226,24.97702,-0.098560005,0.4922431,2.7240539
2022-07-26 14:00:00,245.43965,25.603455,-0.13091399,0.42072123,3.151259
2022-07-26 15:00:00,423.2303,25.930542,-0.18029612,0.23735687,3.1306665
2022-07-26 16:00:00,611.4197,26.452026,-0.22722243,0.2850387,3.0979857
2022-07-26 17:00:00,481.12152,26.847565,-0.18522945,0.24226494,3.12451
2022-07-26 18:00:00,623.2857,27.419891,-0.23758784,0.24086237,3.267544
2022-07-26 19:00:00,403.2304,27.17035,-0.1790926,0.11254288,3.5101388
2022-07-26 20:00:00,409.7261,26.760681,-0.19402814,0.059251674,3.6796045
2022-07-26 21:00:00,364.64096,26.563934,-0.17798124,0.03996864,3.4588835
2022-07-26 22:00:00,175.9103,26.234985,-0.12186052,0.029450282,2.611604
2022-07-26 23:00:00,73.703125,26.227448,-0.09377846,0.0697691,2.5206835
2022-07-27 00:00:00,5.6694794,26.132751,-0.06465011,0.12095738,2.2818651
2022-07-27 01:00:00,3.4722223e-05,26.213562,-0.056068283,0.037163496,2.3020184
2022-07-27 02:00:00,3.4722223e-05,26.012848,-0.055526152,0.055745244,2.1829123
2022-07-27 03:00:00,3.4722223e-05,25.55832,-0.052484844,0.35726187,2.2974682
2022-07-27 04:00:00,3.4722223e-05,25.151276,-0.053596187,0.54869056,2.368146
2022-07-27 05:00:00,3.4722223e-05,25.094635,-0.05149275,0.703305,2.50571
2022-07-27 06:00:00,3.4722223e-05,24.600739,-0.05272879,0.89227873,2.468426
2022-07-27 07:00:00,3.4722223e-05,24.491638,-0.06841246,2.7921844,2.5339391
2022-07-27 08:00:00,3.4722223e-05,24.548035,-0.06913348,3.1210482,2.5151772
2022-07-27 09:00:00,3.4722223e-05,24.704987,-0.07408308,2.8072605,2.2961385
2022-07-27 10:00:00,3.4722223e-05,24.358307,-0.070673116,1.9868547,2.1740427
2022-07-27 11:00:00,3.4722223e-05,24.445007,-0.06681861,1.6159191,2.5719564
2022-07-27 12:00:00,11.28198,24.441315,-0.059245124,1.495312,3.0338824
2022-07-27 13:00:00,55.184757,24.614685,-0.07516733,1.5773531,3.6498854
2022-07-27 14:00:00,107.37809,24.902252,-0.094098315,2.2336776,3.9025364
2022-07-27 15:00:00,138.73111,24.996765,-0.120982274,2.7073388,3.7023623
2022-07-27 16:00:00,242.41974,24.977448,-0.1648564,2.4661264,3.6556702
2022-07-27 17:00:00,199.044,24.95935,-0.15565656,2.1456769,3.8595073
2022-07-27 18:00:00,140.26955,24.841919,-0.13519678,1.8774672,3.6903405
2022-07-27 19:00:00,228.50247,25.380798,-0.15235502,0.73731315,3.4004307
2022-07-27 20:00:00,192.51984,25.950592,-0.14669524,0.78920275,3.2409985
2022-07-27 21:00:00,181.42308,26.088562,-0.13178138,0.4876852,3.0116472
2022-07-27 22:00:00,105.79691,25.566833,-0.09921597,0.26715732,3.36521
2022-07-27 23:00:00,74.130486,25.626892,-0.087744616,0.5392237,2.646812
2022-07-28 00:00:00,4.1737847,25.2406,-0.061760582,1.0570613,2.1484306
2022-07-28 01:00:00,3.4722223e-05,25.165253,-0.056209233,0.8221585,2.0473883
2022-07-28 02:00:00,3.4722223e-05,24.866852,-0.05354741,0.44982043,1.8295406
2022-07-28 03:00:00,3.4722223e-05,24.755585,-0.050403077,0.42492804,1.7899765
2022-07-28 04:00:00,3.4722223e-05,24.519226,-0.053466078,0.1360327,1.9647993
2022-07-28 05:00:00,3.4722223e-05,24.38324,-0.061283514,0.05679764,2.467366
2022-07-28 06:00:00,3.4722223e-05,24.377106,-0.06159795,0.059251674,2.453523
2022-07-28 07:00:00,3.4722223e-05,24.056763,-0.0727874,0.44806767,2.4193127
2022-07-28 08:00:00,3.4722223e-05,23.978424,-0.076712385,0.09816792,2.4685829
2022-07-28 09:00:00,3.4722223e-05,24.277771,-0.08098975,0.14865491,2.6040654
2022-07-28 10:00:00,3.4722223e-05,24.534851,-0.08894813,0.0830926,3.987667
2022-07-28 11:00:00,3.4722223e-05,24.687683,-0.09510667,0.05995296,3.7534034
2022-07-28 12:00:00,20.370243,24.61319,-0.09619634,0.17915666,3.5527496
2022-07-28 13:00:00,103.061874,24.710602,-0.10515765,0.40809903,3.1745224
2022-07-28 14:00:00,184.22932,25.653961,-0.11460689,0.53326416,2.8900702
2022-07-28 15:00:00,246.37982,25.937927,-0.12020162,0.32430607,2.4186828
2022-07-28 16:00:00,393.58664,26.056335,-0.17040235,0.37093553,1.9870654
2022-07-28 17:00:00,531.27783,26.665466,-0.22650139,0.31764433,1.9376293
2022-07-28 18:00:00,557.58813,26.91861,-0.23467663,0.31659287,1.7982616
2022-07-28 19:00:00,546.762,26.977203,-0.22478285,0.13743527,1.7877853
2022-07-28 20:00:00,423.41547,26.943298,-0.1882274,0.10447856,2.0452375
2022-07-28 21:00:00,321.55017,26.753845,-0.14808309,0.023840927,1.9331223
2022-07-28 22:00:00,288.87238,26.454224,-0.13623765,0.0,2.0304816
2022-07-28 23:00:00,115.91077,26.623657,-0.085727915,0.00490807,1.4576403
2022-07-29 00:00:00,6.8660765,26.260193,-0.04859238,0.005609356,1.3893379
2022-07-29 01:00:00,3.4722223e-05,26.033417,-0.04855986,0.0028051436,1.6449337
2022-07-29 02:00:00,3.4722223e-05,26.005554,-0.046011876,0.0003501773,1.8584436
2022-07-29 03:00:00,3.4722223e-05,25.234558,-0.043284994,0.0003501773,1.9458767
2022-07-29 04:00:00,3.4722223e-05,25.580536,-0.037619784,0.0003501773,1.9299986
2022-07-29 05:00:00,3.4722223e-05,25.826813,-0.03263223,0.0,1.9170326
2022-07-29 06:00:00,3.4722223e-05,25.560944,-0.02909216,0.0,1.6532795
2022-07-29 07:00:00,3.4722223e-05,25.410034,-0.04332293,0.0,1.3169388
2022-07-29 08:00:00,3.4722223e-05,25.05606,-0.040341254,0.0,1.11101
2022-07-29 09:00:00,3.4722223e-05,24.45694,-0.03925701,0.0010514632,1.3756336
2022-07-29 10:00:00,3.4722223e-05,25.140045,-0.041945938,0.0010514632,2.0002854
2022-07-29 11:00:00,3.4722223e-05,25.278198,-0.04713949,0.0,1.965705
2022-07-29 12:00:00,47.43552,26.392487,-0.052495684,0.0010514632,1.4253632
2022-07-29 13:00:00,230.98108,26.716675,-0.09615839,0.0003501773,1.5415002
2022-07-29 14:00:00,442.48938,26.898834,-0.1636312,0.0,1.7573167
2022-07-29 15:00:00,623.1432,27.23059,-0.21992542,0.022788532,2.0807812
2022-07-29 16:00:00,625.32263,27.323608,-0.22625202,0.013322569,2.7250307
2022-07-29 17:00:00,691.16266,27.588257,-0.26125157,0.025243498,3.4587483
2022-07-29 18:00:00,740.66364,27.813904,-0.28607547,0.023489818,3.8081846
2022-07-29 19:00:00,652.50195,27.61444,-0.26329538,0.016127713,4.090854
2022-07-29 20:00:00,524.3263,27.892273,-0.22818738,0.0,4.466671
2022-07-29 21:00:00,499.9533,27.991333,-0.21381567,0.002454035,3.833222
2022-07-29 22:00:00,349.86902,27.883911,-0.1731726,0.0038566068,2.8434248
2022-07-29 23:00:00,131.58017,27.73767,-0.11148425,0.0014025718,2.8143818
2022-07-30 00:00:00,7.1509724,27.14978,-0.076875016,0.0,2.4199622
2022-07-30 01:00:00,3.4722223e-05,26.983337,-0.07084118,0.0010514632,2.0832188
2022-07-30 02:00:00,3.4722223e-05,26.703491,-0.06287194,0.0070119277,2.1138139
2022-07-30 03:00:00,3.4722223e-05,26.52362,-0.05134096,0.01823157,2.0316923
2022-07-30 04:00:00,3.4722223e-05,26.569977,-0.04745934,0.043474138,2.1671143
2022-07-30 05:00:00,3.4722223e-05,26.860565,-0.041246604,0.08449517,1.9988923
2022-07-30 06:00:00,3.4722223e-05,26.615143,-0.033011734,0.12271013,1.8511938
2022-07-30 07:00:00,3.4722223e-05,26.434723,-0.047231644,0.042772852,1.8850636
2022-07-30 08:00:00,3.4722223e-05,26.314117,-0.048950184,0.063809566,2.0507398
2022-07-30 09:00:00,3.4722223e-05,26.213806,-0.05311912,0.05329121,2.1591606
2022-07-30 10:00:00,3.4722223e-05,26.09198,-0.05318961,0.05995296,2.2832704
2022-07-30 11:00:00,3.4722223e-05,26.001862,-0.052761316,0.0697691,2.3714547
2022-07-30 12:00:00,39.20198,26.58783,-0.057981975,0.063809566,1.8355865
2022-07-30 13:00:00,159.65688,26.480835,-0.08557069,0.14129189,1.4781837
2022-07-30 14:00:00,324.65555,27.075836,-0.13541363,0.13112463,1.7562784
2022-07-30 15:00:00,505.694,27.257202,-0.19751942,0.23735687,2.07006
2022-07-30 16:00:00,429.49802,26.853973,-0.16807121,0.5732318,2.377254
2022-07-30 17:00:00,672.94336,27.472595,-0.2357934,0.19177887,2.3150506
2022-07-30 18:00:00,757.0168,27.93399,-0.26284543,0.17705373,2.6968613
2022-07-30 19:00:00,540.3091,27.626648,-0.22394256,0.29310212,3.1538358
2022-07-30 20:00:00,449.5691,28.124664,-0.18950139,0.18301326,2.7836497
2022-07-30 21:00:00,446.8483,28.368073,-0.19040672,0.10097306,3.2921348
2022-07-30 22:00:00,214.1721,27.564636,-0.14238535,0.8936813,3.4155622
2022-07-30 23:00:00,84.37257,27.067749,-0.10870315,1.4293995,3.1064403
2022-07-31 00:00:00,2.891736,27.016022,-0.06609216,0.16548392,2.1161768
2022-07-31 01:00:00,3.4722223e-05,27.049744,-0.049627837,0.013673678,2.0631423
2022-07-31 02:00:00,3.4722223e-05,26.897888,-0.035971723,0.083793886,1.724864
2022-07-31 03:00:00,3.4722223e-05,26.605377,-0.032171432,0.3267601,1.732083
2022-07-31 04:00:00,3.4722223e-05,26.581665,-0.04273202,0.4505217,1.0316927
2022-07-31 05:00:00,3.4722223e-05,26.109833,-0.052490257,0.58620423,0.749461
2022-07-31 06:00:00,3.4722223e-05,26.240448,-0.046808798,0.36567634,1.3034343
2022-07-31 07:00:00,3.4722223e-05,26.135193,-0.056279708,1.4620051,1.8772503
2022-07-31 08:00:00,3.4722223e-05,25.566833,-0.054517806,2.4934728,1.794786
2022-07-31 09:00:00,3.4722223e-05,25.37149,-0.048044838,1.9265516,1.7320894
2022-07-31 10:00:00,3.4722223e-05,25.3779,-0.045139052,4.1434,1.6955028
2022-07-31 11:00:00,3.4722223e-05,25.55655,-0.059283078,5.151728,2.6942992
2022-07-31 12:00:00,7.1509724,25.132202,-0.065794,7.9628453,3.4327595
2022-07-31 13:00:00,44.27316,25.25116,-0.087581985,7.448514,3.876445
2022-07-31 14:00:00,78.80281,25.344177,-0.10884411,7.217468,4.662219
2022-07-31 15:00:00,123.43208,25.875122,-0.14446169,8.06417,4.9818425
2022-07-31 16:00:00,117.03611,25.865112,-0.16480762,8.347454,5.3116174
2022-07-31 17:00:00,163.95882,25.860535,-0.18547882,10.029637,5.818127
2022-07-31 18:00:00,135.56876,26.110535,-0.1538025,7.3661227,6.271077
2022-07-31 19:00:00,91.33833,26.224548,-0.18106593,5.38628,6.820506
2022-07-31 20:00:00,91.62323,26.12204,-0.18273026,2.990625,6.6892853
2022-07-31 21:00:00,50.882812,26.32248,-0.16390227,0.9389091,6.7647343
2022-07-31 22:00:00,47.150623,25.92984,-0.1536778,1.2155334,5.4946475
2022-07-31 23:00:00,23.461353,26.305603,-0.13281143,1.116313,3.8439093
2022-08-01 00:00:00,1.5812153,25.81778,-0.09711795,2.2182512,2.3376613
2022-08-01 01:00:00,3.4722223e-05,25.806519,-0.07034242,0.8067321,2.1959145
2022-08-01 02:00:00,3.4722223e-05,25.923523,-0.051205426,0.17179456,2.5658681
2022-08-01 03:00:00,3.4722223e-05,25.81073,-0.041956782,0.3565606,3.1150284
2022-08-01 04:00:00,3.4722223e-05,25.709656,-0.038720302,0.1858184,3.530587
2022-08-01 05:00:00,3.4722223e-05,25.353912,-0.0464022,0.30817837,3.7472095
2022-08-01 06:00:00,3.4722223e-05,25.21109,-0.06024806,0.41966885,3.2165124
2022-08-01 07:00:00,3.4722223e-05,25.159088,-0.08691517,1.3838215,3.5469205
2022-08-01 08:00:00,3.4722223e-05,25.161804,-0.08497978,1.1457633,3.1671011
2022-08-01 09:00:00,3.4722223e-05,25.198883,-0.0739096,0.07923599,2.6188948
2022-08-01 10:00:00,3.4722223e-05,25.267487,-0.070521325,0.11920463,2.1806152
2022-08-01 11:00:00,3.4722223e-05,25.31607,-0.0658699,0.16338006,2.139715
2022-08-01 12:00:00,23.034027,25.277222,-0.06366345,0.18231198,2.9107263
2022-08-01 13:00:00,95.8967,25.312195,-0.082534805,0.18055923,3.6699078
2022-08-01 14:00:00,193.26059,26.04657,-0.106605135,0.2022963,3.8256857
2022-08-01 15:00:00,341.32208,26.247192,-0.15618242,0.26260036,3.6657057
2022-08-01 16:00:00,510.15265,26.547241,-0.20259911,0.5083708,4.326001
2022-08-01 17:00:00,610.8214,27.267761,-0.25950593,0.9690607,4.609669
2022-08-01 18:00:00,549.68225,26.9245,-0.28005245,2.0972939,4.316917
2022-08-01 19:00:00,372.93152,26.828308,-0.18619443,0.05819928,3.3467638
2022-08-01 20:00:00,282.94647,27.253357,-0.15771121,0.10062195,3.129409
2022-08-01 21:00:00,306.67847,27.66275,-0.16843987,0.032255426,3.0981302
2022-08-01 22:00:00,176.6368,27.071014,-0.1419408,0.20019338,3.1705482
2022-08-01 23:00:00,68.16187,26.82489,-0.11463942,0.080638565,2.7758396
2022-08-02 00:00:00,3.56125,26.677673,-0.080865055,0.09185728,2.7990186
2022-08-02 01:00:00,3.4722223e-05,26.342224,-0.07303678,0.11920463,2.7400026
2022-08-02 02:00:00,3.4722223e-05,26.473297,-0.07170315,0.07923599,2.759155
2022-08-02 03:00:00,3.4722223e-05,26.27118,-0.07455473,0.09641517,2.459488
2022-08-02 04:00:00,3.4722223e-05,25.967438,-0.074359566,0.19212905,2.546821
2022-08-02 05:00:00,3.4722223e-05,25.35144,-0.07114477,1.243581,2.494908
2022-08-02 06:00:00,3.4722223e-05,25.362244,-0.08013861,0.26610586,2.147484
2022-08-02 07:00:00,3.4722223e-05,25.050964,-0.060584176,0.5315105,1.7791914
2022-08-02 08:00:00,3.4722223e-05,24.61319,-0.059743892,1.090018,1.7585535
2022-08-02 09:00:00,3.4722223e-05,24.26361,-0.06189612,0.8894745,1.3451382
2022-08-02 10:00:00,3.4722223e-05,24.953552,-0.06159795,0.26400203,1.6196034
2022-08-02 11:00:00,3.4722223e-05,24.905426,-0.053466078,0.40213856,1.2965778
2022-08-02 12:00:00,11.766319,24.877136,-0.05953788,0.972216,0.997267
2022-08-02 13:00:00,66.59493,24.828735,-0.07614315,1.1604885,1.8800014
2022-08-02 14:00:00,148.23247,25.183777,-0.09520426,0.66789424,2.47834
2022-08-02 15:00:00,229.24321,25.51413,-0.111202344,0.19072649,3.035074
2022-08-02 16:00:00,372.6751,26.244812,-0.16167957,0.24226494,3.0882428
2022-08-02 17:00:00,354.25647,26.682495,-0.1559764,0.39091986,3.2834046
2022-08-02 18:00:00,410.52383,27.205994,-0.19419077,0.7916568,3.3214543
2022-08-02 19:00:00,239.35709,26.827087,-0.150051,1.0903683,3.7260945
2022-08-02 20:00:00,214.7419,26.78537,-0.14172396,0.6570257,3.5316172
2022-08-02 21:00:00,241.87843,27.093658,-0.1441852,0.29485488,2.5829263
2022-08-02 22:00:00,153.53156,26.434296,-0.096060805,0.25383475,1.1874698
2022-08-02 23:00:00,42.677742,26.02066,-0.056854364,1.0384796,1.1781442
2022-08-03 00:00:00,3.4615278,26.126434,-0.04475414,0.612149,1.5598005
2022-08-03 01:00:00,3.4722223e-05,25.915436,-0.040991798,0.80953723,1.7949654
2022-08-03 02:00:00,3.4722223e-05,25.709106,-0.043019347,0.51503253,1.7752346
2022-08-03 03:00:00,3.4722223e-05,25.441315,-0.04452103,0.69138503,1.8592237
2022-08-03 04:00:00,3.4722223e-05,25.345825,-0.043599416,0.8645812,2.018117
2022-08-03 05:00:00,3.4722223e-05,25.26529,-0.052468576,0.6370414,1.6030341
2022-08-03 06:00:00,3.4722223e-05,25.233307,-0.054338902,0.3814539,1.5443833
2022-08-03 07:00:00,3.4722223e-05,24.925446,-0.067263156,1.6685091,2.0031374
2022-08-03 08:00:00,3.4722223e-05,24.693298,-0.080615684,1.541241,2.1006436
2022-08-03 09:00:00,3.4722223e-05,24.40451,-0.081412606,2.319224,2.0058055
2022-08-03 10:00:00,3.4722223e-05,24.570953,-0.080176555,2.6463344,1.6141299
2022-08-03 11:00:00,3.4722223e-05,24.443054,-0.080821685,2.548868,1.8192672
2022-08-03 12:00:00,6.56691,24.49768,-0.078577295,2.9797564,2.250892
2022-08-03 13:00:00,31.59521,24.909119,-0.08911077,2.1414692,2.7049701
2022-08-03 14:00:00,91.22437,25.680847,-0.10860015,1.6555367,2.451246
2022-08-03 15:00:00,189.15805,25.939331,-0.12962916,0.41966885,2.175784
2022-08-03 16:00:00,437.16177,26.657928,-0.20759751,0.22999384,2.0874162
2022-08-03 17:00:00,435.33844,26.842987,-0.1970803,0.3151903,2.332736
2022-08-03 18:00:00,372.24777,27.005737,-0.17520013,0.39091986,2.2272992
2022-08-03 19:00:00,360.79486,26.707458,-0.16099107,0.405645,2.6040225
2022-08-03 20:00:00,321.365,26.389038,-0.15434462,0.46068895,2.7991202
2022-08-03 21:00:00,195.9956,26.466248,-0.12982975,0.66473895,2.7256541
2022-08-03 22:00:00,119.89934,26.176666,-0.10176938,1.5573688,2.3921218
2022-08-03 23:00:00,41.694828,25.236755,-0.085782126,3.0169199,2.7034369
2022-08-04 00:00:00,2.492882,25.17157,-0.065100074,2.6803427,2.342061
2022-08-04 01:00:00,3.4722223e-05,25.463104,-0.06273642,0.42773318,2.2468722
2022-08-04 02:00:00,3.4722223e-05,25.405487,-0.051552385,0.42387658,2.2839055
2022-08-04 03:00:00,3.4722223e-05,25.375885,-0.05244689,0.63949543,2.4064882
2022-08-04 04:00:00,3.4722223e-05,25.272675,-0.040959276,0.57463443,2.263639
2022-08-04 05:00:00,3.4722223e-05,24.957,-0.039967183,0.6054873,1.9749464
2022-08-04 06:00:00,3.4722223e-05,24.916412,-0.04185378,0.71908253,1.8966004
2022-08-04 07:00:00,3.4722223e-05,24.905151,-0.062226813,3.7461696,2.053728
2022-08-04 08:00:00,3.4722223e-05,25.118073,-0.059955318,5.2183423,2.372669
2022-08-04 09:00:00,3.4722223e-05,25.029022,-0.05887648,7.706556,2.6098545
2022-08-04 10:00:00,3.4722223e-05,25.058533,-0.06910095,10.4724455,3.3878832
2022-08-04 11:00:00,3.4722223e-05,24.523346,-0.08001392,12.372352,3.8043163
2022-08-04 12:00:00,2.207986,24.397919,-0.08874213,15.291804,3.9429767
2022-08-04 13:00:00,15.071111,24.712097,-0.09157202,15.765816,4.8277807
2022-08-04 14:00:00,9.743542,25.036835,-0.09539399,14.306966,4.63609
2022-08-04 15:00:00,12.920139,25.2406,-0.09857627,12.151823,4.375977
2022-08-04 16:00:00,19.800417,25.26529,-0.10040864,10.809723,3.8641403
2022-08-04 17:00:00,25.156528,25.585358,-0.09648366,10.157606,3.8427923
2022-08-04 18:00:00,43.37573,25.889343,-0.097291425,8.189334,3.4505854
2022-08-04 19:00:00,270.15457,25.903503,-0.16046521,0.69243646,3.2064526
2022-08-04 20:00:00,229.64206,26.25705,-0.135457,0.40529484,2.9397771
2022-08-04 21:00:00,198.33177,26.260468,-0.121930994,0.18686987,2.928255
2022-08-04 22:00:00,155.12698,26.372711,-0.10743458,0.15110895,2.550318
2022-08-04 23:00:00,65.01375,26.022858,-0.082214944,0.5266024,2.8229868
2022-08-05 00:00:00,4.586875,25.774292,-0.063213475,0.9070039,2.658707
2022-08-05 01:00:00,3.4722223e-05,25.819519,-0.06382067,0.27837697,2.7406695
2022-08-05 02:00:00,3.4722223e-05,25.839996,-0.068146825,0.22087805,2.0837643
2022-08-05 03:00:00,3.4722223e-05,25.504547,-0.064612165,0.470506,1.8939334
2022-08-05 04:00:00,3.4722223e-05,25.51947,-0.062183447,1.0184953,1.8243245
2022-08-05 05:00:00,3.4722223e-05,24.96936,-0.06710594,1.1040419,1.8739462
2022-08-05 06:00:00,3.4722223e-05,24.791687,-0.0656693,1.0479456,2.0240302
2022-08-05 07:00:00,3.4722223e-05,24.968933,-0.066157214,0.11008885,2.39869
2022-08-05 08:00:00,3.4722223e-05,24.629547,-0.06465011,0.57743955,2.3185208
2022-08-05 09:00:00,3.4722223e-05,24.874146,-0.061386526,1.1226237,2.0284567
2022-08-05 10:00:00,3.4722223e-05,25.155396,-0.05626345,1.3161553,2.000255
2022-08-05 11:00:00,3.4722223e-05,25.253876,-0.06064381,0.73871577,2.616844
2022-08-05 12:00:00,20.626633,25.129852,-0.06734989,0.28784293,3.45837
2022-08-05 13:00:00,112.42076,24.847107,-0.094992824,0.74467623,3.6991258
2022-08-05 14:00:00,210.95276,24.975952,-0.12697275,1.5664846,3.6340368
2022-08-05 15:00:00,211.86443,24.930817,-0.133565,2.960122,3.681766
2022-08-05 16:00:00,238.83002,25.14444,-0.14981246,4.5560575,3.7995772
2022-08-05 17:00:00,311.74966,24.90033,-0.17528145,5.1583896,4.01232
2022-08-05 18:00:00,450.50925,25.373932,-0.24378975,3.7742174,4.168311
2022-08-05 19:00:00,229.00104,25.627075,-0.1489776,1.6015443,4.089713
2022-08-05 20:00:00,220.98117,26.176666,-0.14052044,1.0255072,3.9575107
2022-08-05 21:00:00,168.08986,26.272858,-0.12813832,0.8565178,3.6463473
2022-08-05 22:00:00,114.18715,25.819275,-0.10968982,0.645807,2.5502894
2022-08-05 23:00:00,45.583714,25.575867,-0.09274301,0.89648646,2.1171687
2022-08-06 00:00:00,2.151007,25.665466,-0.08644894,0.6387942,1.9574854
2022-08-06 01:00:00,3.4722223e-05,25.766998,-0.0884548,0.6780615,2.401892
2022-08-06 02:00:00,3.4722223e-05,24.944519,-0.08711576,2.6940162,2.1184762
2022-08-06 03:00:00,3.4722223e-05,24.597565,-0.072884984,3.908147,2.6698642
2022-08-06 04:00:00,3.4722223e-05,24.738464,-0.073400006,2.6340632,2.6350744
2022-08-06 05:00:00,3.4722223e-05,24.71402,-0.07439209,1.7491477,2.6642234
2022-08-06 06:00:00,3.4722223e-05,24.500671,-0.072266966,3.194675,3.0289671
2022-08-06 07:00:00,3.4722223e-05,24.497528,-0.0824318,1.7312663,3.0367215
2022-08-06 08:00:00,3.4722223e-05,24.308502,-0.08725128,0.85862166,3.3971035
2022-08-06 09:00:00,3.4722223e-05,24.273102,-0.09043898,0.6815679,3.3690965
2022-08-06 10:00:00,3.4722223e-05,24.230408,-0.096331865,1.4648103,2.708409
2022-08-06 11:00:00,3.4722223e-05,24.241669,-0.10102125,1.5198542,2.8554273
2022-08-06 12:00:00,17.364548,24.370056,-0.10688161,1.1710068,2.9893856
2022-08-06 13:00:00,60.369896,24.644897,-0.11843428,1.2453338,3.321609
2022-08-06 14:00:00,159.78506,25.313416,-0.15926169,1.4616549,3.1813333
2022-08-06 15:00:00,183.01851,25.355408,-0.1687814,2.0846725,2.569317
2022-08-06 16:00:00,391.86298,26.08197,-0.23608616,2.0120983,2.2941513
2022-08-06 17:00:00,358.71512,26.518707,-0.22171985,2.9496047,2.6694565
2022-08-06 18:00:00,209.87013,26.10437,-0.17200702,4.7355647,2.2943296
2022-08-06 19:00:00,232.17766,26.284607,-0.12595898,0.48488098,1.9506507
2022-08-06 20:00:00,261.59335,26.12439,-0.1331855,0.3057234,2.0116048
2022-08-06 21:00:00,179.0157,26.525269,-0.12531926,0.23209769,2.3184328
2022-08-06 22:00:00,148.07576,26.374207,-0.11733377,0.21141209,1.8498634
2022-08-06 23:00:00,43.0766,26.278992,-0.06568557,0.16828813,1.7553469
2022-08-07 00:00:00,2.749271,26.21988,-0.038611878,0.24857558,1.887583
2022-08-07 01:00:00,3.4722223e-05,25.958923,-0.03478989,0.3797002,2.1418211
2022-08-07 02:00:00,3.4722223e-05,25.652557,-0.029861985,0.31483918,2.219583
2022-08-07 03:00:00,3.4722223e-05,25.580688,-0.03243165,0.34954864,2.2459981
2022-08-07 04:00:00,3.4722223e-05,25.489166,-0.03464894,0.45472944,2.004814
2022-08-07 05:00:00,3.4722223e-05,25.298492,-0.03844923,0.7786844,1.6470183
2022-08-07 06:00:00,3.4722223e-05,24.946167,-0.04655399,0.63073075,1.4217505
2022-08-07 07:00:00,3.4722223e-05,24.841736,-0.049324255,0.28749275,1.4543179
2022-08-07 08:00:00,3.4722223e-05,24.504272,-0.052642047,0.13112463,1.5324898
2022-08-07 09:00:00,3.4722223e-05,24.430328,-0.049633265,0.20019338,1.2019212
2022-08-07 10:00:00,3.4722223e-05,24.122192,-0.042195316,0.23455173,1.0597453
2022-08-07 11:00:00,3.4722223e-05,24.458435,-0.03598799,0.047681853,0.1541073
2022-08-07 12:00:00,32.87726,24.859741,-0.046347994,0.00490807,0.6155869
2022-08-07 13:00:00,165.28362,25.298767,-0.089468576,0.0028051436,0.7082519
2022-08-07 14:00:00,371.1509,26.332214,-0.1536236,0.030501746,0.43856016
2022-08-07 15:00:00,619.5677,26.841492,-0.21540953,0.07993728,0.48544043
2022-08-07 16:00:00,723.3988,27.197662,-0.2455354,0.1658341,1.2151617
2022-08-07 17:00:00,714.2821,27.362427,-0.26491094,0.15741959,1.9119396
2022-08-07 18:00:00,812.34406,27.616364,-0.3147864,0.12972206,2.2390487
2022-08-07 19:00:00,625.43665,27.735474,-0.26185334,0.1363838,2.639608
2022-08-07 20:00:00,519.9674,28.019196,-0.20888233,0.01156982,2.768219
2022-08-07 21:00:00,439.91104,28.282593,-0.18852556,0.0066617504,2.6462674
2022-08-07 22:00:00,285.78122,28.116852,-0.1494438,0.0010514632,2.537012
2022-08-07 23:00:00,92.84827,27.767975,-0.09297069,0.01998432,2.3537672
2022-08-08 00:00:00,5.071215,27.610046,-0.06384235,0.009465963,2.353738
2022-08-08 01:00:00,3.4722223e-05,27.534332,-0.059478246,0.032956712,2.5091386
2022-08-08 02:00:00,3.4722223e-05,26.762085,-0.05682725,0.022788532,2.0266044
2022-08-08 03:00:00,3.4722223e-05,26.352936,-0.048554428,0.04522782,1.8587227
2022-08-08 04:00:00,3.4722223e-05,26.352692,-0.04215195,0.042772852,1.6937813
2022-08-08 05:00:00,3.4722223e-05,25.993622,-0.039414212,0.16688555,1.6028918
2022-08-08 06:00:00,3.4722223e-05,26.116577,-0.03944132,0.34919846,1.4951221
2022-08-08 07:00:00,3.4722223e-05,25.648865,-0.044434287,0.1363838,1.3657638
2022-08-08 08:00:00,3.4722223e-05,24.943542,-0.044786677,0.45472944,1.6493484
2022-08-08 09:00:00,3.4722223e-05,25.452118,-0.053270925,0.71732885,1.7133245
2022-08-08 10:00:00,3.4722223e-05,25.500427,-0.055515308,0.74187106,1.776321
2022-08-08 11:00:00,3.4722223e-05,25.62857,-0.061776854,0.35060105,1.8826293
2022-08-08 12:00:00,13.27625,25.50824,-0.06289362,0.26750845,1.7104726
2022-08-08 13:00:00,84.15889,25.805573,-0.079086885,0.34148526,1.7562392
2022-08-08 14:00:00,200.76765,26.054565,-0.101644695,0.42808336,1.9733056
2022-08-08 15:00:00,291.46494,26.394928,-0.11349553,0.045928173,2.4567738
2022-08-08 16:00:00,531.6767,26.907898,-0.17973773,0.060654245,2.8785996
2022-08-08 17:00:00,620.8498,27.686462,-0.21306212,0.102024525,2.9946733
2022-08-08 18:00:00,674.39636,27.68277,-0.23248102,0.083793886,2.9945414
2022-08-08 19:00:00,549.88165,27.558746,-0.220126,0.24016109,3.325883
2022-08-08 20:00:00,357.39035,27.91571,-0.16491063,0.093610026,3.5068176
2022-08-08 21:00:00,222.04953,27.937927,-0.1267559,0.16408134,3.5951803
2022-08-08 22:00:00,114.13017,26.905182,-0.09732938,0.36532617,3.0871837
2022-08-08 23:00:00,62.15052,26.539673,-0.09287312,0.40038583,2.7928271
2022-08-09 00:00:00,2.3219445,26.559021,-0.06669392,0.34148526,2.8150756
2022-08-09 01:00:00,3.4722223e-05,26.366821,-0.059781827,0.27942842,2.8039572
2022-08-09 02:00:00,3.4722223e-05,26.143036,-0.05255532,0.63143206,2.1009846
2022-08-09 03:00:00,3.4722223e-05,25.758911,-0.052430622,1.6643023,1.909441
2022-08-09 04:00:00,3.4722223e-05,25.7836,-0.044569824,0.984136,2.235844
2022-08-09 05:00:00,3.4722223e-05,25.41565,-0.0446403,0.29275194,2.4969811
2022-08-09 06:00:00,3.4722223e-05,25.24527,-0.05273422,0.35130233,2.115641
2022-08-09 07:00:00,3.4722223e-05,25.383698,-0.060421545,1.665704,1.7286462
2022-08-09 08:00:00,3.4722223e-05,25.125458,-0.051790923,2.1849442,1.4238704
2022-08-09 09:00:00,3.4722223e-05,25.073883,-0.049204987,2.2329762,1.3865371
2022-08-09 10:00:00,3.4722223e-05,25.247467,-0.047551513,1.7821034,0.9715595
2022-08-09 11:00:00,3.4722223e-05,24.821716,-0.047741253,2.5257282,1.057196
2022-08-09 12:00:00,9.444375,24.743378,-0.054398537,3.4450033,0.53705555
2022-08-09 13:00:00,37.107986,25.077332,-0.06904132,1.7719362,0.43713227
2022-08-09 14:00:00,107.83392,25.288727,-0.095616266,1.6166204,1.3306184
2022-08-09 15:00:00,179.72794,25.478455,-0.119301684,0.42913574,2.089879
2022-08-09 16:00:00,221.28032,25.754791,-0.13548411,0.19072649,2.3880446
2022-08-09 17:00:00,421.70605,26.331696,-0.17439237,0.19353163,2.542235
2022-08-09 18:00:00,495.18124,26.539948,-0.19240719,0.40389225,3.2220805
2022-08-09 19:00:00,322.11996,26.622528,-0.15363443,2.5425572,3.029373
2022-08-09 20:00:00,146.66553,26.507965,-0.105087176,2.045054,3.0791209
2022-08-09 21:00:00,101.70861,26.838074,-0.090905204,2.2792556,3.3627915
2022-08-09 22:00:00,44.07375,25.521667,-0.06472602,2.1611032,3.2363808
2022-08-09 23:00:00,17.207848,25.608276,-0.051541544,3.4428992,3.4520159
2022-08-10 00:00:00,1.6524305,25.543365,-0.049096562,4.5395794,3.1092892
2022-08-10 01:00:00,3.4722223e-05,25.735718,-0.055499054,1.8774672,3.0854506
2022-08-10 02:00:00,3.4722223e-05,25.440338,-0.0704129,3.0859885,3.3736615
2022-08-10 03:00:00,3.4722223e-05,25.449127,-0.09045524,5.479189,3.7996335
2022-08-10 04:00:00,3.4722223e-05,25.450348,-0.10569436,7.698142,4.264503
2022-08-10 05:00:00,3.4722223e-05,25.289703,-0.11528454,8.741529,5.0065618
2022-08-10 06:00:00,3.4722223e-05,25.017242,-0.11748557,11.491642,4.9965844
2022-08-10 07:00:00,3.4722223e-05,25.167877,-0.105379924,2.717156,4.7494197
2022-08-10 08:00:00,3.4722223e-05,25.256073,-0.09738901,2.96433,4.0711756
2022-08-10 09:00:00,3.4722223e-05,25.68814,-0.0947814,3.6255624,4.506394
2022-08-10 10:00:00,3.4722223e-05,25.251678,-0.09981773,4.2931066,2.9772017
2022-08-10 11:00:00,3.4722223e-05,24.990173,-0.105472095,5.0721416,2.8889315
2022-08-10 12:00:00,9.031284,24.914215,-0.106241904,4.7573023,3.0619051
2022-08-10 13:00:00,27.236284,24.95575,-0.10472396,3.9691515,3.1153786
2022-08-10 14:00:00,70.89687,25.55655,-0.11474784,3.4583259,3.5790966
2022-08-10 15:00:00,93.27563,25.626892,-0.111039706,3.6830614,3.1977177
2022-08-10 16:00:00,131.92204,25.554626,-0.12280923,3.3489392,2.6093597
2022-08-10 17:00:00,186.03842,26.19159,-0.13072966,2.2484026,2.5624611
2022-08-10 18:00:00,207.14935,26.408386,-0.12640353,0.986591,2.5091794
2022-08-10 19:00:00,565.836,26.907623,-0.21437949,0.33236948,2.5613124
2022-08-10 20:00:00,389.66928,27.205048,-0.1745984,0.4978534,2.5910182
2022-08-10 21:00:00,371.30762,27.098572,-0.16698153,1.0577626,2.988769
2022-08-10 22:00:00,202.70494,26.614868,-0.12297186,0.9788778,2.5491972
2022-08-10 23:00:00,65.099205,26.205048,-0.08025246,1.1843294,2.7908683
2022-08-11 00:00:00,2.5783334,25.588257,-0.065907836,1.3617333,2.913544
2022-08-11 01:00:00,3.4722223e-05,25.470917,-0.0649266,1.4034547,3.103776
2022-08-11 02:00:00,3.4722223e-05,25.468903,-0.068276934,0.6983969,3.1008906
2022-08-11 03:00:00,3.4722223e-05,25.53363,-0.06237319,0.68507344,2.747228
2022-08-11 04:00:00,3.4722223e-05,25.4711,-0.052972756,1.1629425,2.8013918
2022-08-11 05:00:00,3.4722223e-05,25.667938,-0.04096469,0.75905025,2.5597298
2022-08-11 06:00:00,3.4722223e-05,25.576843,-0.037787847,1.0027177,2.5694807
2022-08-11 07:00:00,3.4722223e-05,25.617584,-0.06846125,0.27171522,2.5305588
2022-08-11 08:00:00,3.4722223e-05,25.404938,-0.06880279,0.5020602,2.699987
2022-08-11 09:00:00,3.4722223e-05,25.107635,-0.066097595,0.7253932,2.6843538
2022-08-11 10:00:00,3.4722223e-05,25.6427,-0.06563137,0.72749704,2.2003796
2022-08-11 11:00:00,3.4722223e-05,25.621277,-0.06569641,0.77623034,2.0914423
2022-08-11 12:00:00,15.797605,25.431305,-0.061809376,0.68857986,2.6239052
2022-08-11 13:00:00,59.25882,25.012573,-0.065896995,0.909809,2.879059
2022-08-11 14:00:00,120.79677,25.512634,-0.081168644,0.9199763,3.0556629
2022-08-11 15:00:00,209.514,25.635162,-0.116840445,0.72959995,2.9523408
2022-08-11 16:00:00,258.7159,25.76532,-0.13070798,0.54413265,2.4809008
2022-08-11 17:00:00,372.24777,26.300964,-0.17399663,0.32851285,2.6288054
2022-08-11 18:00:00,385.2391,26.365417,-0.1879997,0.26715732,3.1982472
2022-08-11 19:00:00,675.79236,26.61322,-0.251965,0.20965934,3.9352775
2022-08-11 20:00:00,482.33237,26.02356,-0.21750756,0.35270396,4.2738957
2022-08-11 21:00:00,327.98886,26.286804,-0.1635282,0.34078395,4.534759
2022-08-11 22:00:00,177.10687,25.901306,-0.12637098,0.79235804,3.3323152
2022-08-11 23:00:00,60.070763,25.55243,-0.09512835,1.8154112,3.0842545
2022-08-12 00:00:00,2.9487152,25.573944,-0.07721114,1.9784402,2.692823
2022-08-12 01:00:00,3.4722223e-05,25.384216,-0.06523018,1.8981527,2.2174766
2022-08-12 02:00:00,3.4722223e-05,25.142242,-0.054940667,1.1562817,1.9909953
2022-08-12 03:00:00,3.4722223e-05,25.12149,-0.049513996,0.120256096,1.5231688
2022-08-12 04:00:00,3.4722223e-05,25.093231,-0.05664294,0.1735473,1.71215
2022-08-12 05:00:00,3.4722223e-05,24.759186,-0.0566863,0.88035876,1.9680288
2022-08-12 06:00:00,3.4722223e-05,24.760132,-0.058540374,2.3350008,2.24321
2022-08-12 07:00:00,3.4722223e-05,24.819794,-0.06950213,2.6656175,2.2390845
2022-08-12 08:00:00,3.4722223e-05,24.666962,-0.072451286,2.9278667,2.3482165
2022-08-12 09:00:00,3.4722223e-05,24.67276,-0.079601906,2.9916763,2.4401238
2022-08-12 10:00:00,3.4722223e-05,24.486725,-0.079688646,3.420461,2.3126953
2022-08-12 11:00:00,3.4722223e-05,24.587097,-0.08282755,3.598216,2.1323457
2022-08-12 12:00:00,8.00566,24.304901,-0.08597729,4.28925,2.0191689
2022-08-12 13:00:00,48.475418,24.66986,-0.1060088,5.4458823,1.872883
2022-08-12 14:00:00,59.429756,25.159607,-0.10916938,6.5404577,1.8280289
2022-08-12 15:00:00,124.21555,25.507019,-0.122164115,7.222026,2.125932
2022-08-12 16:00:00,234.11496,25.836304,-0.15276702,6.4531584,2.1303976
2022-08-12 17:00:00,196.33748,26.118774,-0.13285479,3.7363524,2.7207732
2022-08-12 18:00:00,188.7592,26.179657,-0.11996308,2.1298993,3.228758
2022-08-12 19:00:00,72.563545,26.219177,-0.109971724,7.0088606,2.975098
2022-08-12 20:00:00,205.6679,26.312897,-0.14175107,2.9453971,2.9617124
2022-08-12 21:00:00,174.91316,26.700592,-0.13044776,0.85686797,2.5382254
2022-08-12 22:00:00,160.8107,26.19696,-0.11624411,0.20124483,1.7448921
2022-08-12 23:00:00,53.033783,26.039032,-0.07622989,0.2699625,1.1776525
2022-08-13 00:00:00,2.5926042,25.928894,-0.055238836,0.41195565,0.804844
2022-08-13 01:00:00,3.4722223e-05,25.852478,-0.03909979,0.21036062,0.515316
2022-08-13 02:00:00,3.4722223e-05,25.372284,-0.037093922,0.46980473,0.6254333
2022-08-13 03:00:00,3.4722223e-05,25.304382,-0.046396773,0.48698485,0.81303334
2022-08-13 04:00:00,3.4722223e-05,25.237274,-0.049378462,0.3018668,0.9818628
2022-08-13 05:00:00,3.4722223e-05,24.985962,-0.0498718,0.038566068,0.84680974
2022-08-13 06:00:00,3.4722223e-05,24.815125,-0.052750476,0.07502828,1.1288106
2022-08-13 07:00:00,3.4722223e-05,24.880554,-0.044981834,0.07257424,1.3775036
2022-08-13 08:00:00,3.4722223e-05,24.788513,-0.05159575,0.05960185,1.4606711
2022-08-13 09:00:00,3.4722223e-05,24.595093,-0.052392673,0.21211338,1.1448324
2022-08-13 10:00:00,3.4722223e-05,24.673279,-0.05382931,0.23560318,0.96762687
2022-08-13 11:00:00,3.4722223e-05,24.783173,-0.051389754,0.24191476,0.6949409
2022-08-13 12:00:00,8.304791,24.86441,-0.052658316,0.13007316,0.70741487
2022-08-13 13:00:00,53.389896,24.908417,-0.068450406,0.22473466,1.3621588
2022-08-13 14:00:00,149.52875,25.308777,-0.093827255,0.21316484,1.9270282
2022-08-13 15:00:00,295.9236,25.835876,-0.1422715,0.12095738,1.8632867
2022-08-13 16:00:00,421.13626,26.010925,-0.16570212,0.20930824,1.3879578
2022-08-13 17:00:00,474.45493,26.537048,-0.173937,0.20019338,1.3639798
2022-08-13 18:00:00,505.3379,26.65274,-0.1942504,0.3306167,1.7046752
2022-08-13 19:00:00,444.71155,27.27066,-0.17257625,0.05679764,2.2874007
2022-08-13 20:00:00,422.50378,26.780457,-0.18094666,0.082391314,2.659851
2022-08-13 21:00:00,331.023,26.55066,-0.16573465,0.08975342,3.0542486
2022-08-13 22:00:00,155.3834,26.980194,-0.12579633,0.07958617,2.713175
2022-08-13 23:00:00,69.41541,26.66153,-0.095876485,0.040669926,2.450076
2022-08-14 00:00:00,3.0626736,26.211365,-0.060074583,0.063809566,2.4534333
2022-08-14 01:00:00,3.4722223e-05,25.956207,-0.04913451,0.34253672,2.4340963
2022-08-14 02:00:00,3.4722223e-05,25.04657,-0.040146086,1.4742762,1.6078538
2022-08-14 03:00:00,3.4722223e-05,24.761627,-0.03502301,1.5927795,1.499283
2022-08-14 04:00:00,3.4722223e-05,25.073883,-0.035115167,0.2899468,1.0627642
2022-08-14 05:00:00,3.4722223e-05,25.133453,-0.03936542,0.17845538,1.0919733
2022-08-14 06:00:00,3.4722223e-05,24.954803,-0.044049375,0.17249584,1.4064862
2022-08-14 07:00:00,3.4722223e-05,25.164001,-0.049920592,0.30958,1.6278535
2022-08-14 08:00:00,3.4722223e-05,24.713501,-0.0492321,1.1773175,1.1245538
2022-08-14 09:00:00,3.4722223e-05,24.358307,-0.044716187,0.39617902,0.91611105
2022-08-14 10:00:00,3.4722223e-05,24.999146,-0.050034434,0.39091986,1.4551235
2022-08-14 11:00:00,3.4722223e-05,24.904999,-0.051801763,0.36953297,1.5553786
2022-08-14 12:00:00,22.307535,24.990173,-0.057185054,0.3306167,2.0083902
2022-08-14 13:00:00,105.02767,25.10147,-0.082556486,0.13147481,2.324295
2022-08-14 14:00:00,280.6388,26.171295,-0.13416132,0.18371455,2.840137
2022-08-14 15:00:00,479.98193,26.777557,-0.20090227,0.13813657,3.027525
2022-08-14 16:00:00,618.4708,27.154724,-0.23616748,0.18686987,3.2288866
2022-08-14 17:00:00,613.8128,27.23114,-0.25280526,0.36146957,3.2357156
2022-08-14 18:00:00,628.76996,26.48233,-0.28266007,1.1962494,3.7862165
2022-08-14 19:00:00,349.58414,26.508667,-0.19286256,0.9431159,3.6798277
2022-08-14 20:00:00,232.67624,26.766052,-0.15880631,0.5493909,3.412004
2022-08-14 21:00:00,236.40839,26.715698,-0.16346315,0.6170571,3.381555
2022-08-14 22:00:00,80.36976,25.615143,-0.12066242,1.3505147,3.3038943
2022-08-14 23:00:00,22.521215,25.682343,-0.09330139,1.9812454,2.7137492
2022-08-15 00:00:00,1.5527084,25.832703,-0.073801175,0.9588934,2.4825418
2022-08-15 01:00:00,3.4722223e-05,25.50772,-0.06122388,0.7429235,2.3655481
2022-08-15 02:00:00,3.4722223e-05,25.06784,-0.059115015,1.600843,2.3913112
2022-08-15 03:00:00,3.4722223e-05,25.050446,-0.0552822,2.12429,2.5700214
2022-08-15 04:00:00,3.4722223e-05,25.078552,-0.056848947,1.7628204,2.9086783
2022-08-15 05:00:00,3.4722223e-05,25.047272,-0.058280144,1.6260865,2.856401
2022-08-15 06:00:00,3.4722223e-05,24.670105,-0.06598374,1.8687024,2.86627
2022-08-15 07:00:00,3.4722223e-05,24.973053,-0.083884686,2.3556864,2.7684824
2022-08-15 08:00:00,3.4722223e-05,24.929413,-0.08988601,2.7848222,3.2646785
2022-08-15 09:00:00,3.4722223e-05,25.169098,-0.093642935,2.729427,3.3614216
2022-08-15 10:00:00,3.4722223e-05,24.403015,-0.10008337,3.3836486,3.1324403
2022-08-15 11:00:00,3.4722223e-05,24.685913,-0.09015708,1.5300214,3.0982966
2022-08-15 12:00:00,6.980035,24.674255,-0.08179209,1.8438091,3.7565396
2022-08-15 13:00:00,36.424236,24.667664,-0.08395516,2.1498837,4.540337
2022-08-15 14:00:00,87.83406,25.185455,-0.094244696,2.9257638,4.180997
2022-08-15 15:00:00,108.09031,25.409851,-0.10720689,4.2457757,3.7023518
2022-08-15 16:00:00,179.99858,25.799225,-0.13425891,2.9373336,4.059472
2022-08-15 17:00:00,157.3207,25.9245,-0.12983517,1.9002566,4.144572
2022-08-15 18:00:00,261.99225,25.958649,-0.17709757,1.3771597,4.1039433
2022-08-15 19:00:00,330.75235,26.243866,-0.21055208,0.9851884,3.6899505
2022-08-15 20:00:00,287.71854,26.377106,-0.17361714,0.5188892,3.1652763
2022-08-15 21:00:00,152.69112,26.077332,-0.117198244,0.2741702,2.6096904
2022-08-15 22:00:00,134.71404,25.492615,-0.10179106,0.27452037,1.7033545
2022-08-15 23:00:00,59.002396,25.367615,-0.07228865,0.6093439,1.0279652
2022-08-16 00:00:00,2.8205209,25.595123,-0.050836783,0.92067754,0.59979796
2022-08-16 01:00:00,3.4722223e-05,25.531677,-0.038671512,0.592866,0.39832082
2022-08-16 02:00:00,3.4722223e-05,25.29779,-0.037505932,0.6664917,0.6769626
2022-08-16 03:00:00,3.4722223e-05,25.243591,-0.040558092,0.2650544,0.625897
2022-08-16 04:00:00,3.4722223e-05,24.956024,-0.046787113,0.39197132,0.5802535
2022-08-16 05:00:00,3.4722223e-05,24.946716,-0.04860322,0.34814608,0.3010718
2022-08-16 06:00:00,3.4722223e-05,24.772614,-0.050766308,0.06486103,0.05895646
2022-08-16 07:00:00,3.4722223e-05,24.711823,-0.032523807,0.009465963,0.30006224
2022-08-16 08:00:00,3.4722223e-05,24.47873,-0.034849524,0.01156982,0.4067368
2022-08-16 09:00:00,3.4722223e-05,24.650787,-0.0372403,0.043825246,0.71003246
2022-08-16 10:00:00,3.4722223e-05,25.003357,-0.039463006,0.0028051436,1.0434918
2022-08-16 11:00:00,3.4722223e-05,25.10147,-0.038812462,0.0017527491,0.99984413
2022-08-16 12:00:00,39.00257,25.295593,-0.043637365,0.0035054982,0.8330304
2022-08-16 13:00:00,183.70226,25.717468,-0.08708322,0.0010514632,0.5458355
2022-08-16 14:00:00,410.93692,26.532654,-0.15390007,0.0077132136,0.72024673
2022-08-16 15:00:00,553.00134,26.854126,-0.18806475,0.019633211,1.0671897
2022-08-16 16:00:00,632.6018,27.11026,-0.21600044,0.019633211,1.2026385
2022-08-16 17:00:00,705.07983,27.841766,-0.2500621,0.027346425,1.9668624
2022-08-16 18:00:00,752.68634,27.701843,-0.2819553,0.01156982,3.0803664
2022-08-16 19:00:00,630.50775,27.506744,-0.265697,0.0,3.8859396
2022-08-16 20:00:00,688.8549,27.84491,-0.28393406,0.0017527491,4.0230603
2022-08-16 21:00:00,434.75436,27.867584,-0.21154417,0.0,3.658557
2022-08-16 22:00:00,308.57306,27.323608,-0.15929964,0.0,3.0174832
2022-08-16 23:00:00,118.71701,27.339783,-0.10403546,0.0,2.9253674
2022-08-17 00:00:00,5.014236,27.208374,-0.06479649,0.0,2.8471875
2022-08-17 01:00:00,3.4722223e-05,27.124237,-0.06237319,0.0,2.5420284
2022-08-17 02:00:00,3.4722223e-05,26.731354,-0.064059205,0.0,2.4440832
2022-08-17 03:00:00,3.4722223e-05,26.384216,-0.0604378,0.0,2.1927896
2022-08-17 04:00:00,3.4722223e-05,26.402222,-0.048397224,0.0,1.9856509
2022-08-17 05:00:00,3.4722223e-05,26.52237,-0.040211134,0.0,1.9256982
2022-08-17 06:00:00,3.4722223e-05,26.079254,-0.04095385,0.0003501773,1.7666302
2022-08-17 07:00:00,3.4722223e-05,25.90155,-0.043171138,0.002454035,1.9129072
2022-08-17 08:00:00,3.4722223e-05,25.480652,-0.04575707,0.00490807,1.9635959
2022-08-17 09:00:00,3.4722223e-05,25.720367,-0.04824542,0.045928173,1.9968778
2022-08-17 10:00:00,3.4722223e-05,25.908142,-0.048044838,0.12586546,1.7747326
2022-08-17 11:00:00,3.4722223e-05,25.55655,-0.05096689,0.50171,1.9176877
2022-08-17 12:00:00,30.911459,25.515533,-0.067040876,0.17565116,1.5163
2022-08-17 13:00:00,136.26674,25.798279,-0.0916967,0.023840927,1.5563568
2022-08-17 14:00:00,347.09125,26.837524,-0.14788792,0.10763481,1.9030217
2022-08-17 15:00:00,441.1076,27.032867,-0.17415927,0.11149142,2.0154514
2022-08-17 16:00:00,688.1712,27.352417,-0.24729729,0.12306124,2.2004964
2022-08-17 17:00:00,765.7917,27.750397,-0.27349275,0.08589681,2.7136385
2022-08-17 18:00:00,624.0691,27.70694,-0.24167545,0.10027178,3.0578182
2022-08-17 19:00:00,581.0637,28.040009,-0.24697202,0.14409703,3.493082
2022-08-17 20:00:00,540.5655,28.107117,-0.23718125,0.09185728,4.0501432
2022-08-17 21:00:00,382.48987,28.360077,-0.18986462,0.042772852,3.9980824
2022-08-17 22:00:00,237.63345,27.69989,-0.15201889,0.2899468,3.361597
2022-08-17 23:00:00,59.914062,27.75357,-0.106296115,0.12586546,3.2609184
2022-08-18 00:00:00,2.6495833,27.69989,-0.078008056,0.153563,2.8468463
2022-08-18 01:00:00,3.4722223e-05,27.619537,-0.06564762,0.06345846,2.358718
2022-08-18 02:00:00,3.4722223e-05,27.112976,-0.062335238,0.54693687,2.244703
2022-08-18 03:00:00,3.4722223e-05,26.704285,-0.052040298,0.1276182,2.4032376
2022-08-18 04:00:00,3.4722223e-05,26.53775,-0.05573216,0.17565116,2.2797036
2022-08-18 05:00:00,3.4722223e-05,25.7836,-0.057846453,0.85967314,2.372045
2022-08-18 06:00:00,3.4722223e-05,25.656158,-0.06394535,0.5532475,2.5772088
2022-08-18 07:00:00,3.4722223e-05,25.354431,-0.071714,0.63073075,2.516947
2022-08-18 08:00:00,3.4722223e-05,24.899353,-0.07234286,1.3326333,2.3086236
2022-08-18 09:00:00,3.4722223e-05,24.48233,-0.08169451,1.2102742,2.8382552
2022-08-18 10:00:00,3.4722223e-05,24.718689,-0.087023586,1.3655899,1.8171359
2022-08-18 11:00:00,3.4722223e-05,24.727478,-0.08110902,1.9721296,1.4555792
2022-08-18 12:00:00,20.41295,25.047272,-0.07929832,0.24016109,1.3983101
2022-08-18 13:00:00,142.54875,25.35199,-0.12923881,0.10097306,1.3723754
2022-08-18 14:00:00,270.43945,25.632263,-0.16434681,1.0518022,2.029795
2022-08-18 15:00:00,243.95819,25.578522,-0.12880513,3.1890645,2.5106068
2022-08-18 16:00:00,179.08691,25.943542,-0.100170106,2.9878197,1.3840983
2022-08-18 17:00:00,110.73986,26.68155,-0.09089978,1.5773531,0.74979633
2022-08-18 18:00:00,90.18448,26.629822,-0.0758992,2.1611032,0.54360265
2022-08-18 19:00:00,224.1008,26.995728,-0.11081744,0.55465007,0.7223582
2022-08-18 20:00:00,239.78442,26.770966,-0.12845275,0.9403117,1.3133272
2022-08-18 21:00:00,155.75375,26.829285,-0.10110257,0.86703527,0.9273202
2022-08-18 22:00:00,146.3664,26.696747,-0.08747897,0.25839266,1.7390829
2022-08-18 23:00:00,43.717606,26.737762,-0.062145498,0.059251674,2.0034242
2022-08-19 00:00:00,1.9800694,26.642975,-0.058518678,0.060654245,2.6459157
2022-08-19 01:00:00,3.4722223e-05,26.64273,-0.061451573,0.13077445,3.4997895
2022-08-19 02:00:00,3.4722223e-05,26.610748,-0.06045407,0.050486065,3.534235
2022-08-19 03:00:00,3.4722223e-05,25.855621,-0.056886885,0.063809566,3.1992662
2022-08-19 04:00:00,3.4722223e-05,25.852997,-0.057775978,0.023840927,3.096303
2022-08-19 05:00:00,3.4722223e-05,25.684692,-0.05908792,0.0028051436,3.0484893
2022-08-19 06:00:00,3.4722223e-05,25.614166,-0.061055835,0.008414499,3.2458432
2022-08-19 07:00:00,3.4722223e-05,25.429901,-0.066791505,0.043474138,3.1195161
2022-08-19 08:00:00,3.4722223e-05,25.216187,-0.0630888,0.055395067,3.1188037
2022-08-19 09:00:00,3.4722223e-05,25.199585,-0.06457421,0.04662946,3.282548
2022-08-19 10:00:00,3.4722223e-05,25.727478,-0.062394872,0.07117167,3.0285769
2022-08-19 11:00:00,3.4722223e-05,25.582458,-0.054409377,0.07537939,2.8516634
2022-08-19 12:00:00,42.06521,25.716766,-0.06161422,0.08975342,2.7797427
2022-08-19 13:00:00,204.2719,25.996765,-0.10763517,0.042772852,2.6192508
2022-08-19 14:00:00,371.73492,26.437195,-0.16027004,0.08765049,2.376984
2022-08-19 15:00:00,577.16064,27.007507,-0.22976498,0.11079013,2.1099312
2022-08-19 16:00:00,576.70483,26.943298,-0.23172206,0.15075785,2.793942
2022-08-19 17:00:00,673.0858,27.00476,-0.259262,0.18897372,3.3803399
2022-08-19 18:00:00,710.73517,26.847382,-0.2751354,0.16302896,3.6936116
2022-08-19 19:00:00,702.0457,27.19284,-0.26462904,0.103778206,4.097361
2022-08-19 20:00:00,393.3302,27.893494,-0.19091634,0.48698485,3.668539
2022-08-19 21:00:00,221.13786,27.766998,-0.13443238,0.54693687,3.8691866
2022-08-19 22:00:00,188.00421,27.527496,-0.12830637,0.088701956,3.1186032
2022-08-19 23:00:00,82.72018,26.845612,-0.09398447,1.3960925,2.6052725
2022-08-20 00:00:00,3.6467013,26.448425,-0.05822051,1.7922716,2.070028
2022-08-20 01:00:00,3.4722223e-05,26.172272,-0.05095062,0.99149907,2.036939
2022-08-20 02:00:00,3.4722223e-05,26.312195,-0.05555869,0.25067943,2.636343
2022-08-20 03:00:00,3.4722223e-05,25.968414,-0.061934073,0.1858184,3.2862034
2022-08-20 04:00:00,3.4722223e-05,25.856842,-0.054089528,0.14339574,3.2897804
2022-08-20 05:00:00,3.4722223e-05,25.174042,-0.04572455,3.2325397,3.5372818
2022-08-20 06:00:00,3.4722223e-05,25.189392,-0.041837513,1.3305303,3.3849423
2022-08-20 07:00:00,3.4722223e-05,25.412506,-0.08583092,1.6678078,3.4743721
2022-08-20 08:00:00,3.4722223e-05,24.90033,-0.06907927,3.240603,2.9536028
2022-08-20 09:00:00,3.4722223e-05,25.02066,-0.071762785,4.1532173,2.9283311
2022-08-20 10:00:00,3.4722223e-05,24.936005,-0.07279282,6.4279146,3.2093236
2022-08-20 11:00:00,3.4722223e-05,25.14154,-0.07583414,2.8447752,2.321678
2022-08-20 12:00:00,4.088299,24.776733,-0.06372309,2.8020012,1.7366916
2022-08-20 13:00:00,31.310312,24.69815,-0.0609962,0.5777897,2.539888
2022-08-20 14:00:00,134.61433,25.58316,-0.08924088,0.3320193,2.6750891
2022-08-20 15:00:00,258.31705,25.50412,-0.12519999,0.82952154,2.3484201
2022-08-20 16:00:00,225.0552,25.253601,-0.123936854,2.0808158,2.2713034
2022-08-20 17:00:00,290.55325,25.996521,-0.16910124,2.5891867,1.80982
2022-08-20 18:00:00,296.05182,25.692505,-0.16839647,4.075033,2.0522113
2022-08-20 19:00:00,365.29626,25.939331,-0.1699524,0.46629924,1.9381453
2022-08-20 20:00:00,273.34543,26.265015,-0.13203079,0.16197748,2.0463164
2022-08-20 21:00:00,282.90375,26.16278,-0.14116557,0.46735072,2.232858
2022-08-20 22:00:00,117.57743,25.739685,-0.097795606,1.3876781,1.1918912
2022-08-20 23:00:00,42.578022,25.851227,-0.063143,0.07958617,0.92992413
2022-08-21 00:00:00,2.2792015,25.71991,-0.044038534,0.030501746,1.021054
2022-08-21 01:00:00,3.4722223e-05,25.646393,-0.044938467,0.0662636,0.91902167
2022-08-21 02:00:00,3.4722223e-05,25.451324,-0.041295394,0.055745244,0.40706575
2022-08-21 03:00:00,3.4722223e-05,25.254822,-0.03137451,0.055745244,0.8918941
2022-08-21 04:00:00,3.4722223e-05,25.175262,-0.03194374,0.2811821,1.3335218
2022-08-21 05:00:00,3.4722223e-05,24.963318,-0.03543502,0.54588544,1.4806612
2022-08-21 06:00:00,3.4722223e-05,24.75232,-0.042997666,0.20369887,1.6316075
2022-08-21 07:00:00,3.4722223e-05,24.980164,-0.05625261,0.5322117,1.871495
2022-08-21 08:00:00,3.4722223e-05,24.972351,-0.060486592,0.5055666,1.9075419
2022-08-21 09:00:00,3.4722223e-05,24.990356,-0.06445494,0.3074771,1.9896065
2022-08-21 10:00:00,3.4722223e-05,25.09198,-0.06018301,0.25208202,1.990997
2022-08-21 11:00:00,3.4722223e-05,25.098572,-0.0561496,0.15461445,1.9969114
2022-08-21 12:00:00,27.977015,25.312195,-0.061630476,0.49119163,1.9413708
2022-08-21 13:00:00,101.380974,24.694702,-0.08513158,1.5279185,2.0542805
2022-08-21 14:00:00,131.60864,25.066345,-0.0962126,0.9929016,2.502388
2022-08-21 15:00:00,214.95557,25.32071,-0.11350637,0.2156198,2.7673256
2022-08-21 16:00:00,347.93173,25.881989,-0.15076117,0.43404382,2.8603377
2022-08-21 17:00:00,508.3863,26.13443,-0.20964132,0.29240084,3.1066551
2022-08-21 18:00:00,438.32986,26.066345,-0.19663575,0.19353163,2.6772861
2022-08-21 19:00:00,362.97433,26.27118,-0.1809304,0.11745095,2.8060951
2022-08-21 20:00:00,501.36356,26.925995,-0.2169817,0.13743527,2.9562056
2022-08-21 21:00:00,363.7578,27.459686,-0.1805997,0.06591249,3.0630293
2022-08-21 22:00:00,189.54268,26.599518,-0.13555458,0.20159501,3.131879
2022-08-21 23:00:00,53.033783,26.32782,-0.09503077,0.8992907,3.7422194
2022-08-22 00:00:00,1.780625,26.50946,-0.06812513,0.49014017,3.0807908
2022-08-22 01:00:00,3.4722223e-05,26.740662,-0.053417288,0.07853471,2.8021853
2022-08-22 02:00:00,3.4722223e-05,26.250885,-0.051514436,0.07958617,2.6021929
2022-08-22 03:00:00,3.4722223e-05,25.840271,-0.049931433,0.14409703,2.2351983
2022-08-22 04:00:00,3.4722223e-05,25.445251,-0.049411,0.6128503,2.307859
2022-08-22 05:00:00,3.4722223e-05,25.1857,-0.050424773,1.565082,2.0493352
2022-08-22 06:00:00,3.4722223e-05,25.244568,-0.056052014,1.1008866,1.9870086
2022-08-22 07:00:00,3.4722223e-05,25.233063,-0.063847765,0.08975342,1.8185207
2022-08-22 08:00:00,3.4722223e-05,24.918854,-0.06160879,0.07958617,2.018619
2022-08-22 09:00:00,3.4722223e-05,24.237976,-0.0633978,0.8505573,1.9772682
2022-08-22 10:00:00,3.4722223e-05,24.567078,-0.06784323,1.4311522,1.3857867
2022-08-22 11:00:00,3.4722223e-05,24.379547,-0.06599458,1.7095292,1.4340196
2022-08-22 12:00:00,15.2705555,24.546265,-0.074489675,0.44491234,2.362624
2022-08-22 13:00:00,65.526566,24.75531,-0.08576587,0.27452037,3.5577142
2022-08-22 14:00:00,173.916,25.634735,-0.11487253,0.18897372,3.8789124
2022-08-22 15:00:00,389.29892,25.788696,-0.20055531,1.1559305,2.9516041
2022-08-22 16:00:00,390.467,25.700592,-0.21146828,2.1165767,2.4480107
2022-08-22 17:00:00,389.49832,26.155243,-0.20698489,3.7118108,1.9337934
2022-08-22 18:00:00,327.64697,26.012848,-0.17524894,3.3345642,1.2987969
2022-08-22 19:00:00,206.67929,25.716248,-0.11472074,0.6331848,1.0797908
2022-08-22 20:00:00,216.30884,25.980865,-0.11545803,0.3190469,1.2498671
2022-08-22 21:00:00,156.4945,25.893219,-0.10088571,0.19633678,1.7140566
2022-08-22 22:00:00,64.74309,26.41153,-0.077758685,0.2811821,1.7343943
2022-08-22 23:00:00,22.008402,26.411285,-0.059993267,0.54869056,1.2333324
2022-08-23 00:00:00,1.125382,26.190094,-0.04146887,0.89227873,0.8250567
2022-08-23 01:00:00,3.4722223e-05,26.213043,-0.033131,0.1577707,1.093963
2022-08-23 02:00:00,3.4722223e-05,26.04895,-0.036465064,0.20965934,0.9384416
2022-08-23 03:00:00,3.4722223e-05,25.473114,-0.039978027,0.2313964,0.74612105
2022-08-23 04:00:00,3.4722223e-05,25.433044,-0.037825797,0.19773841,0.6722667
2022-08-23 05:00:00,3.4722223e-05,25.532928,-0.037581835,0.016127713,0.7729986
2022-08-23 06:00:00,3.4722223e-05,25.528961,-0.034421246,0.016127713,0.6070252
2022-08-23 07:00:00,3.4722223e-05,25.515808,-0.031005867,0.03996864,0.18592599
2022-08-23 08:00:00,3.4722223e-05,25.259674,-0.030778173,0.026294962,0.33885884
2022-08-23 09:00:00,3.4722223e-05,24.644196,-0.033418313,0.032255426,0.7049823
2022-08-23 10:00:00,3.4722223e-05,24.739685,-0.035418764,0.028748997,0.9451266
2022-08-23 11:00:00,3.4722223e-05,24.86029,-0.03423693,0.013673678,0.7904677
2022-08-23 12:00:00,48.00535,25.040955,-0.035960883,0.011919998,0.62440205
2022-08-23 13:00:00,226.28026,25.481628,-0.08666579,0.022788532,0.7360848
2022-08-23 14:00:00,458.40094,26.61612,-0.16691107,0.07643085,0.86613786
2022-08-23 15:00:00,600.3229,26.864166,-0.2287512,0.1987908,1.6630177
2022-08-23 16:00:00,729.98,27.017517,-0.28252453,0.2068542,1.7663867
2022-08-23 17:00:00,726.2051,27.132233,-0.29008174,0.14970638,1.8842376
2022-08-23 18:00:00,811.8597,27.839722,-0.3148189,0.06521121,2.2092614
2022-08-23 19:00:00,760.46405,27.46231,-0.2781279,0.0,2.2319753
2022-08-23 20:00:00,676.67554,27.372284,-0.25410637,0.0,2.5767033
2022-08-23 21:00:00,382.83173,27.513336,-0.18542461,0.0,2.8896844
2022-08-23 22:00:00,227.00676,27.3432,-0.13836278,0.0003501773,3.003608
2022-08-23 23:00:00,84.20163,27.058258,-0.0965433,0.0035054982,2.9888818
2022-08-24 00:00:00,2.7777777,26.881989,-0.06534945,0.037514605,2.9302573
2022-08-24 01:00:00,3.4722223e-05,26.674957,-0.0585729,0.036112033,2.602992
2022-08-24 02:00:00,3.4722223e-05,26.413727,-0.056062855,0.093610026,2.227552
2022-08-24 03:00:00,3.4722223e-05,25.994324,-0.052896854,0.3060745,2.0684447
2022-08-24 04:00:00,3.4722223e-05,25.6557,-0.0492104,0.79972017,1.968578
2022-08-24 05:00:00,3.4722223e-05,25.298767,-0.044374652,0.32465625,2.0593865
2022-08-24 06:00:00,3.4722223e-05,25.451843,-0.041409235,0.32430607,2.0706542
2022-08-24 07:00:00,3.4722223e-05,25.447449,-0.06272015,0.04487671,2.1206567
2022-08-24 08:00:00,3.4722223e-05,25.19107,-0.064070046,0.061004423,2.184286
2022-08-24 09:00:00,3.4722223e-05,25.044128,-0.061831057,0.08484535,2.2155654
2022-08-24 10:00:00,3.4722223e-05,24.859741,-0.0549244,0.539925,2.064564
2022-08-24 11:00:00,3.4722223e-05,24.395905,-0.047708716,1.2828484,1.4990852
2022-08-24 12:00:00,40.91139,24.861237,-0.048126154,0.72293913,0.78761023
2022-08-24 13:00:00,149.74243,25.49524,-0.08745729,0.09185728,1.0875449
2022-08-24 14:00:00,389.74048,26.580261,-0.16439018,0.19633678,0.8926286
2022-08-24 15:00:00,482.41782,26.78897,-0.2012926,0.2727676,1.0017798
2022-08-24 16:00:00,504.49744,26.985016,-0.22064103,0.27136505,1.347804
2022-08-24 17:00:00,650.06604,27.573853,-0.25512013,0.15075785,1.5369257
2022-08-24 18:00:00,638.2285,27.68988,-0.23739266,0.22403337,1.8970227
2022-08-24 19:00:00,599.04083,27.654663,-0.24866886,0.22122917,2.4657767
2022-08-24 20:00:00,422.30435,27.541718,-0.20587355,0.9364551,2.4462843
2022-08-24 21:00:00,309.14285,27.474518,-0.17299911,0.12060627,2.8550904
2022-08-24 22:00:00,172.33482,26.954285,-0.122738756,0.0781836,3.5939891
2022-08-24 23:00:00,53.23323,26.87857,-0.08754403,0.1276182,3.0588973
2022-08-25 00:00:00,2.5926042,26.748749,-0.07341085,0.31098258,2.3504229
2022-08-25 01:00:00,3.4722223e-05,26.545563,-0.06128894,0.5560527,2.0660284
2022-08-25 02:00:00,3.4722223e-05,25.877136,-0.056621253,0.14024042,2.0769465
2022-08-25 03:00:00,3.4722223e-05,25.923248,-0.05462623,0.42387658,2.2987468
2022-08-25 04:00:00,3.4722223e-05,25.09198,-0.048283372,1.8967502,2.7597694
2022-08-25 05:00:00,3.4722223e-05,24.843689,-0.04832132,1.5973375,3.181649
2022-08-25 06:00:00,3.4722223e-05,24.788788,-0.054881036,1.7232028,4.0953813
2022-08-25 07:00:00,3.4722223e-05,24.595642,-0.11199385,2.4517515,4.3362775
2022-08-25 08:00:00,3.4722223e-05,24.738983,-0.11497011,2.9783537,4.761498
2022-08-25 09:00:00,3.4722223e-05,24.637085,-0.10679488,4.3478003,4.608954
2022-08-25 10:00:00,3.4722223e-05,25.042175,-0.0965704,5.60225,3.6541939
2022-08-25 11:00:00,3.4722223e-05,25.167175,-0.085554436,5.5605283,3.0842252
2022-08-25 12:00:00,5.498542,25.214264,-0.086828426,5.585772,3.0516758
2022-08-25 13:00:00,24.202118,25.155243,-0.09570843,5.3740087,2.36134
2022-08-25 14:00:00,76.15327,25.534576,-0.11841802,6.397413,2.1994379
2022-08-25 15:00:00,119.557465,25.483826,-0.12699443,7.9775705,2.8224785
2022-08-25 16:00:00,195.53978,25.14618,-0.15095092,6.9755535,2.950485
2022-08-25 17:00:00,290.16864,25.663544,-0.1966737,6.342719,2.697286
2022-08-25 18:00:00,369.31332,25.825836,-0.21165802,5.810858,1.8038734
2022-08-25 19:00:00,320.19687,25.63446,-0.15722871,0.12481399,1.4854143
2022-08-25 20:00:00,340.96597,25.548035,-0.1633276,0.08098874,0.79909
2022-08-25 21:00:00,289.75552,26.247192,-0.124132015,0.06661378,0.30789062
2022-08-25 22:00:00,106.851006,26.254852,-0.06608132,0.035410747,0.9830591
2022-08-25 23:00:00,44.629307,26.155945,-0.055265933,0.036112033,0.8836349
2022-08-26 00:00:00,1.9800694,26.072235,-0.049448937,0.03330689,0.75766665
2022-08-26 01:00:00,3.4722223e-05,25.82489,-0.043729525,0.047681853,1.0374593
2022-08-26 02:00:00,3.4722223e-05,25.681274,-0.041214064,0.050486065,1.4433001
2022-08-26 03:00:00,3.4722223e-05,25.73285,-0.04310609,0.017179176,1.6650852
2022-08-26 04:00:00,3.4722223e-05,25.537048,-0.043653637,0.0014025718,1.9701772
2022-08-26 05:00:00,3.4722223e-05,25.554077,-0.0509181,0.028748997,2.037953
2022-08-26 06:00:00,3.4722223e-05,25.356628,-0.052338466,0.07853471,2.1691196
2022-08-26 07:00:00,3.4722223e-05,25.566284,-0.060399864,0.10447856,2.316794
2022-08-26 08:00:00,3.4722223e-05,25.317017,-0.06210213,0.08765049,2.2878542
2022-08-26 09:00:00,3.4722223e-05,24.999664,-0.06753965,0.07537939,2.4353514
2022-08-26 10:00:00,3.4722223e-05,25.088043,-0.06856425,0.068717636,2.9741654
2022-08-26 11:00:00,3.4722223e-05,25.163055,-0.06855341,0.063809566,2.7648346
2022-08-26 12:00:00,37.478367,24.886353,-0.08135839,0.24857558,2.5556192
2022-08-26 13:00:00,206.66504,24.88153,-0.13004659,0.36252105,2.378421
2022-08-26 14:00:00,399.21338,25.702362,-0.18602638,1.0987828,1.9842757
2022-08-26 15:00:00,477.3324,26.087769,-0.20188352,0.88877326,1.9871349
2022-08-26 16:00:00,672.6015,26.8703,-0.2416104,0.06801635,2.2617931
2022-08-26 17:00:00,874.0244,27.403473,-0.31556702,0.19037631,2.2594185
2022-08-26 18:00:00,862.3293,27.758942,-0.32626855,0.20510145,2.73315
2022-08-26 19:00:00,733.14233,27.668121,-0.27388307,0.10097306,3.271924
2022-08-26 20:00:00,616.149,27.236206,-0.23950696,0.12972206,3.2898536
2022-08-26 21:00:00,362.6182,27.4328,-0.16469918,0.0830926,2.3134098
2022-08-26 22:00:00,245.05505,27.39563,-0.11963238,0.008414499,1.60477
2022-08-26 23:00:00,82.36403,27.325378,-0.07191458,0.10833517,1.9486525
2022-08-27 00:00:00,2.7350347,27.17035,-0.047941837,0.0613546,2.33787
2022-08-27 01:00:00,3.4722223e-05,26.947693,-0.047144916,0.16338006,2.140761
2022-08-27 02:00:00,3.4722223e-05,26.883728,-0.03945759,0.2604965,1.4409809
2022-08-27 03:00:00,3.4722223e-05,26.612946,-0.034654368,0.023840927,1.5818065
2022-08-27 04:00:00,3.4722223e-05,26.681091,-0.040487617,0.00490807,1.984497
2022-08-27 05:00:00,3.4722223e-05,26.196686,-0.046873845,0.011919998,2.1227362
2022-08-27 06:00:00,3.4722223e-05,25.897888,-0.05324924,0.070470385,2.1183243
2022-08-27 07:00:00,3.4722223e-05,25.870544,-0.061185945,1.1601382,2.0166621
2022-08-27 08:00:00,3.4722223e-05,25.475464,-0.05745613,2.2473512,1.1678274
2022-08-27 09:00:00,3.4722223e-05,25.4357,-0.056756776,0.088701956,1.0991292
2022-08-27 10:00:00,3.4722223e-05,24.937134,-0.05472923,0.103778206,1.6831367
2022-08-27 11:00:00,3.4722223e-05,25.303406,-0.0438,0.08624792,1.7280487
2022-08-27 12:00:00,32.250484,24.874939,-0.053422716,0.2685599,1.536083
2022-08-27 13:00:00,109.42934,25.130035,-0.07332952,0.29415357,2.141906
2022-08-27 14:00:00,218.84442,25.750671,-0.09821305,0.27101395,2.5362053
2022-08-27 15:00:00,440.5521,26.142761,-0.14983955,0.13918802,2.3547685
2022-08-27 16:00:00,771.70325,27.173248,-0.27859414,0.24016109,2.2243214
2022-08-27 17:00:00,457.66022,26.624878,-0.20829143,1.1327909,2.632705
2022-08-27 18:00:00,492.16135,26.369812,-0.23338096,0.7506367,3.4572208
2022-08-27 19:00:00,519.1982,26.715546,-0.23536512,0.42738205,3.3422177
2022-08-27 20:00:00,468.31537,26.72995,-0.20021918,0.21737255,3.2056913
2022-08-27 21:00:00,310.35367,26.687958,-0.14290579,0.041020103,2.3529658
2022-08-27 22:00:00,207.24908,26.033844,-0.10818271,0.036112033,2.9884276
2022-08-27 23:00:00,77.29285,26.068817,-0.075075164,0.03961753,2.7565632
2022-08-28 00:00:00,1.9800694,26.38028,-0.044119865,0.029100105,2.3592277
2022-08-28 01:00:00,3.4722223e-05,26.031647,-0.03638916,0.070470385,2.2724657
2022-08-28 02:00:00,3.4722223e-05,25.554352,-0.040617727,0.3113337,2.2145064
2022-08-28 03:00:00,3.4722223e-05,25.15155,-0.04432045,0.15917234,2.234064
2022-08-28 04:00:00,3.4722223e-05,25.442535,-0.044054803,0.07292442,2.6400833
2022-08-28 05:00:00,3.4722223e-05,25.075378,-0.041425504,0.32079965,2.3940742
2022-08-28 06:00:00,3.4722223e-05,24.527039,-0.045393854,1.090018,2.697478
2022-08-28 07:00:00,3.4722223e-05,24.419342,-0.08421539,3.053032,3.3023894
2022-08-28 08:00:00,3.4722223e-05,24.244019,-0.09142564,3.1091282,3.4698153
2022-08-28 09:00:00,3.4722223e-05,24.436462,-0.10191575,3.2945955,2.9620516
2022-08-28 10:00:00,3.4722223e-05,24.457458,-0.08797773,1.4914553,3.0025613
2022-08-28 11:00:00,3.4722223e-05,24.741364,-0.07573656,0.6465074,2.0333107
2022-08-28 12:00:00,20.769096,24.538727,-0.082838394,1.1738111,2.0602236
2022-08-28 13:00:00,72.6775,24.74118,-0.10399751,2.5351942,2.7393758
2022-08-28 14:00:00,175.63965,25.485504,-0.1512274,3.6287177,3.790784
2022-08-28 15:00:00,191.0099,25.948212,-0.18017685,3.2858307,4.1721754
2022-08-28 16:00:00,155.85347,25.488647,-0.18417232,4.937511,4.2676153
2022-08-28 17:00:00,167.52003,25.756012,-0.17754212,5.044444,4.161842
2022-08-28 18:00:00,193.03267,25.75409,-0.18012805,5.0149937,3.779543
2022-08-28 19:00:00,245.65334,26.127563,-0.16751824,1.2470865,4.082942
2022-08-28 20:00:00,188.7592,26.812408,-0.1781493,1.1471659,4.058837
2022-08-28 21:00:00,96.651665,26.90982,-0.1525827,0.576037,4.048724
2022-08-28 22:00:00,68.076385,26.298767,-0.1394633,0.24752411,3.1854258
2022-08-28 23:00:00,27.677847,26.009949,-0.1110126,0.45648217,2.461376
2022-08-29 00:00:00,0.7692361,25.877136,-0.091561176,0.51363,1.9869257
2022-08-29 01:00:00,3.4722223e-05,25.661072,-0.079992235,0.8505573,2.2401447
2022-08-29 02:00:00,3.4722223e-05,25.169647,-0.08222037,0.58655536,2.5753622
2022-08-29 03:00:00,3.4722223e-05,25.113678,-0.080068134,0.5139811,2.935349
2022-08-29 04:00:00,3.4722223e-05,24.98941,-0.079807915,0.50346273,2.3015304
2022-08-29 05:00:00,3.4722223e-05,24.931763,-0.07740088,0.20124483,1.9386407
2022-08-29 06:00:00,3.4722223e-05,24.782898,-0.07582872,0.1858184,1.5409633
2022-08-29 07:00:00,3.4722223e-05,24.890747,-0.048359275,0.037163496,1.6266859
2022-08-29 08:00:00,3.4722223e-05,24.904999,-0.052804694,0.022438355,1.7531499
2022-08-29 09:00:00,3.4722223e-05,24.59317,-0.05354741,0.0052591786,1.4619124
2022-08-29 10:00:00,3.4722223e-05,24.586151,-0.048673697,0.0066617504,1.2604883
2022-08-29 11:00:00,3.4722223e-05,24.64035,-0.050289236,0.005609356,1.2616245
2022-08-29 12:00:00,40.93986,24.910614,-0.056469448,0.022088178,1.3334424
2022-08-29 13:00:00,172.42032,25.208466,-0.09159913,0.21351594,1.3577907
2022-08-29 14:00:00,346.8491,26.258698,-0.14071561,0.07432699,1.1222317
2022-08-29 15:00:00,510.523,26.842194,-0.19279209,0.10307692,0.8397763
2022-08-29 16:00:00,565.43713,27.222778,-0.22005554,0.12481399,0.39419597
2022-08-29 17:00:00,534.5969,27.778687,-0.18886168,0.102024525,0.6240225
2022-08-29 18:00:00,583.07227,28.18106,-0.21376146,0.15531573,1.6923078
2022-08-29 19:00:00,655.30817,27.646149,-0.25703385,0.0,3.0462117
2022-08-29 20:00:00,652.103,27.805298,-0.2696274,0.0028051436,3.2684135
2022-08-29 21:00:00,423.4297,27.75769,-0.19473831,0.0,3.573332
2022-08-29 22:00:00,271.93518,27.450623,-0.14860351,0.0,2.6576004
2022-08-29 23:00:00,84.72868,27.483551,-0.09187018,0.0017527491,2.1875184
2022-08-30 00:00:00,2.0655208,27.210388,-0.056724254,0.0017527491,2.128637
2022-08-30 01:00:00,3.4722223e-05,27.261597,-0.054398537,0.0028051436,1.835168
2022-08-30 02:00:00,3.4722223e-05,26.700867,-0.051129524,0.20369887,2.0214155
2022-08-30 03:00:00,3.4722223e-05,26.418396,-0.047209963,0.14339574,2.2249563
2022-08-30 04:00:00,3.4722223e-05,26.264313,-0.042482644,0.054342672,2.1999848
2022-08-30 05:00:00,3.4722223e-05,25.767517,-0.042211585,1.1033406,2.2034163
2022-08-30 06:00:00,3.4722223e-05,25.91159,-0.039782856,0.3804015,2.0777533
2022-08-30 07:00:00,3.4722223e-05,25.986511,-0.051194582,0.780087,1.56874
2022-08-30 08:00:00,3.4722223e-05,25.822693,-0.046288364,0.3193971,1.0407668
2022-08-30 09:00:00,3.4722223e-05,24.943542,-0.04698227,0.70470756,0.20542473
2022-08-30 10:00:00,3.4722223e-05,25.91034,-0.041555613,0.09571388,0.98586005
2022-08-30 11:00:00,3.4722223e-05,26.074158,-0.04541554,0.20545162,0.78667116
2022-08-30 12:00:00,27.734827,25.461853,-0.05759165,0.765712,2.3805625
2022-08-30 13:00:00,79.34413,25.05658,-0.0916967,2.210538,2.2515469
2022-08-30 14:00:00,113.24698,25.970856,-0.094559126,1.0167426,1.7107376
2022-08-30 15:00:00,343.90042,26.517029,-0.14789332,0.10588113,0.9566566
2022-08-30 16:00:00,603.9411,27.147583,-0.23078418,0.1651328,1.0408506
2022-08-30 17:00:00,639.8097,27.842468,-0.24494447,0.13077445,1.5780926
2022-08-30 18:00:00,440.21017,27.423035,-0.17699458,0.7029548,1.9951489
2022-08-30 19:00:00,577.5595,27.909302,-0.20713128,0.5434314,2.4402878
2022-08-30 20:00:00,518.82776,28.46109,-0.21503545,0.08098874,2.7000659
2022-08-30 21:00:00,386.16504,28.448608,-0.1681959,0.07537939,2.953291
2022-08-30 22:00:00,205.72488,27.263367,-0.11665612,0.113945454,3.0146713
2022-08-30 23:00:00,78.30424,26.82779,-0.081006005,1.3305303,2.8502564
2022-08-31 00:00:00,1.2393403,26.143982,-0.05856747,1.7652754,2.888208
2022-08-31 01:00:00,3.4722223e-05,26.14743,-0.056127917,0.47681665,3.0756447
2022-08-31 02:00:00,3.4722223e-05,25.859589,-0.0609962,0.640898,2.8305054
2022-08-31 03:00:00,3.4722223e-05,25.50946,-0.060844395,1.9163843,2.769721
2022-08-31 04:00:00,3.4722223e-05,25.592224,-0.06745832,1.469017,3.3703537
2022-08-31 05:00:00,3.4722223e-05,25.829529,-0.064482056,0.055745244,3.247023
2022-08-31 06:00:00,3.4722223e-05,25.738708,-0.055200886,0.27592295,3.424686
2022-08-31 07:00:00,3.4722223e-05,25.382446,-0.09052572,2.3122122,4.145232
2022-08-31 08:00:00,3.4722223e-05,25.118591,-0.103,3.379792,4.053736
2022-08-31 09:00:00,3.4722223e-05,25.103668,-0.10102667,4.3222065,3.3499236
2022-08-31 10:00:00,3.4722223e-05,25.421814,-0.07804059,4.770274,2.0273232
2022-08-31 11:00:00,3.4722223e-05,25.376648,-0.057580806,4.7464333,2.0291414
2022-08-31 12:00:00,6.2535415,25.243866,-0.068168506,3.5915542,2.108429
2022-08-31 13:00:00,38.93132,25.37024,-0.080615684,1.7242544,0.89381474
2022-08-31 14:00:00,84.15889,26.149353,-0.094960295,1.4791843,0.34131312
2022-08-31 15:00:00,162.05,26.08902,-0.11565319,1.8129563,1.2657849
2022-08-31 16:00:00,304.79816,26.249908,-0.17946666,2.3518298,1.9718591
2022-08-31 17:00:00,346.1796,26.425507,-0.21216762,4.228596,2.2115493
2022-08-31 18:00:00,317.9747,26.332489,-0.18127194,6.205634,2.2956128
2022-08-31 19:00:00,589.5822,25.829987,-0.22949933,0.8326769,2.3304636
2022-08-31 20:00:00,396.49258,26.279419,-0.17597538,0.3646249,1.9196218
2022-08-31 21:00:00,310.48187,26.326324,-0.13678521,0.3975816,1.9189986
2022-08-31 22:00:00,154.3435,25.827087,-0.09388689,0.52870625,2.196526
2022-08-31 23:00:00,37.07948,25.707458,-0.059944477,1.0475954,1.5031085
2022-09-01 00:00:00,1.0113889,25.3266,-0.0443584,1.4900538,0.9775435
2022-09-01 01:00:00,3.4722223e-05,25.182007,-0.0470636,1.0486469,0.6485475
2022-09-01 02:00:00,3.4722223e-05,25.134949,-0.04987721,1.1159619,1.1419076
2022-09-01 03:00:00,3.4722223e-05,24.927917,-0.051926456,0.63563883,1.9987043
2022-09-01 04:00:00,3.4722223e-05,24.970154,-0.063555025,0.09431131,2.4569237
2022-09-01 05:00:00,3.4722223e-05,25.083374,-0.06956718,0.023489818,3.0585508
2022-09-01 06:00:00,3.4722223e-05,25.047272,-0.07997597,0.09536371,3.0904956
2022-09-01 07:00:00,3.4722223e-05,24.827087,-0.08991312,1.4360613,2.4827278
2022-09-01 08:00:00,3.4722223e-05,24.564636,-0.07763399,2.0741541,2.620634
2022-09-01 09:00:00,3.4722223e-05,24.495514,-0.07349216,1.4658617,2.5372066
2022-09-01 10:00:00,3.4722223e-05,24.690155,-0.07014725,1.2369193,2.5340958
2022-09-01 11:00:00,3.4722223e-05,24.616882,-0.06934491,0.64790994,2.046831
2022-09-01 12:00:00,26.894375,24.57779,-0.070965864,0.66473895,2.4674602
2022-09-01 13:00:00,111.12448,24.835602,-0.08457861,0.80568063,2.3698685
2022-09-01 14:00:00,172.66246,25.281464,-0.08656821,0.5097734,1.9198911
2022-09-01 15:00:00,430.95102,25.963562,-0.16202652,0.16408134,1.6605225
2022-09-01 16:00:00,744.3246,27.021912,-0.2607528,0.13533142,1.3657644
2022-09-01 17:00:00,691.27655,27.384674,-0.23537055,0.17179456,1.2760221
2022-09-01 18:00:00,744.72345,27.507019,-0.27864292,0.18406567,2.1237779
2022-09-01 19:00:00,729.62384,27.218658,-0.27093935,0.09641517,2.7065215
2022-09-01 20:00:00,610.2516,27.51184,-0.2379836,0.08449517,2.3344073
2022-09-01 21:00:00,360.396,27.290955,-0.15056059,0.057147816,1.7960681
2022-09-01 22:00:00,217.47691,27.020142,-0.11221612,0.03821496,1.6958482
2022-09-01 23:00:00,66.86559,27.168427,-0.06585906,0.049434602,1.4856355
2022-09-02 00:00:00,1.6239237,26.901733,-0.046011876,0.032255426,1.3599423
2022-09-02 01:00:00,3.4722223e-05,26.715973,-0.04365905,0.036112033,1.3568106
2022-09-02 02:00:00,3.4722223e-05,26.515808,-0.04101891,0.055745244,1.3027253
2022-09-02 03:00:00,3.4722223e-05,26.737946,-0.03859018,0.03821496,1.3721393
2022-09-02 04:00:00,3.4722223e-05,26.504822,-0.039164834,0.03155414,1.4998156
2022-09-02 05:00:00,3.4722223e-05,26.300964,-0.044249974,0.06661378,1.2004437
2022-09-02 06:00:00,3.4722223e-05,25.342499,-0.044157803,0.14164299,1.0871788
2022-09-02 07:00:00,3.4722223e-05,25.43866,-0.04413612,0.054342672,0.9663822
2022-09-02 08:00:00,3.4722223e-05,24.98993,-0.04841348,0.093961135,0.58925337
2022-09-02 09:00:00,3.4722223e-05,24.802124,-0.04876044,0.26610586,0.6656728
2022-09-02 10:00:00,3.4722223e-05,25.468445,-0.04445597,0.29099825,1.2001379
2022-09-02 11:00:00,3.4722223e-05,25.394653,-0.04383795,0.1034271,1.191031
2022-09-02 12:00:00,35.170696,25.634735,-0.06010711,0.09255856,0.40477583
2022-09-02 13:00:00,149.54298,25.873718,-0.09649993,0.16653538,0.17901355
2022-09-02 14:00:00,260.46802,26.134674,-0.124988586,0.52870625,0.27870798
2022-09-02 15:00:00,274.55624,25.841736,-0.11937758,0.38320664,0.52332866
2022-09-02 16:00:00,607.602,26.588257,-0.2125959,0.25979522,1.2764597
2022-09-02 17:00:00,530.2949,26.996246,-0.18429159,0.25523734,1.2294731
2022-09-02 18:00:00,393.15927,26.92038,-0.13940367,0.77587926,1.5946058
2022-09-02 19:00:00,392.58948,26.825317,-0.17147575,0.11745095,2.079224
2022-09-02 20:00:00,518.5286,26.731354,-0.22102052,0.25032926,2.2106347
2022-09-02 21:00:00,330.58142,27.147858,-0.16015077,0.07327553,1.9423686
2022-09-02 22:00:00,154.81361,26.530457,-0.101785645,0.07783342,2.133093
2022-09-02 23:00:00,40.740417,26.52362,-0.057233848,0.10763481,1.7490094
2022-09-03 00:00:00,1.3105556,26.268463,-0.034854952,0.032255426,1.6271601
2022-09-03 01:00:00,3.4722223e-05,26.261871,-0.033803225,0.0052591786,0.89140594
2022-09-03 02:00:00,3.4722223e-05,25.910522,-0.03579282,0.010167249,0.8462458
2022-09-03 03:00:00,3.4722223e-05,26.184753,-0.038226966,0.022788532,1.2926952
2022-09-03 04:00:00,3.4722223e-05,26.401093,-0.0355814,0.015776604,0.95984954
2022-09-03 05:00:00,3.4722223e-05,25.996521,-0.03298462,0.04487671,1.5948962
2022-09-03 06:00:00,3.4722223e-05,25.915009,-0.03358096,0.053992495,1.6707956
2022-09-03 07:00:00,3.4722223e-05,25.486023,-0.051156633,0.1363838,1.0736555
2022-09-03 08:00:00,3.4722223e-05,25.145386,-0.04902066,0.20264742,1.3105279
2022-09-03 09:00:00,3.4722223e-05,25.365692,-0.048294213,0.39091986,1.2806976
2022-09-03 10:00:00,3.4722223e-05,25.588257,-0.053926896,1.5377346,2.4581242
2022-09-03 11:00:00,3.4722223e-05,25.531158,-0.06536572,2.0106957,1.6097249
2022-09-03 12:00:00,21.0967,25.1503,-0.063695975,1.1576834,0.9548197
2022-09-03 13:00:00,111.76552,25.437195,-0.0698274,0.13007316,0.7211916
2022-09-03 14:00:00,297.2769,26.546814,-0.122988135,0.17249584,1.2598623
2022-09-03 15:00:00,406.79166,26.452301,-0.15637216,1.073189,1.975055
2022-09-03 16:00:00,526.4346,26.513855,-0.19624,0.9480249,1.971958
2022-09-03 17:00:00,658.086,27.796356,-0.23602653,0.2029976,1.3001331
2022-09-03 18:00:00,737.0312,27.98993,-0.2623358,0.22087805,1.6745198
2022-09-03 19:00:00,569.89575,28.345856,-0.24242358,0.13813657,3.2641473
2022-09-03 20:00:00,610.6647,28.3107,-0.26390797,0.08694921,4.1977425
2022-09-03 21:00:00,318.31656,28.005035,-0.17922272,0.103778206,4.144081
2022-09-03 22:00:00,205.1266,27.561462,-0.13856336,0.30432177,3.3276796
2022-09-03 23:00:00,59.472466,27.480652,-0.09703663,3.731094,3.1788814
2022-09-04 00:00:00,1.0256597,27.440338,-0.08551648,1.4132718,3.2368784
2022-09-04 01:00:00,3.4722223e-05,27.504822,-0.07457099,0.08694921,3.3239865
2022-09-04 02:00:00,3.4722223e-05,27.249207,-0.06745832,0.1483038,3.6239433
2022-09-04 03:00:00,3.4722223e-05,26.539246,-0.060134217,1.4311522,2.6969068
2022-09-04 04:00:00,3.4722223e-05,26.296295,-0.046087764,1.4318535,2.1177473
2022-09-04 05:00:00,3.4722223e-05,26.280212,-0.041870035,1.5812097,2.1388226
2022-09-04 06:00:00,3.4722223e-05,26.368317,-0.041344173,1.7705336,1.7111863
2022-09-04 07:00:00,3.4722223e-05,26.184753,-0.062492456,3.3289547,1.438643
2022-09-04 08:00:00,3.4722223e-05,25.863708,-0.0690847,4.760107,1.3208064
2022-09-04 09:00:00,3.4722223e-05,25.91159,-0.06899253,4.6962976,1.7738159
2022-09-04 10:00:00,3.4722223e-05,24.8862,-0.074424624,3.3755844,1.6517581
2022-09-04 11:00:00,3.4722223e-05,25.085846,-0.07561187,2.0801146,1.0740671
2022-09-04 12:00:00,7.1652083,25.350739,-0.067599274,1.4451761,0.47534403
2022-09-04 13:00:00,63.774445,25.536774,-0.09024381,1.0146387,0.6298553
2022-09-04 14:00:00,100.36958,26.089783,-0.10236029,1.0511009,1.4101553
2022-09-04 15:00:00,220.51108,26.793884,-0.132497,1.0956274,2.1408496
2022-09-04 16:00:00,275.31122,27.223053,-0.1417619,0.60653967,2.5032144
2022-09-04 17:00:00,241.8357,27.357605,-0.12868044,0.48172566,1.6877908
2022-09-04 18:00:00,168.36049,27.216736,-0.10021348,0.8438956,0.6913799
2022-09-04 19:00:00,345.99442,27.480408,-0.1437786,0.11429563,0.5233649
2022-09-04 20:00:00,290.04047,27.557098,-0.13083267,0.042772852,0.8527514
2022-09-04 21:00:00,187.876,27.601715,-0.10646418,0.0697691,1.1690843
2022-09-04 22:00:00,128.31808,27.469696,-0.088406004,0.044175424,1.9216696
2022-09-04 23:00:00,43.133575,27.339264,-0.05996073,0.03470946,1.850489
2022-09-05 00:00:00,0.8547222,26.941528,-0.03980455,0.03155414,1.3323776
2022-09-05 01:00:00,3.4722223e-05,27.24826,-0.042347107,0.01156982,1.5396563
2022-09-05 02:00:00,3.4722223e-05,26.637634,-0.045214955,0.028748997,1.887368
2022-09-05 03:00:00,3.4722223e-05,26.236755,-0.044938467,0.061004423,1.7481959
2022-09-05 04:00:00,3.4722223e-05,26.027954,-0.04240133,0.040669926,1.6181949
2022-09-05 05:00:00,3.4722223e-05,25.590027,-0.041420076,0.13077445,2.0101418
2022-09-05 06:00:00,3.4722223e-05,25.345398,-0.039864186,0.08975342,1.6781083
2022-09-05 07:00:00,3.4722223e-05,25.647644,-0.04477041,0.06591249,1.2913187
2022-09-05 08:00:00,3.4722223e-05,25.50235,-0.038942568,0.023489818,0.67375124
2022-09-05 09:00:00,3.4722223e-05,25.273102,-0.036763232,0.047330745,1.0394008
2022-09-05 10:00:00,3.4722223e-05,25.666443,-0.039967183,0.051888637,1.1276203
2022-09-05 11:00:00,3.4722223e-05,26.140991,-0.03893714,0.043825246,1.5275862
2022-09-05 12:00:00,44.21618,25.774292,-0.04422286,0.03821496,1.7116297
2022-09-05 13:00:00,235.59642,25.818024,-0.096803516,0.09641517,1.7458469
2022-09-05 14:00:00,425.99377,26.94989,-0.15157436,0.12095738,1.3900859
2022-09-05 15:00:00,623.72723,27.222076,-0.21803883,0.15531573,1.0176517
2022-09-05 16:00:00,625.9779,27.307007,-0.22217524,0.15987363,1.4173666
2022-09-05 17:00:00,580.70764,27.87857,-0.19980176,0.12691784,2.0208292
2022-09-05 18:00:00,792.5721,27.997498,-0.27105317,0.14129189,2.117368
2022-09-05 19:00:00,694.60986,28.31659,-0.24873932,0.1286706,2.6542916
2022-09-05 20:00:00,521.86194,28.464508,-0.21625525,0.041020103,2.2091064
2022-09-05 21:00:00,402.21902,28.512115,-0.17787825,0.016127713,2.2744782
2022-09-05 22:00:00,210.81032,27.385193,-0.12887019,0.01823157,2.230113
2022-09-05 23:00:00,56.680485,27.347595,-0.07847971,0.009465963,2.096086
2022-09-06 00:00:00,1.2678125,27.184753,-0.057710916,0.041020103,1.7616781
2022-09-06 01:00:00,3.4722223e-05,27.019714,-0.04855986,0.07678103,1.7551321
2022-09-06 02:00:00,3.4722223e-05,26.70279,-0.044076484,0.073976815,1.8531659
2022-09-06 03:00:00,3.4722223e-05,25.694275,-0.041566454,1.0248059,1.575924
2022-09-06 04:00:00,3.4722223e-05,25.592468,-0.0408129,1.9661691,1.6694865
2022-09-06 05:00:00,3.4722223e-05,25.600037,-0.04165861,0.15636814,0.92620605
2022-09-06 06:00:00,3.4722223e-05,25.674255,-0.039354578,0.28433743,1.1738256
2022-09-06 07:00:00,3.4722223e-05,25.716766,-0.057635028,1.6797287,1.4010416
2022-09-06 08:00:00,3.4722223e-05,25.596863,-0.06494285,2.5411546,1.1706605
2022-09-06 09:00:00,3.4722223e-05,25.339783,-0.06935033,2.614079,1.1640538
2022-09-06 10:00:00,3.4722223e-05,25.099548,-0.069713555,1.6222298,2.1184814
2022-09-06 11:00:00,3.4722223e-05,25.352692,-0.07247297,1.3231672,1.0709876
2022-09-06 12:00:00,14.24493,25.227692,-0.08547312,1.0002637,1.391565
2022-09-06 13:00:00,56.69472,25.179657,-0.10818814,0.73135364,1.1162543
2022-09-06 14:00:00,128.53177,26.391235,-0.12447897,0.8516088,1.1708254
2022-09-06 15:00:00,163.94458,26.64148,-0.114823736,0.65246785,0.5387735
2022-09-06 16:00:00,358.74362,26.477509,-0.16890065,0.3975816,1.0535923
2022-09-06 17:00:00,518.59985,26.877594,-0.21597876,0.32605883,2.0961437
2022-09-06 18:00:00,309.22833,26.809692,-0.15566199,0.21316484,2.7238674
2022-09-06 19:00:00,569.8673,27.063171,-0.25772774,0.18686987,2.8812618
2022-09-06 20:00:00,361.99146,27.00476,-0.19044468,0.35095122,3.4725986
2022-09-06 21:00:00,308.31668,27.333466,-0.19572498,0.7716725,3.4895573
2022-09-06 22:00:00,107.33535,27.081451,-0.1352293,0.13813657,2.4153812
2022-09-06 23:00:00,31.89434,26.975525,-0.10067971,0.38320664,2.101995
2022-09-07 00:00:00,0.5982986,26.948395,-0.08422081,0.41055307,1.4766885
2022-09-07 01:00:00,3.4722223e-05,26.927917,-0.066813186,0.030852854,1.2634813
2022-09-07 02:00:00,3.4722223e-05,26.49701,-0.05618212,0.14549959,1.2090415
2022-09-07 03:00:00,3.4722223e-05,25.91571,-0.05082594,0.5094232,1.3929961
2022-09-07 04:00:00,3.4722223e-05,25.853424,-0.042504326,0.9399606,1.2446517
2022-09-07 05:00:00,3.4722223e-05,25.79486,-0.045692023,0.31378773,1.2495054
2022-09-07 06:00:00,3.4722223e-05,25.725708,-0.054859336,0.5578054,1.1742322
2022-09-07 07:00:00,3.4722223e-05,25.657654,-0.052864328,2.318874,0.5193785
2022-09-07 08:00:00,3.4722223e-05,25.202576,-0.04824542,1.2982749,0.33692253
2022-09-07 09:00:00,3.4722223e-05,25.423492,-0.050224174,1.3193107,0.5257784
2022-09-07 10:00:00,3.4722223e-05,25.083893,-0.054696705,1.0146387,0.67175376
2022-09-07 11:00:00,3.4722223e-05,25.2753,-0.05825305,1.2446325,1.5835232
2022-09-07 12:00:00,9.757778,25.356628,-0.06642829,2.0555723,2.1803021
2022-09-07 13:00:00,48.746075,24.830505,-0.07650095,2.8304002,2.0054681
2022-09-07 14:00:00,72.63476,25.614166,-0.07608352,2.762734,1.9083765
2022-09-07 15:00:00,100.07045,25.98114,-0.08344557,2.7743037,1.8972617
2022-09-07 16:00:00,97.036285,26.079956,-0.0831474,3.3110733,1.5164113
2022-09-07 17:00:00,160.0842,26.942749,-0.102788575,1.9332124,1.601091
2022-09-07 18:00:00,223.95834,27.351715,-0.1350233,1.2796931,2.6894388
2022-09-07 19:00:00,403.84296,27.786774,-0.19082417,0.080638565,2.9013882
2022-09-07 20:00:00,387.94562,27.608276,-0.18235077,0.06661378,2.8211668
2022-09-07 21:00:00,387.675,27.786774,-0.18155926,0.19318052,2.371701
2022-09-07 22:00:00,179.42879,27.75357,-0.11922579,0.04662946,1.7335418
2022-09-07 23:00:00,57.12208,27.695953,-0.07376323,0.016828999,1.9757326
2022-09-08 00:00:00,0.72649306,27.382019,-0.05683809,0.06345846,2.0795925
2022-09-08 01:00:00,3.4722223e-05,27.11905,-0.052029457,0.39582792,2.360134
2022-09-08 02:00:00,3.4722223e-05,26.620483,-0.051232535,0.6899824,2.2491543
2022-09-08 03:00:00,3.4722223e-05,25.614868,-0.052197516,1.0370771,1.9107826
2022-09-08 04:00:00,3.4722223e-05,25.977203,-0.05545026,0.3677802,1.8418741
2022-09-08 05:00:00,3.4722223e-05,25.986755,-0.050256714,0.23981091,1.8491889
2022-09-08 06:00:00,3.4722223e-05,25.643677,-0.057282638,0.6500138,2.157509
2022-09-08 07:00:00,3.4722223e-05,25.763855,-0.081542715,1.1717081,2.3204956
2022-09-08 08:00:00,3.4722223e-05,25.558044,-0.07789421,1.1973017,2.4149919
2022-09-08 09:00:00,3.4722223e-05,25.683289,-0.074489675,0.40424243,2.3862376
2022-09-08 10:00:00,3.4722223e-05,25.356628,-0.068428725,0.23735687,1.5239085
2022-09-08 11:00:00,3.4722223e-05,25.355682,-0.06262799,0.5532475,0.8271563
2022-09-08 12:00:00,26.680729,25.338287,-0.064205565,0.16338006,1.6048633
2022-09-08 13:00:00,155.49736,25.781677,-0.10197538,0.2156198,1.907169
2022-09-08 14:00:00,242.57645,26.455017,-0.12522712,0.2489267,2.7105243
2022-09-08 15:00:00,416.9198,26.97525,-0.17211004,0.2194764,3.1888816
2022-09-08 16:00:00,484.66852,27.214264,-0.19116572,0.19458309,3.2276878
2022-09-08 17:00:00,651.3196,27.68277,-0.23664454,0.31168386,3.3296149
2022-09-08 18:00:00,665.764,27.883728,-0.28930652,0.21632016,3.1969075
2022-09-08 19:00:00,616.1774,28.163239,-0.2452806,0.09641517,3.1350474
2022-09-08 20:00:00,577.6165,28.05194,-0.2274447,0.14865491,3.4582102
2022-09-08 21:00:00,371.62097,27.576843,-0.17023428,0.24471897,3.6601152
2022-09-08 22:00:00,170.12688,26.476715,-0.119258314,0.20545162,3.0685174
2022-09-08 23:00:00,60.284443,26.420837,-0.083450995,0.24997815,2.3115335
2022-09-09 00:00:00,0.9117014,26.376404,-0.06313759,0.5763881,1.5883374
2022-09-09 01:00:00,3.4722223e-05,26.273376,-0.05609539,0.40529484,1.5111029
2022-09-09 02:00:00,3.4722223e-05,25.964813,-0.05282095,0.24507008,1.5362209
2022-09-09 03:00:00,3.4722223e-05,25.833923,-0.055900224,0.41300803,1.9651794
2022-09-09 04:00:00,3.4722223e-05,25.858795,-0.061630476,0.1816107,1.9424696
2022-09-09 05:00:00,3.4722223e-05,25.745056,-0.06998462,0.34428948,1.915933
2022-09-09 06:00:00,3.4722223e-05,25.549683,-0.074500516,0.17249584,2.0252254
2022-09-09 07:00:00,3.4722223e-05,25.338287,-0.06743122,0.17249584,1.9839988
2022-09-09 08:00:00,3.4722223e-05,25.120544,-0.06451458,0.28188342,1.7745411
2022-09-09 09:00:00,3.4722223e-05,25.26239,-0.060286008,0.13953912,1.5230423
2022-09-09 10:00:00,3.4722223e-05,25.501923,-0.05432806,0.2899468,1.2187729
2022-09-09 11:00:00,3.4722223e-05,25.654755,-0.057201322,0.19318052,1.1776794
2022-09-09 12:00:00,23.019793,25.585876,-0.06969729,0.022438355,1.3492869
2022-09-09 13:00:00,136.0958,25.937927,-0.09755165,0.032956712,1.4612004
2022-09-09 14:00:00,397.16208,26.850983,-0.15146594,0.049434602,2.0564494
2022-09-09 15:00:00,494.18414,27.143188,-0.17797582,0.1651328,2.0858212
2022-09-09 16:00:00,692.4019,27.464783,-0.25526652,0.2107108,2.0337293
2022-09-09 17:00:00,736.30475,28.069244,-0.29122564,0.19738823,1.8979
2022-09-09 18:00:00,520.75085,27.662323,-0.23118535,0.20124483,2.2398698
2022-09-09 19:00:00,583.3429,27.580261,-0.22240293,0.05819928,2.3258433
2022-09-09 20:00:00,497.27527,27.770172,-0.21199957,0.16793795,2.5368884
2022-09-09 21:00:00,316.62143,27.26117,-0.15269114,0.06661378,1.9435419
2022-09-09 22:00:00,189.89879,27.319489,-0.10337949,0.08624792,1.6135054
2022-09-09 23:00:00,55.042328,27.14566,-0.06720894,0.021035783,2.1041496
2022-09-10 00:00:00,0.72649306,26.692078,-0.05188308,0.004206784,2.0448458
2022-09-10 01:00:00,3.4722223e-05,26.613922,-0.047996044,0.008063391,1.9977989
2022-09-10 02:00:00,3.4722223e-05,26.483032,-0.040162355,0.019633211,2.1301465
2022-09-10 03:00:00,3.4722223e-05,26.50824,-0.033738177,0.011919998,1.9295024
2022-09-10 04:00:00,3.4722223e-05,26.679077,-0.030528797,0.0,1.4422117
2022-09-10 05:00:00,3.4722223e-05,26.611542,-0.029124698,0.0028051436,1.6377134
2022-09-10 06:00:00,3.4722223e-05,26.31607,-0.030713113,0.036112033,1.4931762
2022-09-10 07:00:00,3.4722223e-05,25.653687,-0.05495151,2.3826826,1.649482
2022-09-10 08:00:00,3.4722223e-05,25.01355,-0.06621685,2.2939806,1.9926257
2022-09-10 09:00:00,3.4722223e-05,25.201782,-0.07824659,1.2036124,2.4287217
2022-09-10 10:00:00,3.4722223e-05,25.41565,-0.08547312,1.6187234,2.9297678
2022-09-10 11:00:00,3.4722223e-05,25.67154,-0.09039561,0.68507344,2.1466663
2022-09-10 12:00:00,13.675138,25.687683,-0.08795605,0.36532617,1.8891163
2022-09-10 13:00:00,55.555138,26.160767,-0.09425554,0.40248966,1.7315823
2022-09-10 14:00:00,132.6058,26.943542,-0.115729086,0.31343663,1.0505874
2022-09-10 15:00:00,200.29758,26.587555,-0.121985205,0.4095016,1.0745463
2022-09-10 16:00:00,287.43362,26.914917,-0.14930286,0.58620423,1.3662244
2022-09-10 17:00:00,311.46478,27.388092,-0.16942109,0.40424243,2.367224
2022-09-10 18:00:00,433.00226,27.4841,-0.20358579,0.57743955,3.0466642
2022-09-10 19:00:00,460.25278,27.139587,-0.22367692,0.8239122,3.4662533
2022-09-10 20:00:00,288.67294,26.562866,-0.16334388,0.48488098,3.3748856
2022-09-10 21:00:00,156.36629,27.075409,-0.14156674,1.7081267,3.5713265
2022-09-10 22:00:00,87.60615,25.37735,-0.12567165,1.9721296,3.3410835
2022-09-10 23:00:00,25.085278,25.82022,-0.09187018,0.48698485,2.5224934
2022-09-11 00:00:00,0.31340277,25.902283,-0.06404293,0.5045142,2.186692
2022-09-11 01:00:00,3.4722223e-05,25.83902,-0.053086594,1.0086782,2.2259212
2022-09-11 02:00:00,3.4722223e-05,25.495514,-0.0464022,1.176266,1.5462712
2022-09-11 03:00:00,3.4722223e-05,25.494537,-0.041544773,0.8936813,1.4633877
2022-09-11 04:00:00,3.4722223e-05,25.483307,-0.039332896,1.500221,1.8209203
2022-09-11 05:00:00,3.4722223e-05,25.105164,-0.037321616,4.0077176,2.0514777
2022-09-11 06:00:00,3.4722223e-05,25.048523,-0.04668953,5.9142847,2.087616
2022-09-11 07:00:00,3.4722223e-05,25.298035,-0.06712762,4.07328,2.5162916
2022-09-11 08:00:00,3.4722223e-05,25.153046,-0.06851546,3.0116606,3.0731978
2022-09-11 09:00:00,3.4722223e-05,25.078278,-0.073833704,3.3668196,2.8377547
2022-09-11 10:00:00,3.4722223e-05,26.161987,-0.07175736,3.779827,1.27605
2022-09-11 11:00:00,3.4722223e-05,26.224792,-0.0690847,4.2166758,0.86599535
2022-09-11 12:00:00,4.373194,25.665466,-0.071968794,3.6515071,1.8302771
2022-09-11 13:00:00,21.310383,25.684265,-0.0675071,3.2581334,2.0790234
2022-09-11 14:00:00,46.70906,26.201355,-0.07536249,3.6553638,2.6783073
2022-09-11 15:00:00,77.6917,26.208649,-0.08368411,1.6383575,3.3520138
2022-09-11 16:00:00,122.12156,26.017761,-0.088910185,1.3073907,3.633603
2022-09-11 17:00:00,194.27197,26.645874,-0.12655531,1.9388226,3.270148
2022-09-11 18:00:00,298.3452,26.15155,-0.16815253,3.6550136,3.3094895
2022-09-11 19:00:00,633.37103,26.011353,-0.24671721,0.035760924,3.1585004
2022-09-11 20:00:00,442.41815,26.148651,-0.18951765,0.008414499,3.0418007
2022-09-11 21:00:00,246.7502,26.444305,-0.1392356,0.04487671,2.990443
2022-09-11 22:00:00,121.13865,26.55066,-0.10598711,0.062055886,2.1059942
2022-09-11 23:00:00,34.52965,26.662476,-0.07971576,0.10763481,1.5361918
2022-09-12 00:00:00,0.37038195,26.52951,-0.060882345,0.120256096,1.6994383
2022-09-12 01:00:00,3.4722223e-05,26.304108,-0.054528646,0.5406262,1.9710577
2022-09-12 02:00:00,3.4722223e-05,25.917206,-0.055488214,0.51538277,2.0135436
2022-09-12 03:00:00,3.4722223e-05,25.759705,-0.054501537,1.6061021,1.9306403
2022-09-12 04:00:00,3.4722223e-05,25.487946,-0.05860542,1.82663,1.7463077
2022-09-12 05:00:00,3.4722223e-05,25.41864,-0.06317554,0.2604965,2.110191
2022-09-12 06:00:00,3.4722223e-05,25.375885,-0.06761012,0.07502828,2.532538
2022-09-12 07:00:00,3.4722223e-05,25.000916,-0.07657143,0.11114031,2.2266066
2022-09-12 08:00:00,3.4722223e-05,24.737762,-0.07152425,0.29520598,1.9240977
2022-09-12 09:00:00,3.4722223e-05,24.566559,-0.068298616,1.1916925,1.8509085
2022-09-12 10:00:00,3.4722223e-05,24.855194,-0.07432704,0.90034306,2.8576686
2022-09-12 11:00:00,3.4722223e-05,25.087067,-0.07681538,0.042071566,3.1882443
2022-09-12 12:00:00,47.407047,25.566559,-0.09009202,0.24612156,3.081715
2022-09-12 13:00:00,219.30026,26.282867,-0.13685025,0.20965934,2.6713622
2022-09-12 14:00:00,354.41315,26.610748,-0.15884425,0.15531573,2.0885117
2022-09-12 15:00:00,539.49713,26.807312,-0.19734052,0.24401769,1.9927161
2022-09-12 16:00:00,693.1854,27.113953,-0.25059882,0.2650544,2.2088394
2022-09-12 17:00:00,657.13153,27.838501,-0.25502256,0.31273627,2.2067711
2022-09-12 18:00:00,779.39557,27.7482,-0.28064334,0.63984656,2.525401
2022-09-12 19:00:00,700.25085,27.667389,-0.26548555,0.03470946,3.1347523
2022-09-12 20:00:00,565.6935,27.645721,-0.233755,0.03470946,3.6714447
2022-09-12 21:00:00,384.08527,26.736267,-0.18288206,0.07292442,3.0891626
2022-09-12 22:00:00,235.62491,26.242798,-0.13900791,0.045928173,3.764451
2022-09-12 23:00:00,58.261665,26.17984,-0.08587429,0.051888637,2.5370016
2022-09-13 00:00:00,0.62680554,26.061432,-0.06323517,0.015776604,2.0180664
2022-09-13 01:00:00,3.4722223e-05,25.893219,-0.054040734,0.06310828,1.7520586
2022-09-13 02:00:00,3.4722223e-05,26.035767,-0.044884246,0.07678103,1.5508349
2022-09-13 03:00:00,3.4722223e-05,25.358307,-0.035819933,0.40529484,1.0460856
2022-09-13 04:00:00,3.4722223e-05,24.888824,-0.036367476,1.5047789,0.7160221
2022-09-13 05:00:00,3.4722223e-05,25.04535,-0.046575673,0.47962183,0.7908156
2022-09-13 06:00:00,3.4722223e-05,25.18106,-0.058269303,0.022788532,0.60271084
2022-09-13 07:00:00,3.4722223e-05,25.016968,-0.0550274,0.27557182,1.3475742
2022-09-13 08:00:00,3.4722223e-05,24.745575,-0.06833114,0.24121347,1.432393
2022-09-13 09:00:00,3.4722223e-05,24.641754,-0.07348132,0.91226304,1.5630047
2022-09-13 10:00:00,3.4722223e-05,24.475464,-0.07617026,1.3960925,3.1064498
2022-09-13 11:00:00,3.4722223e-05,25.057556,-0.07157304,0.42387658,3.1889277
2022-09-13 12:00:00,18.546875,24.892944,-0.07579077,1.0977314,3.1333413
2022-09-13 13:00:00,137.4633,24.925018,-0.11264982,1.2828484,3.1359808
2022-09-13 14:00:00,196.83606,25.924744,-0.11389128,0.15847105,3.6279843
2022-09-13 15:00:00,412.1905,26.592224,-0.16873801,0.1276182,5.021345
2022-09-13 16:00:00,549.39734,27.268707,-0.21472102,0.24121347,4.878656
2022-09-13 17:00:00,578.984,28.052399,-0.24888572,0.34534186,3.9184606
2022-09-13 18:00:00,626.1204,28.203827,-0.28711092,0.39688033,3.660504
2022-09-13 19:00:00,548.49994,27.788544,-0.24867427,0.067315064,3.8203838
2022-09-13 20:00:00,361.86322,27.737488,-0.19000015,0.10482967,3.652814
2022-09-13 21:00:00,233.6164,27.288483,-0.14525862,0.11429563,2.5847034
2022-09-13 22:00:00,184.42876,26.930542,-0.1272384,0.24191476,2.309587
2022-09-13 23:00:00,50.52667,26.98581,-0.07902725,0.02489239,1.8603086
2022-09-14 00:00:00,0.4273611,26.824371,-0.057526603,0.0781836,1.6726477
2022-09-14 01:00:00,3.4722223e-05,26.63147,-0.054707546,0.07257424,1.8791088
2022-09-14 02:00:00,3.4722223e-05,26.226196,-0.055916492,0.25523734,2.1001704
2022-09-14 03:00:00,3.4722223e-05,25.299988,-0.055932745,0.989045,1.9554821
2022-09-14 04:00:00,3.4722223e-05,25.04535,-0.05189392,1.2888088,1.9371116
2022-09-14 05:00:00,3.4722223e-05,24.951355,-0.05445817,0.4925942,1.7163572
2022-09-14 06:00:00,3.4722223e-05,24.620483,-0.06402667,0.7271459,1.8207029
2022-09-14 07:00:00,3.4722223e-05,24.637604,-0.074576415,0.9764228,1.846686
2022-09-14 08:00:00,3.4722223e-05,24.342224,-0.070792384,0.9332988,1.9168409
2022-09-14 09:00:00,3.4722223e-05,24.432068,-0.07488542,0.5101245,2.5799148
2022-09-14 10:00:00,3.4722223e-05,24.511658,-0.0851099,0.3849594,3.325725
2022-09-14 11:00:00,3.4722223e-05,24.787292,-0.094938606,0.76921844,3.438773
2022-09-14 12:00:00,39.71479,24.993073,-0.09528015,0.1034271,2.65659
2022-09-14 13:00:00,145.05583,25.352417,-0.102035016,0.40248966,1.4976103
2022-09-14 14:00:00,291.83527,26.121765,-0.12859912,0.16338006,1.3402861
2022-09-14 15:00:00,560.2092,26.711578,-0.22394799,0.120256096,1.2733136
2022-09-14 16:00:00,528.5713,26.656677,-0.19310652,0.2068542,1.3661112
2022-09-14 17:00:00,608.98376,26.776062,-0.2221156,0.46770182,1.6801615
2022-09-14 18:00:00,624.3683,26.928192,-0.23668249,0.4140595,1.7787994
2022-09-14 19:00:00,254.54216,26.241852,-0.16962168,0.6843731,1.5404534
2022-09-14 20:00:00,215.05528,25.835602,-0.13577144,0.4466651,1.2429101
2022-09-14 21:00:00,240.58215,26.111755,-0.13223135,0.77623034,1.1498805
2022-09-14 22:00:00,92.70583,26.241852,-0.08380337,0.6738547,0.6627879
2022-09-14 23:00:00,32.278957,26.310272,-0.05854579,0.23455173,1.4388474
2022-09-15 00:00:00,0.31340277,26.01355,-0.049747106,0.18897372,2.2076948
2022-09-15 01:00:00,3.4722223e-05,25.998444,-0.051671654,0.10307692,2.55861
2022-09-15 02:00:00,3.4722223e-05,25.619781,-0.052289672,0.0697691,2.4809217
2022-09-15 03:00:00,3.4722223e-05,25.522125,-0.052051138,0.042772852,2.2512047
2022-09-15 04:00:00,3.4722223e-05,25.346619,-0.05020792,0.07327553,2.1549957
2022-09-15 05:00:00,3.4722223e-05,25.228912,-0.046358835,0.02489239,1.747626
2022-09-15 06:00:00,3.4722223e-05,25.2919,-0.044027694,0.029450282,1.7375593
2022-09-15 07:00:00,3.4722223e-05,25.530731,-0.060990773,0.12586546,1.8583863
2022-09-15 08:00:00,3.4722223e-05,25.492065,-0.066737294,0.20790659,1.7836456
2022-09-15 09:00:00,3.4722223e-05,25.188873,-0.067501694,0.15110895,1.4239961
2022-09-15 10:00:00,3.4722223e-05,25.594666,-0.06272015,0.16443151,1.7298702
2022-09-15 11:00:00,3.4722223e-05,25.647095,-0.05542315,0.16127619,1.3257309
2022-09-15 12:00:00,42.777466,25.489716,-0.061158832,0.108686276,1.1326346
2022-09-15 13:00:00,195.88165,25.636932,-0.116732016,0.06801635,1.2067566
2022-09-15 14:00:00,407.98822,26.33609,-0.17547122,0.11674967,1.8717008
2022-09-15 15:00:00,541.1211,26.787994,-0.22404556,0.18757117,1.9956751
2022-09-15 16:00:00,630.6645,26.696747,-0.25924572,0.33657625,2.4192781
2022-09-15 17:00:00,591.81866,27.194489,-0.25795004,0.2822336,3.1894937
2022-09-15 18:00:00,698.54144,27.248962,-0.29356217,0.24191476,3.9156623
2022-09-15 19:00:00,574.3259,27.107819,-0.26119193,0.16408134,4.319281
2022-09-15 20:00:00,452.37534,27.95279,-0.22580205,0.08344278,3.7635803
2022-09-15 21:00:00,283.18866,27.912018,-0.17072763,0.11920463,3.8516414
2022-09-15 22:00:00,173.0328,27.002594,-0.14297085,0.10588113,3.694551
2022-09-15 23:00:00,59.543716,26.881714,-0.10553173,0.1500575,3.2964149
2022-09-16 00:00:00,0.29916668,26.089966,-0.085359275,0.9147171,3.1733
2022-09-16 01:00:00,3.4722223e-05,25.63147,-0.07216938,3.310373,2.6689239
2022-09-16 02:00:00,3.4722223e-05,25.312622,-0.07595341,2.2284184,2.71444
2022-09-16 03:00:00,3.4722223e-05,25.479706,-0.07626242,0.12726802,2.4218946
2022-09-16 04:00:00,3.4722223e-05,25.738892,-0.05873553,0.13498124,2.4320483
2022-09-16 05:00:00,3.4722223e-05,25.564117,-0.054105796,0.39056873,2.0237076
2022-09-16 06:00:00,3.4722223e-05,25.25528,-0.051395167,0.8789562,1.586297
2022-09-16 07:00:00,3.4722223e-05,25.247986,-0.06399957,1.2940671,1.5034235
2022-09-16 08:00:00,3.4722223e-05,25.168152,-0.06559882,0.5388735,1.690738
2022-09-16 09:00:00,3.4722223e-05,25.107635,-0.061066676,0.5630646,1.4170997
2022-09-16 10:00:00,3.4722223e-05,25.240875,-0.057223007,0.5493909,1.1605787
2022-09-16 11:00:00,3.4722223e-05,25.392487,-0.053758834,0.5266024,1.1948043
2022-09-16 12:00:00,19.415833,24.893738,-0.050576564,1.6285405,0.31915113
2022-09-16 13:00:00,98.33257,24.768494,-0.070082195,3.007454,0.71919775
2022-09-16 14:00:00,140.41202,25.310272,-0.10606843,1.9160333,1.5522616
2022-09-16 15:00:00,194.38594,25.295074,-0.13580939,3.5351076,2.356357
2022-09-16 16:00:00,279.41376,25.223572,-0.17534652,3.528446,2.6961858
2022-09-16 17:00:00,211.09521,25.691803,-0.1561553,1.4490327,2.5047605
2022-09-16 18:00:00,201.70781,25.83023,-0.18122315,1.6211784,1.8383768
2022-09-16 19:00:00,287.29117,25.883728,-0.122717075,0.5444828,1.5237576
2022-09-16 20:00:00,364.38458,25.775513,-0.14441289,0.32956433,2.0587955
2022-09-16 21:00:00,254.7843,26.03482,-0.123649515,0.24542026,2.249423
2022-09-16 22:00:00,165.95312,25.880035,-0.097546235,0.28363615,1.0275959
2022-09-16 23:00:00,33.176388,25.604675,-0.05954872,0.38811472,1.9412087
2022-09-17 00:00:00,0.17097223,25.844635,-0.0496929,0.14865491,2.0409873
2022-09-17 01:00:00,3.4722223e-05,25.88153,-0.039479274,0.2107108,1.9709897
2022-09-17 02:00:00,3.4722223e-05,25.56726,-0.03939253,0.39477646,1.6680726
2022-09-17 03:00:00,3.4722223e-05,25.66449,-0.050392233,0.3309669,1.3232696
2022-09-17 04:00:00,3.4722223e-05,25.809967,-0.04685216,0.20019338,0.7364879
2022-09-17 05:00:00,3.4722223e-05,25.62445,-0.04919956,0.12972206,0.7283113
2022-09-17 06:00:00,3.4722223e-05,25.46106,-0.05460455,0.06310828,1.490281
2022-09-17 07:00:00,3.4722223e-05,25.084625,-0.061104614,0.01823157,2.395503
2022-09-17 08:00:00,3.4722223e-05,24.703766,-0.06704631,0.09536371,2.2845047
2022-09-17 09:00:00,3.4722223e-05,24.380524,-0.06818476,0.4421072,2.4064536
2022-09-17 10:00:00,3.4722223e-05,24.847809,-0.07826828,0.24507008,2.245338
2022-09-17 11:00:00,3.4722223e-05,24.839722,-0.07668527,0.6167069,2.1969032
2022-09-17 12:00:00,39.51538,24.523071,-0.09132806,0.75238943,2.631064
2022-09-17 13:00:00,159.18677,25.035583,-0.1346384,0.22683851,3.2214952
2022-09-17 14:00:00,288.58746,26.459656,-0.1668948,0.067315064,3.6027713
2022-09-17 15:00:00,455.99353,26.880585,-0.20372131,0.15461445,3.6136022
2022-09-17 16:00:00,650.13727,27.319489,-0.26167443,0.18686987,3.373503
2022-09-17 17:00:00,739.73773,28.086823,-0.27504864,0.21737255,3.212614
2022-09-17 18:00:00,792.6718,28.308502,-0.30692557,0.2117632,3.5808284
2022-09-17 19:00:00,347.81778,27.13742,-0.2223433,2.136211,3.8946502
2022-09-17 20:00:00,162.57709,26.294098,-0.15761904,2.405472,3.9255955
2022-09-17 21:00:00,188.71646,26.35147,-0.15723415,0.79235804,3.998544
2022-09-17 22:00:00,77.26437,25.473114,-0.11112103,0.97747517,2.2430742
2022-09-17 23:00:00,12.464306,25.574127,-0.078631505,0.45858604,2.0467536
2022-09-18 00:00:00,0.12822917,25.729675,-0.06517055,0.547288,1.6058196
2022-09-18 01:00:00,3.4722223e-05,25.63269,-0.05529847,1.0661771,1.6144909
2022-09-18 02:00:00,3.4722223e-05,25.403992,-0.051557798,1.9402243,1.3806316
2022-09-18 03:00:00,3.4722223e-05,25.519226,-0.057141688,3.598216,1.6617507
2022-09-18 04:00:00,3.4722223e-05,25.199158,-0.06457421,4.0683713,1.2590119
2022-09-18 05:00:00,3.4722223e-05,25.19107,-0.057683807,2.5569313,1.7281815
2022-09-18 06:00:00,3.4722223e-05,25.272827,-0.04747561,1.3438529,2.263959
2022-09-18 07:00:00,3.4722223e-05,25.433228,-0.07810023,1.538787,2.7409475
2022-09-18 08:00:00,3.4722223e-05,24.775513,-0.0805181,1.9174358,2.9893892
2022-09-18 09:00:00,3.4722223e-05,24.566559,-0.086617,2.119382,3.0183008
2022-09-18 10:00:00,3.4722223e-05,24.272827,-0.08939268,2.8735242,2.5518606
2022-09-18 11:00:00,3.4722223e-05,24.37735,-0.08130418,3.567363,2.1153667
2022-09-18 12:00:00,4.102535,24.431122,-0.087034434,3.7794764,2.2898612
2022-09-18 13:00:00,19.629478,24.257996,-0.09071546,3.3713775,2.8697722
2022-09-18 14:00:00,36.694897,24.811981,-0.099714726,2.9467995,2.8808875
2022-09-18 15:00:00,97.007774,25.113953,-0.12768292,2.319224,2.9683685
2022-09-18 16:00:00,182.51993,25.226196,-0.15017027,1.6660551,3.0544279
2022-09-18 17:00:00,407.95972,26.235504,-0.21618477,1.243581,2.7270315
2022-09-18 18:00:00,433.74298,26.452545,-0.22248967,1.0647746,2.9967153
2022-09-18 19:00:00,518.956,27.04361,-0.21659677,0.3642738,3.509738
2022-09-18 20:00:00,405.15347,26.675232,-0.18919781,0.41756594,3.3885314
2022-09-18 21:00:00,262.34836,26.282867,-0.15511985,0.41756594,3.290065
2022-09-18 22:00:00,155.26944,26.044556,-0.124636196,0.3853105,2.945998
2022-09-18 23:00:00,30.726284,25.711578,-0.08193847,0.65597427,2.4274757
2022-09-19 00:00:00,0.09972222,25.268707,-0.06869436,1.4472799,1.9184918
2022-09-19 01:00:00,3.4722223e-05,24.839539,-0.0633978,2.9047272,1.8133678
2022-09-19 02:00:00,3.4722223e-05,24.49945,-0.062649675,2.3055506,1.4300992
2022-09-19 03:00:00,3.4722223e-05,24.663269,-0.058155462,1.2789918,1.3622801
2022-09-19 04:00:00,3.4722223e-05,24.892792,-0.056220073,0.9609964,1.534205
2022-09-19 05:00:00,3.4722223e-05,25.003815,-0.059770986,0.6366912,1.7654464
2022-09-19 06:00:00,3.4722223e-05,24.8862,-0.064189315,0.7222379,2.0208585
2022-09-19 07:00:00,3.4722223e-05,24.87442,-0.0808488,1.627489,2.31376
2022-09-19 08:00:00,3.4722223e-05,24.690155,-0.081716195,1.3824189,2.313865
2022-09-19 09:00:00,3.4722223e-05,24.814178,-0.07713524,0.9764228,1.9303049
2022-09-19 10:00:00,3.4722223e-05,24.303833,-0.0703641,0.921729,1.4864436
2022-09-19 11:00:00,3.4722223e-05,24.441315,-0.06919312,1.3266736,1.4317397
2022-09-19 12:00:00,22.80611,24.319214,-0.07395297,1.1110538,1.6448364
2022-09-19 13:00:00,109.91368,24.819977,-0.08829217,0.20895806,1.9705603
2022-09-19 14:00:00,237.77591,25.461609,-0.10703341,0.25839266,2.3105636
2022-09-19 15:00:00,367.06265,25.636932,-0.16399443,0.6370414,2.5954568
2022-09-19 16:00:00,425.6234,25.944,-0.19453773,0.97186494,2.9444814
2022-09-19 17:00:00,484.08447,26.416626,-0.22779165,1.0696826,3.0273788
2022-09-19 18:00:00,613.3997,26.592926,-0.2391112,0.343238,2.9228234
2022-09-19 19:00:00,417.51807,26.701294,-0.20324966,0.09010453,2.5574193
2022-09-19 20:00:00,330.72388,26.982117,-0.16247648,0.06906781,2.629602
2022-09-19 21:00:00,240.61064,27.042358,-0.14666812,0.12095738,2.4862478
2022-09-19 22:00:00,137.86215,26.780975,-0.11727414,0.13147481,2.1526618
2022-09-19 23:00:00,31.922848,26.578522,-0.07508601,0.115348026,1.7838953
2022-09-20 00:00:00,0.09972222,26.349518,-0.05901202,0.077132136,1.9256084
2022-09-20 01:00:00,3.4722223e-05,26.394684,-0.058789752,0.1325272,1.9850818
2022-09-20 02:00:00,3.4722223e-05,26.164978,-0.056138758,0.057147816,2.0134563
2022-09-20 03:00:00,3.4722223e-05,25.965942,-0.058269303,0.0613546,2.0385678
2022-09-20 04:00:00,3.4722223e-05,25.87909,-0.064492896,0.088701956,2.131276
2022-09-20 05:00:00,3.4722223e-05,25.783173,-0.06988162,0.1483038,2.011612
2022-09-20 06:00:00,3.4722223e-05,25.662476,-0.07409934,0.23735687,2.0620415
2022-09-20 07:00:00,3.4722223e-05,25.35788,-0.068981685,0.22157934,2.1061618
2022-09-20 08:00:00,3.4722223e-05,25.190613,-0.07352469,0.49014017,2.150469
2022-09-20 09:00:00,3.4722223e-05,25.135376,-0.08186257,0.54588544,2.0902574
2022-09-20 10:00:00,3.4722223e-05,24.913513,-0.08750608,0.4088003,2.9117503
2022-09-20 11:00:00,3.4722223e-05,24.822937,-0.0812825,0.22929254,3.0481176
2022-09-20 12:00:00,48.746075,24.815125,-0.08627546,0.15321282,3.190595
2022-09-20 13:00:00,226.77884,24.90982,-0.13404746,0.10097306,3.2919872
2022-09-20 14:00:00,349.2565,25.634888,-0.18670402,0.12481399,3.1269286
2022-09-20 15:00:00,465.23846,25.9086,-0.22064103,0.15075785,3.4085467
2022-09-20 16:00:00,652.5874,26.243347,-0.28020966,0.13077445,3.717519
2022-09-20 17:00:00,659.21124,26.894714,-0.28163543,0.16127619,3.716312
2022-09-20 18:00:00,652.1458,27.015747,-0.2878753,0.1735473,3.9682126
2022-09-20 19:00:00,669.43915,26.980347,-0.28559297,0.09641517,4.0155654
2022-09-20 20:00:00,561.98987,27.400818,-0.2648838,0.29240084,4.038818
2022-09-20 21:00:00,289.89798,27.339264,-0.19074827,0.24787429,3.7573416
2022-09-20 22:00:00,165.02719,26.687439,-0.14402255,0.16162731,2.7284794
2022-09-20 23:00:00,36.780346,26.225769,-0.08427502,0.022438355,2.4391966
2022-09-21 00:00:00,0.085486114,26.146637,-0.06487238,0.097116455,1.958803
2022-09-21 01:00:00,3.4722223e-05,26.167877,-0.055200886,0.093610026,1.5531993
2022-09-21 02:00:00,3.4722223e-05,26.136627,-0.05116206,0.083793886,1.6236992
2022-09-21 03:00:00,3.4722223e-05,26.13977,-0.04891223,0.19107759,2.006645
2022-09-21 04:00:00,3.4722223e-05,25.9758,-0.04898272,0.19037631,2.2709692
2022-09-21 05:00:00,3.4722223e-05,25.214264,-0.048830915,0.153563,1.7651103
2022-09-21 06:00:00,3.4722223e-05,24.964264,-0.0552063,0.3891671,1.1990108
2022-09-21 07:00:00,3.4722223e-05,24.359528,-0.056431513,0.7359106,0.9889057
2022-09-21 08:00:00,3.4722223e-05,24.315338,-0.056323085,0.5339645,0.8595528
2022-09-21 09:00:00,3.4722223e-05,24.2211,-0.0533414,0.22333302,0.827784
2022-09-21 10:00:00,3.4722223e-05,24.825836,-0.04642931,0.043825246,1.1499083
2022-09-21 11:00:00,3.4722223e-05,24.691101,-0.041783307,0.04662946,1.2942029
2022-09-21 12:00:00,60.797256,24.917633,-0.050549455,0.20510145,0.76986796
2022-09-21 13:00:00,237.0779,25.463104,-0.10526608,0.056096353,0.18623087
2022-09-21 14:00:00,402.58942,26.193787,-0.16328968,0.09641517,0.65558577
2022-09-21 15:00:00,634.39667,26.591248,-0.23750652,0.09536371,1.3772047
2022-09-21 16:00:00,789.196,26.869781,-0.29350257,0.24997815,1.9623837
2022-09-21 17:00:00,856.7168,27.025055,-0.33063266,0.06451085,2.8077736
2022-09-21 18:00:00,864.3378,27.10614,-0.3304104,0.030852854,3.4763627
2022-09-21 19:00:00,631.6759,26.67987,-0.2524258,0.0781836,3.5516045
2022-09-21 20:00:00,335.9945,26.706757,-0.15982549,0.12586546,3.246075
2022-09-21 21:00:00,161.63692,26.971588,-0.12185509,0.0697691,3.030612
2022-09-21 22:00:00,133.38927,26.667389,-0.113723226,0.049434602,2.7997618
2022-09-21 23:00:00,36.06809,26.573425,-0.088986084,0.073976815,2.8784235
2022-09-22 00:00:00,0.085486114,26.358826,-0.070174366,0.07678103,2.360971
2022-09-22 01:00:00,3.4722223e-05,26.231812,-0.055021986,0.07502828,1.8056421
2022-09-22 02:00:00,3.4722223e-05,25.921326,-0.044152386,0.07257424,1.2861518
2022-09-22 03:00:00,3.4722223e-05,25.270905,-0.045057736,0.5045142,0.8602168
2022-09-22 04:00:00,3.4722223e-05,25.36322,-0.040872533,0.83583224,0.6688897
2022-09-22 05:00:00,3.4722223e-05,25.052887,-0.039370846,0.054342672,0.71974695
2022-09-22 06:00:00,3.4722223e-05,24.91861,-0.041539345,0.0028051436,0.5110131
2022-09-22 07:00:00,3.4722223e-05,24.847534,-0.03719151,0.07327553,0.55398446
2022-09-22 08:00:00,3.4722223e-05,24.562439,-0.04394096,0.09571388,1.0268602
2022-09-22 09:00:00,3.4722223e-05,24.597137,-0.049931433,0.15917234,1.10762
2022-09-22 10:00:00,3.4722223e-05,25.238678,-0.05046814,0.84249395,0.24340695
2022-09-22 11:00:00,3.4722223e-05,25.319489,-0.04641304,0.5266024,0.20482624
2022-09-22 12:00:00,29.800346,25.387909,-0.058280144,0.30502304,0.24732046
2022-09-22 13:00:00,165.56851,24.79898,-0.09432601,1.480938,0.6666544
2022-09-22 14:00:00,185.79626,25.27118,-0.10155252,1.7968286,1.3018594
2022-09-22 15:00:00,253.11766,25.62613,-0.121058166,0.29766,1.4235893
2022-09-22 16:00:00,338.5016,25.740112,-0.13115795,0.07537939,1.3720747
2022-09-22 17:00:00,500.053,26.147858,-0.16961627,0.09290874,1.212074
2022-09-22 18:00:00,665.8494,26.630768,-0.22690256,0.067315064,1.8404639
2022-09-22 19:00:00,578.0866,26.562714,-0.21444455,0.26084667,2.1258535
2022-09-22 20:00:00,404.1848,26.48233,-0.17600791,0.6584283,2.415436
2022-09-22 21:00:00,223.48827,26.39563,-0.1365304,0.2107108,2.6015496
2022-09-22 22:00:00,136.4092,25.447449,-0.10606843,0.67315346,2.1425436
2022-09-22 23:00:00,36.35302,25.756012,-0.07202301,0.39477646,1.3043677
2022-09-23 00:00:00,0.057013888,26.054138,-0.059049968,0.04487671,1.3087463
2022-09-23 01:00:00,3.4722223e-05,26.129059,-0.052896854,0.01998432,1.4685831
2022-09-23 02:00:00,3.4722223e-05,25.70111,-0.043751206,0.010167249,1.354019
2022-09-23 03:00:00,3.4722223e-05,25.870728,-0.03625364,0.013322569,0.86492157
2022-09-23 04:00:00,3.4722223e-05,25.663544,-0.036161467,0.024191104,0.8381003
2022-09-23 05:00:00,3.4722223e-05,25.762878,-0.035364546,0.01156982,0.8197555
2022-09-23 06:00:00,3.4722223e-05,25.660095,-0.034735683,0.0662636,0.62908113
2022-09-23 07:00:00,3.4722223e-05,25.441559,-0.036340367,0.0077132136,0.5965225
2022-09-23 08:00:00,3.4722223e-05,24.88565,-0.041582707,0.1363838,0.4977897
2022-09-23 09:00:00,3.4722223e-05,24.782623,-0.03587414,0.050486065,0.7218316
2022-09-23 10:00:00,3.4722223e-05,25.151794,-0.03353758,0.24191476,0.83463556
2022-09-23 11:00:00,3.4722223e-05,25.184479,-0.034291137,0.0038566068,0.89675856
2022-09-23 12:00:00,51.85146,25.509918,-0.04495472,0.015776604,0.88322836
2022-09-23 13:00:00,199.40015,25.496735,-0.09117627,0.073976815,1.0946711
2022-09-23 14:00:00,380.96564,26.503601,-0.151634,0.082040206,1.4879084
2022-09-23 15:00:00,508.34354,26.894989,-0.19017905,0.06486103,1.854567
2022-09-23 16:00:00,690.5358,27.005737,-0.24632688,0.118853524,2.5825803
2022-09-23 17:00:00,805.7058,27.314667,-0.29982373,0.23700577,2.9882445
2022-09-23 18:00:00,689.5957,27.402222,-0.27729845,0.102375634,3.1930873
2022-09-23 19:00:00,673.385,27.696472,-0.24730814,0.07783342,3.59838
2022-09-23 20:00:00,563.05817,27.513336,-0.21713348,0.03996864,3.7873495
2022-09-23 21:00:00,398.17346,27.254578,-0.16549611,0.098869205,3.2019277
2022-09-23 22:00:00,172.27785,26.489197,-0.10388366,0.113945454,2.831207
2022-09-23 23:00:00,50.15632,26.123444,-0.07009304,0.2647033,2.0611966
2022-09-24 00:00:00,0.057013888,26.26117,-0.0490315,0.07923599,2.33977
2022-09-24 01:00:00,3.4722223e-05,26.139069,-0.051037364,0.1321761,2.3432572
2022-09-24 02:00:00,3.4722223e-05,25.702087,-0.0468847,0.10693353,2.1304452
2022-09-24 03:00:00,3.4722223e-05,25.572723,-0.038232394,0.19493419,1.0485798
2022-09-24 04:00:00,3.4722223e-05,25.590027,-0.033456266,0.5493909,0.5103834
2022-09-24 05:00:00,3.4722223e-05,25.087341,-0.026939932,0.014374964,1.0954328
2022-09-24 06:00:00,3.4722223e-05,24.969635,-0.031472098,0.0010514632,1.36834
2022-09-24 07:00:00,3.4722223e-05,25.113434,-0.04337715,0.07678103,1.5242559
2022-09-24 08:00:00,3.4722223e-05,25.4328,-0.046564832,0.05679764,1.4530622
2022-09-24 09:00:00,3.4722223e-05,25.082672,-0.04381627,0.038566068,1.1940693
2022-09-24 10:00:00,3.4722223e-05,25.730103,-0.04026535,0.030151568,1.6690199
2022-09-24 11:00:00,3.4722223e-05,25.534576,-0.03931121,0.07117167,1.6240108
2022-09-24 12:00:00,36.908543,25.662292,-0.049649533,0.07117167,1.6669679
2022-09-24 13:00:00,197.19218,25.771393,-0.09361582,0.42668077,2.5011063
2022-09-24 14:00:00,402.90277,26.059479,-0.15319532,1.1110538,3.1505604
2022-09-24 15:00:00,582.17487,26.292175,-0.22405098,1.0409336,3.5394669
2022-09-24 16:00:00,602.14624,26.376404,-0.22104761,0.1994921,3.8567472
2022-09-24 17:00:00,665.19415,27.239899,-0.24789904,0.39512664,3.9386718
2022-09-24 18:00:00,423.34424,26.34488,-0.22252762,1.6061021,4.397858
2022-09-24 19:00:00,536.8476,26.338287,-0.23129377,0.4438609,3.974337
2022-09-24 20:00:00,369.6837,26.757965,-0.18275194,0.24542026,3.533649
2022-09-24 21:00:00,302.5902,27.163757,-0.15818828,0.1325272,3.1069152
2022-09-24 22:00:00,161.19531,26.496735,-0.118748724,0.07257424,3.0686128
2022-09-24 23:00:00,43.58941,26.47284,-0.071491726,0.12306124,2.148728
2022-09-25 00:00:00,0.014270834,26.182281,-0.046076924,0.16688555,1.6775076
2022-09-25 01:00:00,3.4722223e-05,26.14618,-0.03928953,0.41090417,1.638784
2022-09-25 02:00:00,3.4722223e-05,26.083649,-0.04260191,0.72679573,1.3519099
2022-09-25 03:00:00,3.4722223e-05,25.87732,-0.04396806,0.45683235,1.1466458
2022-09-25 04:00:00,3.4722223e-05,25.70816,-0.044184912,0.50346273,1.3007709
2022-09-25 05:00:00,3.4722223e-05,25.47284,-0.044087328,0.43404382,1.6105253
2022-09-25 06:00:00,3.4722223e-05,25.414246,-0.04966579,0.2156198,1.5776793
2022-09-25 07:00:00,3.4722223e-05,25.037964,-0.0499748,0.16267878,1.6858408
2022-09-25 08:00:00,3.4722223e-05,24.505768,-0.05948366,0.38250536,1.9483057
2022-09-25 09:00:00,3.4722223e-05,24.588348,-0.06913891,0.17494988,2.2980325
2022-09-25 10:00:00,3.4722223e-05,24.74231,-0.066097595,0.12481399,2.18279
2022-09-25 11:00:00,3.4722223e-05,24.850983,-0.06208045,0.017179176,2.3099115
2022-09-25 12:00:00,67.12198,25.217407,-0.08108733,0.03961753,2.472289
2022-09-25 13:00:00,262.49078,25.501373,-0.14881495,0.05294103,2.830281
2022-09-25 14:00:00,497.63138,26.421295,-0.21932366,0.13813657,2.9119697
2022-09-25 15:00:00,638.04333,26.50412,-0.25949508,0.18301326,2.9685764
2022-09-25 16:00:00,761.39,26.735565,-0.30277288,0.1363838,3.048997
2022-09-25 17:00:00,695.79224,26.913513,-0.26302433,0.08975342,3.8641226
2022-09-25 18:00:00,766.6463,27.044128,-0.2684022,0.108686276,4.094298
2022-09-25 19:00:00,576.4769,27.325806,-0.22983004,0.10693353,3.3626606
2022-09-25 20:00:00,359.5698,27.829712,-0.15429582,0.08169003,2.9818645
2022-09-25 21:00:00,275.69583,28.012604,-0.13226388,0.19212905,2.564321
2022-09-25 22:00:00,143.81653,26.745056,-0.09846242,0.86738634,2.0888343
2022-09-25 23:00:00,37.83448,26.674683,-0.07087371,0.07783342,2.22077
2022-09-26 00:00:00,0.014270834,26.588257,-0.047307547,0.07678103,2.0244985
2022-09-26 01:00:00,3.4722223e-05,26.48645,-0.036551807,0.20089373,1.9024435
2022-09-26 02:00:00,3.4722223e-05,26.172546,-0.033770703,0.29976386,1.8717339
2022-09-26 03:00:00,3.4722223e-05,25.858337,-0.035044692,0.1286706,1.3616191
2022-09-26 04:00:00,3.4722223e-05,25.687164,-0.033667702,0.05118735,0.93755835
2022-09-26 05:00:00,3.4722223e-05,25.474243,-0.03232865,0.035410747,1.1265557
2022-09-26 06:00:00,3.4722223e-05,25.28601,-0.035554286,0.0578491,1.3649952
2022-09-26 07:00:00,3.4722223e-05,25.096375,-0.053292606,0.14304462,1.7537979
2022-09-26 08:00:00,3.4722223e-05,24.711304,-0.06448748,0.16443151,1.8562409
2022-09-26 09:00:00,3.4722223e-05,24.66449,-0.06516513,0.2156198,1.5057558
2022-09-26 10:00:00,3.4722223e-05,25.536255,-0.05540147,0.2573412,0.70970654
2022-09-26 11:00:00,3.4722223e-05,25.326874,-0.04842975,0.54413265,1.3939129
2022-09-26 12:00:00,19.045452,24.822418,-0.057841025,1.2491904,2.1874285
2022-09-26 13:00:00,51.224686,25.106384,-0.061641317,0.9034984,1.4832985
2022-09-26 14:00:00,74.67177,25.808014,-0.059424028,1.3413988,1.7050619
2022-09-26 15:00:00,150.58284,26.231812,-0.09111121,1.0065744,2.1694043
2022-09-26 16:00:00,326.77805,25.933014,-0.15507649,0.859322,2.0196643
2022-09-26 17:00:00,326.15125,26.496033,-0.17467971,0.8316254,1.2298042
2022-09-26 18:00:00,300.425,26.052216,-0.15452895,0.62687415,1.2897546
2022-09-26 19:00:00,642.0319,26.226044,-0.22246799,0.045928173,1.5107561
2022-09-26 20:00:00,447.48935,27.21576,-0.1736822,0.057147816,1.2868423
2022-09-26 21:00:00,333.0173,27.432098,-0.13518052,0.0830926,1.6293647
2022-09-26 22:00:00,179.85612,26.851776,-0.09691736,0.0950126,2.090399
2022-09-26 23:00:00,46.438404,26.740387,-0.06859678,0.12341142,2.2317646
2022-09-27 00:00:00,0.014270834,26.718689,-0.052533638,0.028748997,2.3438568
2022-09-27 01:00:00,3.4722223e-05,26.614166,-0.04913451,0.08835178,2.2556188
2022-09-27 02:00:00,3.4722223e-05,26.710083,-0.048787553,0.20089373,2.275029
2022-09-27 03:00:00,3.4722223e-05,26.345398,-0.052804694,0.19248016,2.0989647
2022-09-27 04:00:00,3.4722223e-05,26.162537,-0.055081617,0.07292442,1.8025373
2022-09-27 05:00:00,3.4722223e-05,25.761902,-0.055184618,0.31694305,1.5933368
2022-09-27 06:00:00,3.4722223e-05,25.519928,-0.055233408,0.33622608,1.5046751
2022-09-27 07:00:00,3.4722223e-05,25.473541,-0.05840484,0.27171522,1.5044602
2022-09-27 08:00:00,3.4722223e-05,24.860016,-0.062107544,0.19563548,1.7640747
2022-09-27 09:00:00,3.4722223e-05,24.830933,-0.06643913,0.03155414,2.245653
2022-09-27 10:00:00,3.4722223e-05,25.574646,-0.065972894,0.016828999,2.56636
2022-09-27 11:00:00,3.4722223e-05,25.656158,-0.065354876,0.2489267,2.216797
2022-09-27 12:00:00,43.931286,24.960602,-0.0696214,1.0637231,1.6766696
2022-09-27 13:00:00,143.80229,24.661499,-0.097009525,1.3624346,1.7413274
2022-09-27 14:00:00,187.43443,25.019714,-0.10631239,0.3804015,1.5043554
2022-09-27 15:00:00,279.55618,25.455444,-0.11164147,0.5101245,1.2687536
2022-09-27 16:00:00,355.3818,25.996246,-0.14190285,0.9694109,2.0696595
2022-09-27 17:00:00,338.4161,26.403717,-0.16523048,1.0237545,2.4233296
2022-09-27 18:00:00,385.08243,26.694,-0.19003808,0.612149,2.0167267
2022-09-27 19:00:00,313.68698,26.68814,-0.15731004,0.8288203,2.1215677
2022-09-27 20:00:00,284.99774,27.248962,-0.15029494,0.3222022,1.7485077
2022-09-27 21:00:00,184.02989,27.123718,-0.10526608,0.14584976,1.5171008
2022-09-27 22:00:00,157.3207,27.13565,-0.09622887,0.20545162,0.8623753
2022-09-27 23:00:00,43.674896,27.027802,-0.057212163,0.027346425,1.7941277
2022-09-28 00:00:00,3.4722223e-05,27.041138,-0.042959712,0.11745095,2.6125183
2022-09-28 01:00:00,3.4722223e-05,27.036041,-0.050137445,0.10027178,3.0424345
2022-09-28 02:00:00,3.4722223e-05,26.726685,-0.05393231,0.18511713,3.2123342
2022-09-28 03:00:00,3.4722223e-05,26.202301,-0.057705503,0.3639236,2.6822903
2022-09-28 04:00:00,3.4722223e-05,25.792114,-0.066027105,0.65562314,2.3406591
2022-09-28 05:00:00,3.4722223e-05,25.22821,-0.06925275,1.4805868,2.390564
2022-09-28 06:00:00,3.4722223e-05,25.108582,-0.07115561,1.1040419,2.1309345
2022-09-28 07:00:00,3.4722223e-05,25.184204,-0.072494656,1.6460707,1.4341294
2022-09-28 08:00:00,3.4722223e-05,24.948212,-0.06858593,0.71136934,1.41049
2022-09-28 09:00:00,3.4722223e-05,24.68451,-0.06782155,0.1651328,1.5674205
2022-09-28 10:00:00,3.4722223e-05,24.991608,-0.06324059,0.02804771,1.9077882
2022-09-28 11:00:00,3.4722223e-05,25.300415,-0.068195604,0.0613546,2.1564379
2022-09-28 12:00:00,51.52382,25.343475,-0.091745496,0.2236832,1.5312582
2022-09-28 13:00:00,184.0014,25.4328,-0.13272469,0.13813657,0.9187125
2022-09-28 14:00:00,300.62442,26.1828,-0.1606658,0.037514605,0.94909286
2022-09-28 15:00:00,485.87933,26.392487,-0.21318139,0.29660854,1.0980706
2022-09-28 16:00:00,544.1125,26.17517,-0.22490212,0.30291918,1.1155152
2022-09-28 17:00:00,664.46765,26.233063,-0.28023678,0.2899468,1.4201694
2022-09-28 18:00:00,475.85095,25.791687,-0.21628776,0.17635244,1.5615748
2022-09-28 19:00:00,406.22183,25.073364,-0.18484454,0.60653967,1.770233
2022-09-28 20:00:00,232.605,25.701569,-0.14297085,0.33377203,2.4359376
2022-09-28 21:00:00,186.3518,25.905945,-0.12478799,0.15321282,2.696693
2022-09-28 22:00:00,65.526566,25.187897,-0.09384352,0.14339574,2.3979194
2022-09-28 23:00:00,20.19927,25.295593,-0.085082784,0.3393814,2.4739127
2022-09-29 00:00:00,3.4722223e-05,25.27362,-0.07537334,0.69699436,2.6894383
2022-09-29 01:00:00,3.4722223e-05,25.447205,-0.07221817,0.5266024,2.2649412
2022-09-29 02:00:00,3.4722223e-05,24.983337,-0.06383151,0.59461874,1.8728175
2022-09-29 03:00:00,3.4722223e-05,24.958405,-0.059142128,0.93364996,1.6912324
2022-09-29 04:00:00,3.4722223e-05,24.971558,-0.05554242,0.9318972,1.8699586
2022-09-29 05:00:00,3.4722223e-05,24.86029,-0.060719714,0.6580772,1.9202477
2022-09-29 06:00:00,3.4722223e-05,24.763123,-0.062530406,0.40809903,1.8925682
2022-09-29 07:00:00,3.4722223e-05,24.36023,-0.07642506,0.19843969,1.9300455
2022-09-29 08:00:00,3.4722223e-05,24.410828,-0.07864777,0.24612156,2.031777
2022-09-29 09:00:00,3.4722223e-05,24.712097,-0.070792384,0.21632016,1.861958
2022-09-29 10:00:00,3.4722223e-05,24.395447,-0.07105803,0.37338957,1.8383764
2022-09-29 11:00:00,3.4722223e-05,23.994751,-0.061776854,0.5311603,1.8435416
2022-09-29 12:00:00,43.43271,24.274597,-0.07533539,0.4140595,1.7440653
2022-09-29 13:00:00,97.84823,24.420837,-0.08739766,0.20124483,1.7520924
2022-09-29 14:00:00,260.9381,25.3815,-0.13269216,0.1893239,1.8188521
2022-09-29 15:00:00,542.67377,26.014618,-0.22891384,0.2650544,2.5476518
2022-09-29 16:00:00,784.9938,26.60318,-0.30658403,0.20755547,2.5530922
2022-09-29 17:00:00,729.85175,27.136444,-0.30652982,0.21737255,1.8691909
2022-09-29 18:00:00,824.1245,26.686188,-0.35734856,1.3957415,1.3609235
2022-09-29 19:00:00,314.27103,26.342407,-0.16351195,1.5479028,1.6459986
2022-09-29 20:00:00,224.22899,26.364624,-0.132703,1.0525035,1.8458452
2022-09-29 21:00:00,181.9074,26.332214,-0.14055297,1.2397244,2.1109827
2022-09-29 22:00:00,87.52069,25.95935,-0.09993699,2.7546706,1.3827457
2022-09-29 23:00:00,17.692188,25.86319,-0.06627107,5.187139,1.6362902
2022-09-30 00:00:00,3.4722223e-05,25.385193,-0.06300205,10.007899,1.7019758
2022-09-30 01:00:00,3.4722223e-05,25.289429,-0.05964631,16.220196,1.2181189
2022-09-30 02:00:00,3.4722223e-05,25.459839,-0.05620382,16.975039,1.4190505
2022-09-30 03:00:00,3.4722223e-05,25.660797,-0.05698447,16.534685,1.6116855
2022-09-30 04:00:00,3.4722223e-05,25.604675,-0.06502418,16.334843,1.9119749
2022-09-30 05:00:00,3.4722223e-05,24.944763,-0.07547634,17.806664,1.8957624
2022-09-30 06:00:00,3.4722223e-05,24.758484,-0.07744967,19.314249,1.8826545
2022-09-30 07:00:00,3.4722223e-05,25.07608,-0.06533861,20.03298,1.9834977
2022-09-30 08:00:00,3.4722223e-05,24.26828,-0.06540909,20.923155,1.9024168
2022-09-30 09:00:00,3.4722223e-05,24.424438,-0.06048118,22.975922,1.4028862
2022-09-30 10:00:00,3.4722223e-05,24.730103,-0.05655078,22.581144,2.6455216
2022-09-30 11:00:00,3.4722223e-05,24.623749,-0.05002359,20.739439,3.58205
2022-09-30 12:00:00,5.1566668,24.578339,-0.04807736,19.172255,3.7059786
2022-09-30 13:00:00,25.256216,24.755768,-0.04996396,14.629519,3.5506768
2022-09-30 14:00:00,67.876976,25.228668,-0.055011142,11.188022,3.7602212
2022-09-30 15:00:00,127.221214,25.218475,-0.07889715,6.9685416,4.0564256
2022-09-30 16:00:00,192.819,25.646393,-0.113907546,3.9726574,4.379659
2022-09-30 17:00:00,270.82407,26.198181,-0.15190506,2.2143946,4.4011416
2022-09-30 18:00:00,295.9663,26.06363,-0.17657715,2.0920346,5.1117983
2022-09-30 19:00:00,561.5625,25.948212,-0.28719765,0.13147481,4.880532
2022-09-30 20:00:00,391.87723,25.589478,-0.21615766,0.10588113,4.6050577
2022-09-30 21:00:00,202.04968,25.51236,-0.15751062,0.15847105,4.321626
2022-09-30 22:00:00,115.45493,26.405487,-0.13746287,0.120256096,4.1505227
2022-09-30 23:00:00,27.734827,26.389832,-0.115794145,0.113594346,3.5639539
2022-10-01 00:00:00,3.4722223e-05,25.985962,-0.10702256,0.16688555,2.8568788
2022-10-01 01:00:00,3.4722223e-05,25.287231,-0.10517935,1.8992043,3.165552
2022-10-01 02:00:00,3.4722223e-05,24.859314,-0.10964645,2.2224588,3.190221
2022-10-01 03:00:00,3.4722223e-05,24.760406,-0.111836635,1.4686668,3.1503398
2022-10-01 04:00:00,3.4722223e-05,24.598267,-0.104978755,2.1425216,2.9179502
2022-10-01 05:00:00,3.4722223e-05,24.444305,-0.102842785,2.424755,3.0308566
2022-10-01 06:00:00,3.4722223e-05,24.514282,-0.098001614,2.4503489,2.764146
2022-10-01 07:00:00,3.4722223e-05,24.839722,-0.07369818,3.7819304,2.0556073
2022-10-01 08:00:00,3.4722223e-05,24.99942,-0.074131876,5.9577594,2.2811496
2022-10-01 09:00:00,3.4722223e-05,24.828308,-0.084703304,8.592525,2.4746263
2022-10-01 10:00:00,3.4722223e-05,24.594147,-0.09232015,10.145335,2.1616757
2022-10-01 11:00:00,3.4722223e-05,24.534058,-0.088715024,9.151382,1.7147949
2022-10-01 12:00:00,6.282014,25.00241,-0.08938725,7.1571646,2.2091742
2022-10-01 13:00:00,35.84017,24.912811,-0.10295663,5.2218485,2.8998547
2022-10-01 14:00:00,139.78525,25.590729,-0.13123384,2.2645304,2.7496877
2022-10-01 15:00:00,210.58238,25.58783,-0.13610213,1.684987,2.2580066
2022-10-01 16:00:00,196.60814,25.67987,-0.1332126,1.975635,1.8292325
2022-10-01 17:00:00,219.94128,25.807587,-0.12668002,2.0050862,1.4667197
2022-10-01 18:00:00,197.83319,26.064423,-0.11941554,1.8992043,1.2592474
2022-10-01 19:00:00,256.56494,26.44403,-0.12966168,0.6538704,1.2841297
2022-10-01 20:00:00,266.84973,26.182281,-0.13659003,0.3229035,1.1406492
2022-10-01 21:00:00,212.41998,26.520203,-0.120971434,0.11254288,1.2719047
2022-10-01 22:00:00,116.152954,26.412506,-0.09130096,0.07187296,2.1732213
2022-10-01 23:00:00,28.888681,26.227448,-0.06552835,0.09922031,1.4373897
2022-10-02 00:00:00,3.4722223e-05,25.988007,-0.05996073,0.26365185,1.422734
2022-10-02 01:00:00,3.4722223e-05,25.699097,-0.055786382,0.17459877,1.3014606
2022-10-02 02:00:00,3.4722223e-05,25.572174,-0.051037364,0.009465963,1.1574261
2022-10-02 03:00:00,3.4722223e-05,25.193268,-0.054403964,0.0,1.0031711
2022-10-02 04:00:00,3.4722223e-05,25.197662,-0.05237642,0.0,1.1324487
2022-10-02 05:00:00,3.4722223e-05,25.003113,-0.054425646,0.0,1.3201694
2022-10-02 06:00:00,3.4722223e-05,25.01654,-0.059288505,0.0,1.3332235
2022-10-02 07:00:00,3.4722223e-05,25.064423,-0.051525276,0.0,1.0658786
2022-10-02 08:00:00,3.4722223e-05,24.643951,-0.05254989,0.0003501773,1.3188305
2022-10-02 09:00:00,3.4722223e-05,24.70279,-0.054534074,0.0,1.4891351
2022-10-02 10:00:00,3.4722223e-05,24.858337,-0.056745935,0.0,1.5494418
2022-10-02 11:00:00,3.4722223e-05,24.972351,-0.0565074,0.0,1.3883592
2022-10-02 12:00:00,72.3926,25.42865,-0.064200155,0.0,1.2042854
2022-10-02 13:00:00,287.1345,25.791687,-0.12225084,0.0,1.1467743
2022-10-02 14:00:00,496.2496,26.665894,-0.18191165,0.0,0.51746607
2022-10-02 15:00:00,688.3564,26.73819,-0.23205274,0.0017527491,0.8304222
2022-10-02 16:00:00,759.3957,27.132751,-0.25774947,0.009465963,1.8079363
2022-10-02 17:00:00,638.485,27.366669,-0.2376583,0.0,2.7325516
2022-10-02 18:00:00,651.633,27.28946,-0.25426358,0.0010514632,3.4674318
2022-10-02 19:00:00,641.2769,27.708954,-0.26614156,0.0003501773,3.7624986
2022-10-02 20:00:00,634.86676,27.797302,-0.27566123,0.0,3.8310635
2022-10-02 21:00:00,495.72256,27.996002,-0.23675297,0.0003501773,3.8791916
2022-10-02 22:00:00,229.28593,27.610046,-0.16382095,0.0003501773,2.98391
2022-10-02 23:00:00,56.993855,27.443787,-0.11030784,0.0,2.3777504
2022-10-03 00:00:00,3.4722223e-05,27.402771,-0.08088132,0.0017527491,2.462644
2022-10-03 01:00:00,3.4722223e-05,27.383423,-0.074050546,0.026645139,2.7357697
2022-10-03 02:00:00,3.4722223e-05,26.79361,-0.06854799,0.37093553,2.7017303
2022-10-03 03:00:00,3.4722223e-05,26.561218,-0.06336528,0.0063106418,2.5921822
2022-10-03 04:00:00,3.4722223e-05,26.424438,-0.0604378,0.20264742,2.401148
2022-10-03 05:00:00,3.4722223e-05,26.417694,-0.057862706,0.09641517,2.45012
2022-10-03 06:00:00,3.4722223e-05,26.49112,-0.058469888,0.030151568,2.257245
2022-10-03 07:00:00,3.4722223e-05,26.246063,-0.06841246,0.06521121,2.0559788
2022-10-03 08:00:00,3.4722223e-05,26.070038,-0.066758975,0.113594346,2.1522813
2022-10-03 09:00:00,3.4722223e-05,25.58194,-0.06543619,0.039267354,2.143856
2022-10-03 10:00:00,3.4722223e-05,26.042175,-0.0652844,0.0063106418,2.2072303
2022-10-03 11:00:00,3.4722223e-05,25.944946,-0.06524645,0.054342672,1.8732995
2022-10-03 12:00:00,60.953957,26.587555,-0.077661105,0.056096353,1.7416276
2022-10-03 13:00:00,238.07506,26.64325,-0.124777146,0.103778206,1.6952361
2022-10-03 14:00:00,386.53543,27.432098,-0.16149524,0.24121347,1.7782159
2022-10-03 15:00:00,519.4688,27.7836,-0.19232586,0.088701956,1.8314282
2022-10-03 16:00:00,534.1838,27.649323,-0.20450199,0.0781836,2.0189552
2022-10-03 17:00:00,517.41754,27.944275,-0.21315429,0.115348026,1.9827096
2022-10-03 18:00:00,584.5395,27.82077,-0.25473523,0.2727676,2.2043102
2022-10-03 19:00:00,763.7546,27.700592,-0.27910918,0.08098874,2.337669
2022-10-03 20:00:00,625.20874,28.137146,-0.2433723,0.07923599,2.3297334
2022-10-03 21:00:00,269.68448,28.31659,-0.119312525,0.13077445,1.7003517
2022-10-03 22:00:00,137.63423,27.73996,-0.08439429,0.045928173,2.4325466
2022-10-03 23:00:00,40.69771,27.523895,-0.06404835,0.41686463,2.0715373
2022-10-04 00:00:00,3.4722223e-05,27.40567,-0.041561026,0.07432699,1.5207803
2022-10-04 01:00:00,3.4722223e-05,27.551208,-0.03766858,0.3393814,0.6746214
2022-10-04 02:00:00,3.4722223e-05,27.18106,-0.033315316,0.13112463,1.4100503
2022-10-04 03:00:00,3.4722223e-05,27.154022,-0.027639268,0.13743527,1.563936
2022-10-04 04:00:00,3.4722223e-05,26.839294,-0.029412026,0.08098874,1.2461287
2022-10-04 05:00:00,3.4722223e-05,26.62445,-0.037505932,0.5427301,1.4497755
2022-10-04 06:00:00,3.4722223e-05,25.717712,-0.039755758,1.0188454,1.0671272
2022-10-04 07:00:00,3.4722223e-05,25.434021,-0.054864764,2.3875916,1.2958804
2022-10-04 08:00:00,3.4722223e-05,24.828735,-0.057700075,3.3570025,1.4513643
2022-10-04 09:00:00,3.4722223e-05,24.583954,-0.06755049,3.4236164,2.3478432
2022-10-04 10:00:00,3.4722223e-05,25.03357,-0.07995429,5.379268,1.3491211
2022-10-04 11:00:00,3.4722223e-05,24.929596,-0.0895499,7.565965,1.285026
2022-10-04 12:00:00,9.814757,24.703491,-0.092672534,7.746174,1.6693091
2022-10-04 13:00:00,29.942812,24.369812,-0.09448323,5.8602924,2.1753314
2022-10-04 14:00:00,41.053818,24.36911,-0.07711898,3.4653387,2.3427622
2022-10-04 15:00:00,131.25253,24.41153,-0.09491151,1.6699116,2.349786
2022-10-04 16:00:00,307.9178,25.05072,-0.15936469,0.6948905,2.0551949
2022-10-04 17:00:00,470.01053,25.792114,-0.20458873,0.25067943,1.6582189
2022-10-04 18:00:00,369.66943,25.948639,-0.17664762,0.030501746,0.48562774
2022-10-04 19:00:00,129.60014,26.315094,-0.12524337,5.3585825,0.7657542
2022-10-04 20:00:00,143.44618,26.673279,-0.12250565,2.8020012,1.3590934
2022-10-04 21:00:00,144.55725,27.057556,-0.107201464,1.0816035,1.637932
2022-10-04 22:00:00,123.346596,26.117126,-0.09263458,0.27171522,0.11362264
2022-10-04 23:00:00,36.55243,26.211365,-0.056886885,0.55745524,2.3235273
2022-10-05 00:00:00,3.4722223e-05,25.503326,-0.05192103,1.5917271,2.8640473
2022-10-05 01:00:00,3.4722223e-05,25.623749,-0.057027835,0.6941892,2.1773818
2022-10-05 02:00:00,3.4722223e-05,25.738708,-0.06373934,1.0742406,2.3349788
2022-10-05 03:00:00,3.4722223e-05,25.40689,-0.06351707,1.1510226,2.2399926
2022-10-05 04:00:00,3.4722223e-05,25.07663,-0.07224528,1.181174,1.1993746
2022-10-05 05:00:00,3.4722223e-05,25.394928,-0.07478242,1.1597872,0.69857484
2022-10-05 06:00:00,3.4722223e-05,25.312195,-0.07355722,1.819618,1.4809378
2022-10-05 07:00:00,3.4722223e-05,24.970612,-0.070347846,0.96310025,2.8979967
2022-10-05 08:00:00,3.4722223e-05,24.777527,-0.096597515,0.80077255,3.4995716
2022-10-05 09:00:00,3.4722223e-05,24.401062,-0.10031106,1.5247632,3.561111
2022-10-05 10:00:00,3.4722223e-05,24.494263,-0.10280483,2.0688949,3.9579923
2022-10-05 11:00:00,3.4722223e-05,24.77069,-0.11034037,0.93470144,3.895426
2022-10-05 12:00:00,14.216424,24.71112,-0.11926374,0.48312825,3.4299529
2022-10-05 13:00:00,90.740036,25.03244,-0.12972131,0.6373925,2.934225
2022-10-05 14:00:00,133.41774,25.45282,-0.13334271,0.561662,2.4389117
2022-10-05 15:00:00,184.5712,25.288025,-0.15520117,0.153563,2.702798
2022-10-05 16:00:00,442.874,25.796326,-0.2311474,0.20510145,2.743414
2022-10-05 17:00:00,588.3429,26.541718,-0.27539018,0.5777897,3.1521761
2022-10-05 18:00:00,464.71143,26.595123,-0.2500838,1.180823,3.6979117
2022-10-05 19:00:00,521.5486,26.928345,-0.22334623,0.062055886,3.7702284
2022-10-05 20:00:00,444.04208,27.67398,-0.18462768,0.040669926,2.6451795
2022-10-05 21:00:00,319.0288,27.435944,-0.1409704,0.030501746,2.3253584
2022-10-05 22:00:00,181.85042,26.541443,-0.09982858,0.018581748,1.8136896
2022-10-05 23:00:00,43.37573,26.537323,-0.061457,0.056096353,1.1812804
2022-10-06 00:00:00,3.4722223e-05,26.244568,-0.046781685,0.030501746,1.3548408
2022-10-06 01:00:00,3.4722223e-05,26.194763,-0.043697,0.010518357,1.683104
2022-10-06 02:00:00,3.4722223e-05,26.187653,-0.042569388,0.008063391,1.7051139
2022-10-06 03:00:00,3.4722223e-05,26.265808,-0.03939796,0.005609356,1.7356595
2022-10-06 04:00:00,3.4722223e-05,26.272675,-0.040612314,0.019633211,1.7257239
2022-10-06 05:00:00,3.4722223e-05,26.04071,-0.041897148,0.03996864,1.6338547
2022-10-06 06:00:00,3.4722223e-05,25.199402,-0.04385963,0.14549959,1.2504548
2022-10-06 07:00:00,3.4722223e-05,24.89444,-0.04511737,0.5630646,1.1859617
2022-10-06 08:00:00,3.4722223e-05,24.6232,-0.049470633,0.15496555,1.4329225
2022-10-06 09:00:00,3.4722223e-05,24.714722,-0.05110784,0.17389748,1.4988623
2022-10-06 10:00:00,3.4722223e-05,25.042877,-0.05002359,0.108686276,1.4263403
2022-10-06 11:00:00,3.4722223e-05,24.860535,-0.052322198,0.11008885,1.5085403
2022-10-06 12:00:00,62.378437,25.27362,-0.060112536,0.042071566,1.3340347
2022-10-06 13:00:00,239.27162,25.382294,-0.11969201,0.1321761,1.7386572
2022-10-06 14:00:00,456.2072,26.152771,-0.19740556,0.18055923,2.4189584
2022-10-06 15:00:00,524.6397,26.252655,-0.21506256,0.09816792,2.8312812
2022-10-06 16:00:00,620.9353,26.411285,-0.24425596,0.1493562,2.707951
2022-10-06 17:00:00,875.5913,27.034546,-0.31294313,0.040669926,1.9384305
2022-10-06 18:00:00,894.03845,27.636932,-0.31202152,0.06801635,2.478239
2022-10-06 19:00:00,723.02844,27.930115,-0.2720236,0.08975342,2.9906766
2022-10-06 20:00:00,635.0235,28.108612,-0.24571972,0.102024525,3.2512288
2022-10-06 21:00:00,300.7526,27.901733,-0.16264996,0.49504822,2.7840092
2022-10-06 22:00:00,165.15538,27.085846,-0.12375253,0.41090417,2.9687023
2022-10-06 23:00:00,40.85441,27.09024,-0.08711033,0.9564385,2.6487467
2022-10-07 00:00:00,3.4722223e-05,26.82611,-0.066103004,0.093610026,2.1440022
2022-10-07 01:00:00,3.4722223e-05,26.729675,-0.058052465,0.10763481,1.922412
2022-10-07 02:00:00,3.4722223e-05,26.429108,-0.05212704,0.030151568,1.9748816
2022-10-07 03:00:00,3.4722223e-05,26.408112,-0.038460072,0.0052591786,2.0373304
2022-10-07 04:00:00,3.4722223e-05,26.208649,-0.039950915,0.04662946,2.1185794
2022-10-07 05:00:00,3.4722223e-05,26.168854,-0.044304177,0.0070119277,2.1485262
2022-10-07 06:00:00,3.4722223e-05,25.962097,-0.04795809,0.021386892,2.2460418
2022-10-07 07:00:00,3.4722223e-05,25.556274,-0.06427063,0.3933739,1.9082897
2022-10-07 08:00:00,3.4722223e-05,25.239655,-0.07093876,0.70365614,2.3732564
2022-10-07 09:00:00,3.4722223e-05,25.305328,-0.07374154,0.1865197,2.473505
2022-10-07 10:00:00,3.4722223e-05,24.610474,-0.07105261,0.062406994,2.8421216
2022-10-07 11:00:00,3.4722223e-05,24.785797,-0.06302373,0.08449517,2.9802885
2022-10-07 12:00:00,59.914062,25.570953,-0.076885864,0.09185728,2.9709206
2022-10-07 13:00:00,171.60834,25.477936,-0.104062565,0.14795363,3.3925128
2022-10-07 14:00:00,305.86652,26.313416,-0.14886373,0.7292498,3.4422443
2022-10-07 15:00:00,358.2735,26.397827,-0.18804307,1.5468504,3.4872437
2022-10-07 16:00:00,363.4444,26.135895,-0.2041008,1.9679219,3.976334
2022-10-07 17:00:00,425.1391,26.822418,-0.20344482,1.3764584,3.9767563
2022-10-07 18:00:00,360.78064,26.807312,-0.18103883,0.4915418,4.3630185
2022-10-07 19:00:00,556.02124,26.778687,-0.23053479,0.235253,4.278439
2022-10-07 20:00:00,528.98444,27.066345,-0.21768102,0.45192426,3.6395833
2022-10-07 21:00:00,298.61588,26.98941,-0.14530198,0.59742385,3.334172
2022-10-07 22:00:00,133.90208,25.97403,-0.118016854,1.8953476,2.9301715
2022-10-07 23:00:00,19.016945,25.765503,-0.09012455,2.3325467,2.9237359
2022-10-08 00:00:00,3.4722223e-05,25.653961,-0.07317773,1.152425,2.9599442
2022-10-08 01:00:00,3.4722223e-05,25.633667,-0.06730111,1.2022098,2.9167993
2022-10-08 02:00:00,3.4722223e-05,25.332916,-0.06631986,0.7906044,3.0391028
2022-10-08 03:00:00,3.4722223e-05,25.15744,-0.07107971,0.5578054,3.094785
2022-10-08 04:00:00,3.4722223e-05,25.011871,-0.07478242,0.15671831,3.7841806
2022-10-08 05:00:00,3.4722223e-05,24.866852,-0.07992176,0.35130233,3.980426
2022-10-08 06:00:00,3.4722223e-05,24.774567,-0.08803194,0.3267601,4.767115
2022-10-08 07:00:00,3.4722223e-05,24.795105,-0.12064616,6.187753,5.340592
2022-10-08 08:00:00,3.4722223e-05,24.793884,-0.12852865,4.3783026,5.4971223
2022-10-08 09:00:00,3.4722223e-05,25.04535,-0.13139106,2.6617608,5.1339154
2022-10-08 10:00:00,3.4722223e-05,24.790192,-0.12262492,1.3736542,4.7649436
2022-10-08 11:00:00,3.4722223e-05,24.794586,-0.11851561,1.4286982,4.6654787
2022-10-08 12:00:00,10.05691,25.016022,-0.11803312,1.7596651,4.3903813
2022-10-08 13:00:00,50.669132,24.92984,-0.122006886,2.6126773,4.090108
2022-10-08 14:00:00,99.42941,25.413452,-0.14497128,3.5954108,4.544627
2022-10-08 15:00:00,162.3349,25.690857,-0.17647414,2.1022027,5.207739
2022-10-08 16:00:00,186.42303,26.071014,-0.2057597,0.72679573,5.972734
2022-10-08 17:00:00,159.21527,26.169647,-0.18426989,0.9813318,6.250077
2022-10-08 18:00:00,207.8901,26.108765,-0.19609904,1.1019381,5.810399
2022-10-08 19:00:00,281.32257,26.2919,-0.2207115,0.36672875,5.0616183
2022-10-08 20:00:00,243.06076,26.435242,-0.184194,0.2117632,4.3181114
2022-10-08 21:00:00,280.05478,26.677399,-0.18129905,0.15496555,3.928702
2022-10-08 22:00:00,134.95622,26.566833,-0.13396074,0.19738823,3.641321
2022-10-08 23:00:00,16.723541,26.234283,-0.09833773,1.2526969,3.423425
2022-10-09 00:00:00,3.4722223e-05,25.944,-0.0838359,0.75975156,3.198793
2022-10-09 01:00:00,3.4722223e-05,25.727478,-0.07747678,0.7285485,3.007304
2022-10-09 02:00:00,3.4722223e-05,25.388885,-0.08257817,1.2656692,2.8527055
2022-10-09 03:00:00,3.4722223e-05,25.187195,-0.09107326,1.4805868,2.9561906
2022-10-09 04:00:00,3.4722223e-05,25.285065,-0.09868469,0.48698485,3.1642923
2022-10-09 05:00:00,3.4722223e-05,24.926422,-0.09659209,0.5732318,3.437825
2022-10-09 06:00:00,3.4722223e-05,24.82611,-0.09602286,0.71031696,3.5353043
2022-10-09 07:00:00,3.4722223e-05,24.946716,-0.094786815,1.0651248,3.4735544
2022-10-09 08:00:00,3.4722223e-05,24.826385,-0.09126843,2.0026314,3.3311682
2022-10-09 09:00:00,3.4722223e-05,24.72818,-0.086730845,1.6593933,2.942155
2022-10-09 10:00:00,3.4722223e-05,24.593445,-0.081445135,1.1334922,2.8187394
2022-10-09 11:00:00,3.4722223e-05,25.049469,-0.09081305,0.20124483,2.8336334
2022-10-09 12:00:00,29.62941,25.590027,-0.111793265,0.17214474,2.7451897
2022-10-09 13:00:00,193.7734,26.00943,-0.14739457,0.28749275,2.8037953
2022-10-09 14:00:00,299.7555,26.617584,-0.166846,0.3222022,2.7874708
2022-10-09 15:00:00,372.26202,26.70816,-0.18141289,0.79235804,2.6120543
2022-10-09 16:00:00,469.51193,26.670563,-0.22606227,0.67315346,2.4974587
2022-10-09 17:00:00,682.27374,27.192993,-0.30484924,0.5560527,2.495957
2022-10-09 18:00:00,748.5696,27.021637,-0.32735825,0.42352545,3.1152315
2022-10-09 19:00:00,577.3174,27.411285,-0.27825803,1.6962066,3.573122
2022-10-09 20:00:00,363.27347,27.025757,-0.21410842,0.80743337,3.3700175
2022-10-09 21:00:00,164.144,26.699646,-0.13466549,0.52344704,3.2303524
2022-10-09 22:00:00,140.72539,26.01944,-0.11821744,0.22122917,2.5131383
2022-10-09 23:00:00,26.324583,25.69455,-0.07313978,0.47015584,2.0159976
2022-10-10 00:00:00,3.4722223e-05,25.72406,-0.056241754,0.7068114,1.6727641
2022-10-10 01:00:00,3.4722223e-05,25.86618,-0.05569421,0.36181974,1.5486469
2022-10-10 02:00:00,3.4722223e-05,25.669342,-0.052907694,0.4435098,1.4585534
2022-10-10 03:00:00,3.4722223e-05,25.769714,-0.05462623,0.4259795,1.6463935
2022-10-10 04:00:00,3.4722223e-05,25.588776,-0.055471946,0.4757652,2.043814
2022-10-10 05:00:00,3.4722223e-05,25.52362,-0.06210213,0.95924366,2.1149821
2022-10-10 06:00:00,3.4722223e-05,25.416443,-0.06544703,0.54974204,2.0705595
2022-10-10 07:00:00,3.4722223e-05,25.172546,-0.072386235,1.1015879,1.9571681
2022-10-10 08:00:00,3.4722223e-05,24.870544,-0.07063517,1.2604101,1.9772023
2022-10-10 09:00:00,3.4722223e-05,24.907349,-0.07300425,1.7014658,1.8480955
2022-10-10 10:00:00,3.4722223e-05,25.237,-0.070575535,1.7218003,1.3099357
2022-10-10 11:00:00,3.4722223e-05,25.32608,-0.0636255,1.7610676,1.1134822
2022-10-10 12:00:00,13.019861,25.137146,-0.062085863,2.0471578,1.4666857
2022-10-10 13:00:00,41.139305,24.857391,-0.06262799,2.321328,2.324845
2022-10-10 14:00:00,70.027954,25.210388,-0.0753137,2.2133431,3.0198798
2022-10-10 15:00:00,138.93053,25.353638,-0.10645334,2.6873555,3.2892187
2022-10-10 16:00:00,178.1325,25.45404,-0.13458417,3.0046487,3.1356535
2022-10-10 17:00:00,221.55095,25.715973,-0.1709011,2.8339067,2.7358809
2022-10-10 18:00:00,175.04135,25.549255,-0.17606755,2.2014222,2.4973793
2022-10-10 19:00:00,281.6217,25.942596,-0.13171634,0.21281466,2.0832663
2022-10-10 20:00:00,301.4364,26.40863,-0.13697493,0.107283704,2.3041027
2022-10-10 21:00:00,260.1119,26.470123,-0.12960748,0.07678103,1.7756113
2022-10-10 22:00:00,130.83945,26.65149,-0.08667121,0.061004423,1.4881114
2022-10-10 23:00:00,34.358715,26.662292,-0.062248494,0.07432699,1.0432593
2022-10-11 00:00:00,3.4722223e-05,26.354889,-0.05329802,0.1321761,1.439037
2022-10-11 01:00:00,3.4722223e-05,26.44403,-0.049508568,0.08098874,1.9014477
2022-10-11 02:00:00,3.4722223e-05,26.323425,-0.03972865,0.22122917,1.7671708
2022-10-11 03:00:00,3.4722223e-05,26.102448,-0.03435077,0.2769744,1.4388099
2022-10-11 04:00:00,3.4722223e-05,25.877838,-0.034578465,0.2769744,1.209077
2022-10-11 05:00:00,3.4722223e-05,25.631287,-0.03655722,0.082040206,1.0429094
2022-10-11 06:00:00,3.4722223e-05,25.490662,-0.041561026,0.33657625,0.96179044
2022-10-11 07:00:00,3.4722223e-05,25.507446,-0.043908425,0.055745244,1.0401601
2022-10-11 08:00:00,3.4722223e-05,25.505524,-0.046353407,0.30291918,1.2839917
2022-10-11 09:00:00,3.4722223e-05,25.460358,-0.050413918,0.7856963,1.6269548
2022-10-11 10:00:00,3.4722223e-05,25.299988,-0.057228435,1.1359463,2.086118
2022-10-11 11:00:00,3.4722223e-05,25.025055,-0.056892313,1.3161553,2.258362
2022-10-11 12:00:00,24.358786,24.628143,-0.06395078,1.6439669,2.2690954
2022-10-11 13:00:00,115.55465,24.738983,-0.09325802,0.5504433,1.8793
2022-10-11 14:00:00,299.99765,25.987732,-0.14695546,0.030501746,2.4951415
2022-10-11 15:00:00,528.50006,26.450623,-0.21952967,0.16127619,2.5847607
2022-10-11 16:00:00,358.33047,26.587555,-0.16331677,0.06591249,2.1799726
2022-10-11 17:00:00,445.33835,27.091461,-0.18649802,0.07432699,1.9506878
2022-10-11 18:00:00,551.007,27.187653,-0.21914476,0.1521604,2.2484941
2022-10-11 19:00:00,371.9771,27.278992,-0.1796835,0.41300803,2.7193794
2022-10-11 20:00:00,336.94888,27.520203,-0.16301319,0.18020906,2.746324
2022-10-11 21:00:00,289.1715,27.601532,-0.14039575,0.36322233,2.9214685
2022-10-11 22:00:00,110.79684,26.506317,-0.08767414,1.0146387,1.6132331
2022-10-11 23:00:00,22.193577,26.911316,-0.058659643,0.2489267,1.6276557
2022-10-12 00:00:00,3.4722223e-05,26.483826,-0.04159355,0.0038566068,1.6175745
2022-10-12 01:00:00,3.4722223e-05,26.82489,-0.033499643,0.05679764,1.5240228
2022-10-12 02:00:00,3.4722223e-05,26.40152,-0.029325282,0.16863924,1.3837844
2022-10-12 03:00:00,3.4722223e-05,26.115631,-0.030648066,0.23840833,1.5979879
2022-10-12 04:00:00,3.4722223e-05,26.17569,-0.033597216,0.12341142,2.156274
2022-10-12 05:00:00,3.4722223e-05,26.031372,-0.033494215,0.68191814,1.8296825
2022-10-12 06:00:00,3.4722223e-05,26.07486,-0.041935097,0.84319526,1.4510084
2022-10-12 07:00:00,3.4722223e-05,25.55243,-0.061120883,1.6232812,1.193167
2022-10-12 08:00:00,3.4722223e-05,25.283112,-0.056176707,1.6660551,1.464877
2022-10-12 09:00:00,3.4722223e-05,25.161285,-0.05534725,0.92523545,1.7004573
2022-10-12 10:00:00,3.4722223e-05,24.950562,-0.059055384,0.3320193,2.2590132
2022-10-12 11:00:00,3.4722223e-05,25.156464,-0.05844279,0.9392593,2.3319635
2022-10-12 12:00:00,27.791805,24.45694,-0.06017217,1.3445542,2.759615
2022-10-12 13:00:00,106.29545,24.772614,-0.07756894,0.71031696,3.005198
2022-10-12 14:00:00,208.6878,25.603882,-0.1041222,0.6994484,3.5809088
2022-10-12 15:00:00,309.52747,25.392029,-0.12748234,0.7772818,3.4625916
2022-10-12 16:00:00,403.55804,25.38684,-0.15541802,1.3883793,3.3590162
2022-10-12 17:00:00,290.02618,26.010223,-0.15065275,3.1918697,3.710842
2022-10-12 18:00:00,199.18646,25.378082,-0.121779196,4.5367746,3.5267327
2022-10-12 19:00:00,161.29503,25.47821,-0.10359634,2.575864,3.6161294
2022-10-12 20:00:00,177.19234,25.229462,-0.102013335,0.883163,3.9132383
2022-10-12 21:00:00,121.02469,25.42154,-0.092499055,1.3988968,4.343758
2022-10-12 22:00:00,58.1192,24.728424,-0.08118491,2.4300144,3.4439867
2022-10-12 23:00:00,7.6068053,24.92862,-0.0666126,3.055486,3.4866254
2022-10-13 00:00:00,3.4722223e-05,24.998016,-0.06369054,5.2842555,2.6672041
2022-10-13 01:00:00,3.4722223e-05,25.11203,-0.06337612,5.9777436,1.9305663
2022-10-13 02:00:00,3.4722223e-05,25.240875,-0.06487238,5.163999,1.8459576
2022-10-13 03:00:00,3.4722223e-05,24.849304,-0.055124983,5.069337,2.2001872
2022-10-13 04:00:00,3.4722223e-05,24.423737,-0.05738564,4.5094275,2.7323265
2022-10-13 05:00:00,3.4722223e-05,24.69577,-0.061386526,2.6130276,3.5254033
2022-10-13 06:00:00,3.4722223e-05,24.413727,-0.065875314,2.0646882,3.8777277
2022-10-13 07:00:00,3.4722223e-05,24.671783,-0.087820515,1.8995553,3.9593248
2022-10-13 08:00:00,3.4722223e-05,24.48233,-0.087262124,1.8090997,3.819248
2022-10-13 09:00:00,3.4722223e-05,24.481628,-0.08500689,1.545799,3.7348204
2022-10-13 10:00:00,3.4722223e-05,24.427704,-0.08478462,1.7256569,2.604348
2022-10-13 11:00:00,3.4722223e-05,24.59784,-0.07926579,1.6064532,3.0499659
2022-10-13 12:00:00,10.95434,24.671356,-0.07646843,1.7032186,3.714576
2022-10-13 13:00:00,34.914272,24.852997,-0.07437041,2.513457,4.068194
2022-10-13 14:00:00,79.58629,25.43155,-0.074175246,3.8800988,4.5742984
2022-10-13 15:00:00,119.79962,25.520721,-0.08604777,5.4560494,5.1787853
2022-10-13 16:00:00,161.66537,25.445953,-0.108957954,5.9609146,5.40041
2022-10-13 17:00:00,196.9785,25.68454,-0.14340454,6.830755,5.0423145
2022-10-13 18:00:00,179.98434,25.609528,-0.14232029,8.438962,4.4458113
2022-10-13 19:00:00,197.49132,25.895142,-0.15887678,1.2127283,4.030012
2022-10-13 20:00:00,184.94156,25.808014,-0.1441581,1.9121766,3.7363675
2022-10-13 21:00:00,153.24667,25.803375,-0.13076761,2.32834,3.3458476
2022-10-13 22:00:00,47.193367,25.727905,-0.10032191,2.6393225,2.9130652
2022-10-13 23:00:00,13.717847,25.985016,-0.095057875,1.8536263,2.979726
2022-10-14 00:00:00,3.4722223e-05,26.053864,-0.09976352,1.8981527,3.0608213
2022-10-14 01:00:00,3.4722223e-05,25.89154,-0.10089655,2.1972153,3.1087918
2022-10-14 02:00:00,3.4722223e-05,25.68988,-0.09407663,1.6302933,2.467911
2022-10-14 03:00:00,3.4722223e-05,25.540222,-0.094678394,1.6022455,2.4313967
2022-10-14 04:00:00,3.4722223e-05,25.486969,-0.10296748,1.0279613,2.6031158
2022-10-14 05:00:00,3.4722223e-05,25.177643,-0.10444748,0.6833207,2.6820056
2022-10-14 06:00:00,3.4722223e-05,25.030426,-0.10785201,0.7022535,2.8241289
2022-10-14 07:00:00,3.4722223e-05,25.010925,-0.077541836,0.36111847,2.9970515
2022-10-14 08:00:00,3.4722223e-05,24.817322,-0.079797074,0.5367696,3.1366644
2022-10-14 09:00:00,3.4722223e-05,24.81778,-0.07958565,0.8000713,2.9406812
2022-10-14 10:00:00,3.4722223e-05,24.76532,-0.073297,0.54027605,2.7889955
2022-10-14 11:00:00,3.4722223e-05,24.72528,-0.06648249,1.073189,3.0258052
2022-10-14 12:00:00,32.84875,24.938354,-0.07554139,0.70961565,2.9984152
2022-10-14 13:00:00,130.54028,25.16745,-0.10920191,0.13112463,2.811545
2022-10-14 14:00:00,247.51941,26.185455,-0.1501594,0.2611978,2.5570762
2022-10-14 15:00:00,377.17648,26.439117,-0.1897833,0.07678103,2.5793188
2022-10-14 16:00:00,455.96503,27.020142,-0.21653171,0.055395067,2.95916
2022-10-14 17:00:00,592.03235,27.79361,-0.24885859,0.18686987,2.8889859
2022-10-14 18:00:00,606.4054,27.851501,-0.26504102,0.17775409,3.2615242
2022-10-14 19:00:00,636.81836,27.939178,-0.26782754,0.2724165,3.6298141
2022-10-14 20:00:00,545.1239,27.470123,-0.24249406,0.16057491,3.6316447
2022-10-14 21:00:00,338.7865,26.850983,-0.17211004,0.009115785,3.1270304
2022-10-14 22:00:00,219.04385,26.472046,-0.13112,0.0038566068,2.8628721
2022-10-14 23:00:00,40.498264,26.570251,-0.08025788,0.002454035,2.0168161
2022-10-15 00:00:00,3.4722223e-05,26.352936,-0.06436279,0.0003501773,2.3132389
2022-10-15 01:00:00,3.4722223e-05,26.376831,-0.06013963,0.0003501773,2.882358
2022-10-15 02:00:00,3.4722223e-05,26.150574,-0.055764686,0.0010514632,2.6330576
2022-10-15 03:00:00,3.4722223e-05,25.950836,-0.050755464,0.023489818,2.325287
2022-10-15 04:00:00,3.4722223e-05,25.405487,-0.045919716,0.083793886,2.359166
2022-10-15 05:00:00,3.4722223e-05,25.410309,-0.04887971,0.043474138,2.4031742
2022-10-15 06:00:00,3.4722223e-05,25.456665,-0.054550327,0.015426427,2.4362683
2022-10-15 07:00:00,3.4722223e-05,25.108582,-0.05717964,0.09010453,2.6198993
2022-10-15 08:00:00,3.4722223e-05,24.92273,-0.064579636,0.26400203,2.815082
2022-10-15 09:00:00,3.4722223e-05,25.061157,-0.065593414,0.25173092,2.738613
2022-10-15 10:00:00,3.4722223e-05,25.377625,-0.0612022,0.41440967,2.814113
2022-10-15 11:00:00,3.4722223e-05,25.158844,-0.058480743,0.53852236,2.549356
2022-10-15 12:00:00,37.606564,24.968933,-0.058448203,1.1327909,2.420356
2022-10-15 13:00:00,102.435104,24.838043,-0.0658482,0.8817613,2.2605531
2022-10-15 14:00:00,227.49107,25.618835,-0.098240145,0.1658341,2.6298335
2022-10-15 15:00:00,528.6425,26.496033,-0.18527824,0.07923599,2.7119896
2022-10-15 16:00:00,529.0699,26.791168,-0.18418315,0.32535756,3.0526524
2022-10-15 17:00:00,371.8774,26.31781,-0.15053889,0.7818397,3.514469
2022-10-15 18:00:00,224.78455,25.670563,-0.13381436,1.9188384,3.7436812
2022-10-15 19:00:00,219.32875,26.075562,-0.123926,0.20510145,4.047744
2022-10-15 20:00:00,232.97536,25.870728,-0.13762008,0.14409703,4.063457
2022-10-15 21:00:00,295.56747,25.876343,-0.15947855,0.29625744,3.8102665
2022-10-15 22:00:00,92.976494,25.849304,-0.1054233,0.3604172,2.7982566
2022-10-15 23:00:00,15.897326,25.780182,-0.08490388,0.3565606,1.9607888
2022-10-16 00:00:00,3.4722223e-05,25.829987,-0.066260226,0.23455173,1.5434446
2022-10-16 01:00:00,3.4722223e-05,25.816528,-0.06386404,0.22157934,1.661335
2022-10-16 02:00:00,3.4722223e-05,25.465027,-0.06203707,0.30291918,1.9084793
2022-10-16 03:00:00,3.4722223e-05,25.295319,-0.06304543,0.08975342,2.2754624
2022-10-16 04:00:00,3.4722223e-05,25.317535,-0.06724689,0.34288782,2.2998888
2022-10-16 05:00:00,3.4722223e-05,25.138367,-0.07234828,0.30817837,2.4284961
2022-10-16 06:00:00,3.4722223e-05,25.140045,-0.071751945,0.43790042,2.343662
2022-10-16 07:00:00,3.4722223e-05,25.079529,-0.058784325,0.93750656,2.5763946
2022-10-16 08:00:00,3.4722223e-05,24.984314,-0.050722927,0.81865305,2.51374
2022-10-16 09:00:00,3.4722223e-05,24.727905,-0.047584035,0.6538704,2.4693167
2022-10-16 10:00:00,3.4722223e-05,24.894012,-0.04475414,0.5216943,2.0166874
2022-10-16 11:00:00,3.4722223e-05,24.97113,-0.047562353,0.35901552,1.800832
2022-10-16 12:00:00,22.136597,25.051422,-0.051980663,0.34674442,1.9480096
2022-10-16 13:00:00,71.4667,24.976227,-0.06402667,0.38320664,1.934068
2022-10-16 14:00:00,126.708405,25.758911,-0.078620665,0.26750845,2.0948236
2022-10-16 15:00:00,239.99811,25.783173,-0.11158183,0.4010871,2.2821906
2022-10-16 16:00:00,283.2741,25.920105,-0.11697597,0.40915143,2.560225
2022-10-16 17:00:00,421.26447,26.660278,-0.14124689,0.24331734,2.5902321
2022-10-16 18:00:00,466.5063,26.787994,-0.15489759,0.2769744,2.3907993
2022-10-16 19:00:00,590.5366,27.037018,-0.20735897,0.08975342,2.7323356
2022-10-16 20:00:00,331.3934,27.152252,-0.14062886,0.035760924,2.930799
2022-10-16 21:00:00,190.81047,26.915192,-0.10977113,0.17039198,2.8925886
2022-10-16 22:00:00,102.164444,26.429626,-0.07754726,0.13077445,3.3795211
2022-10-16 23:00:00,21.210659,26.256073,-0.048798393,0.13778639,3.0322752
2022-10-17 00:00:00,3.4722223e-05,26.106384,-0.038823303,0.25138074,2.8470075
2022-10-17 01:00:00,3.4722223e-05,25.98941,-0.036226526,0.1405906,2.3532753
2022-10-17 02:00:00,3.4722223e-05,25.675201,-0.030957075,0.2029976,1.8625455
2022-10-17 03:00:00,3.4722223e-05,25.511414,-0.028658468,0.22263172,1.8775401
2022-10-17 04:00:00,3.4722223e-05,25.662994,-0.032605138,0.16548392,1.9292088
2022-10-17 05:00:00,3.4722223e-05,25.317535,-0.036372904,0.43158978,2.2363286
2022-10-17 06:00:00,3.4722223e-05,25.143036,-0.03810227,0.57042766,2.5429552
2022-10-17 07:00:00,3.4722223e-05,24.829987,-0.042016413,0.99465436,2.3764195
2022-10-17 08:00:00,3.4722223e-05,24.91983,-0.04435297,1.3375422,2.785897
2022-10-17 09:00:00,3.4722223e-05,24.734314,-0.04940557,1.4897026,3.0950766
2022-10-17 10:00:00,3.4722223e-05,24.734314,-0.053552825,0.7639592,3.862791
2022-10-17 11:00:00,3.4722223e-05,24.851746,-0.05160118,0.2117632,3.2991822
2022-10-17 12:00:00,14.686493,24.693054,-0.05382931,1.0647746,2.8243003
2022-10-17 13:00:00,73.44674,24.827087,-0.057412747,2.5376482,2.9766746
2022-10-17 14:00:00,119.79962,25.36148,-0.07119898,3.0039475,3.117127
2022-10-17 15:00:00,181.6225,25.58194,-0.10030565,6.108167,3.4734645
2022-10-17 16:00:00,183.93018,25.713074,-0.09671678,10.929279,3.6365263
2022-10-17 17:00:00,89.38677,25.366394,-0.073931284,16.525219,3.5428517
2022-10-17 18:00:00,109.75698,25.36612,-0.08481715,16.343956,3.4401577
2022-10-17 19:00:00,134.05879,25.621979,-0.0897559,0.9743199,3.3400187
2022-10-17 20:00:00,114.74271,25.701569,-0.08544059,0.36848152,3.2438817
2022-10-17 21:00:00,113.58885,25.766296,-0.08405817,0.13498124,2.9926984
2022-10-17 22:00:00,75.64045,25.190613,-0.072613925,0.11149142,3.2145133
2022-10-17 23:00:00,23.917223,24.848328,-0.044938467,0.15145913,2.3802528
2022-10-18 00:00:00,3.4722223e-05,24.68576,-0.031065501,0.35726187,2.0794747
2022-10-18 01:00:00,3.4722223e-05,24.800995,-0.03700718,0.20930824,1.9060435
2022-10-18 02:00:00,3.4722223e-05,24.674957,-0.03909979,0.1994921,1.6692936
2022-10-18 03:00:00,3.4722223e-05,24.506744,-0.034063444,0.24086237,1.6342947
2022-10-18 04:00:00,3.4722223e-05,24.47821,-0.032073848,0.14129189,1.7312819
2022-10-18 05:00:00,3.4722223e-05,24.56488,-0.03315268,0.6584283,1.5014092
2022-10-18 06:00:00,3.4722223e-05,24.287231,-0.038432974,0.35796314,1.8934358
2022-10-18 07:00:00,3.4722223e-05,24.370056,-0.034361612,0.94171333,2.3247457
2022-10-18 08:00:00,3.4722223e-05,24.501373,-0.036150623,1.281796,2.1164324
2022-10-18 09:00:00,3.4722223e-05,24.525818,-0.03530491,0.7565962,1.7860222
2022-10-18 10:00:00,3.4722223e-05,24.207214,-0.03468146,0.9778254,3.6646051
2022-10-18 11:00:00,3.4722223e-05,24.030243,-0.033120144,1.7614188,3.2637026
2022-10-18 12:00:00,12.421562,24.141785,-0.037088495,0.80252534,3.2845578
2022-10-18 13:00:00,47.364307,24.598267,-0.044564396,1.1177156,3.4601908
2022-10-18 14:00:00,85.88254,24.95987,-0.060405277,1.6145166,3.8085048
2022-10-18 15:00:00,120.996216,25.131256,-0.06337612,1.6488758,4.5767403
2022-10-18 16:00:00,163.77365,25.633484,-0.06935033,2.0990465,4.8227725
2022-10-18 17:00:00,188.65948,25.966217,-0.09594696,2.577617,4.553658
2022-10-18 18:00:00,179.9416,26.206177,-0.09323092,2.6515937,4.233754
2022-10-18 19:00:00,117.22132,26.2948,-0.11212395,4.753095,3.5958114
2022-10-18 20:00:00,61.238853,26.129333,-0.08282212,4.2415686,2.934199
2022-10-18 21:00:00,58.34712,25.66275,-0.077552676,3.567363,2.7348685
2022-10-18 22:00:00,24.743402,25.03656,-0.058356047,2.7634354,3.0250509
2022-10-18 23:00:00,6.8803124,24.868103,-0.050310917,2.2645304,2.1608534
2022-10-19 00:00:00,3.4722223e-05,24.905426,-0.03912147,1.4949617,1.6813293
2022-10-19 01:00:00,3.4722223e-05,24.964813,-0.03391708,1.2053652,1.6951238
2022-10-19 02:00:00,3.4722223e-05,24.957703,-0.036334954,1.3094935,1.9378611
2022-10-19 03:00:00,3.4722223e-05,24.894196,-0.041734513,1.7940243,1.9718431
2022-10-19 04:00:00,3.4722223e-05,24.60907,-0.04600645,2.5043414,2.1139643
2022-10-19 05:00:00,3.4722223e-05,24.501373,-0.044569824,2.0022812,2.264543
2022-10-19 06:00:00,3.4722223e-05,24.83078,-0.043631937,1.7771953,2.6729708
2022-10-19 07:00:00,3.4722223e-05,24.586578,-0.060448643,1.5612254,3.0093927
2022-10-19 08:00:00,3.4722223e-05,24.300934,-0.065474145,1.4160769,3.2836466
2022-10-19 09:00:00,3.4722223e-05,24.3815,-0.06902506,1.5622768,3.185487
2022-10-19 10:00:00,3.4722223e-05,24.272125,-0.06811971,2.141119,2.5277247
2022-10-19 11:00:00,3.4722223e-05,24.336884,-0.066650555,2.5173137,2.3315694
2022-10-19 12:00:00,4.72934,24.309723,-0.06711678,3.1824038,2.598128
2022-10-19 13:00:00,14.857466,24.400543,-0.069735244,3.7426636,2.7449327
2022-10-19 14:00:00,23.13375,25.075378,-0.07467942,4.416518,2.5535092
2022-10-19 15:00:00,53.888474,25.012573,-0.08230169,5.858539,2.873364
2022-10-19 16:00:00,85.08482,25.078033,-0.08902404,7.889219,3.1883466
2022-10-19 17:00:00,31.780382,24.86441,-0.074018024,9.076003,3.1672637
2022-10-19 18:00:00,34.985485,24.89444,-0.080984324,9.672025,3.3939357
2022-10-19 19:00:00,403.28738,25.471344,-0.18268147,1.9244478,3.6998255
2022-10-19 20:00:00,259.34268,25.750397,-0.14214139,2.177231,3.917375
2022-10-19 21:00:00,190.93866,25.919403,-0.126989,1.2709274,3.7448087
2022-10-19 22:00:00,84.65746,25.284088,-0.08638931,1.5061805,4.7848363
2022-10-19 23:00:00,23.0625,25.1315,-0.06655839,1.1653966,3.7353594
2022-10-20 00:00:00,3.4722223e-05,25.049225,-0.0522951,0.8954341,3.3405876
2022-10-20 01:00:00,3.4722223e-05,25.133453,-0.0511729,0.5918145,2.9557176
2022-10-20 02:00:00,3.4722223e-05,24.76892,-0.04824542,0.49960613,2.4681032
2022-10-20 03:00:00,3.4722223e-05,24.643677,-0.0463263,0.77517796,2.2225728
2022-10-20 04:00:00,3.4722223e-05,24.387909,-0.048391797,1.1773175,2.3645756
2022-10-20 05:00:00,3.4722223e-05,24.165405,-0.05240894,1.1604885,2.2101922
2022-10-20 06:00:00,3.4722223e-05,24.294617,-0.048267115,0.753792,2.1053402
2022-10-20 07:00:00,3.4722223e-05,24.06784,-0.044927627,0.854414,2.2729099
2022-10-20 08:00:00,3.4722223e-05,23.912018,-0.044992674,1.2274534,2.1592004
2022-10-20 09:00:00,3.4722223e-05,24.16156,-0.041430917,0.8467007,2.055523
2022-10-20 10:00:00,3.4722223e-05,23.872498,-0.039961755,0.70085096,1.9179419
2022-10-20 11:00:00,3.4722223e-05,23.835327,-0.035413336,0.5921647,1.5159574
2022-10-20 12:00:00,34.18778,24.1156,-0.043263294,0.561662,1.2393163
2022-10-20 13:00:00,110.69715,24.42331,-0.05872469,0.55465007,1.3165576
2022-10-20 14:00:00,310.52463,25.197906,-0.114357516,0.32991543,1.4099616
2022-10-20 15:00:00,389.0995,26.077759,-0.13632981,0.1360327,1.4539533
2022-10-20 16:00:00,362.34756,25.99942,-0.11345759,0.16057491,1.6580008
2022-10-20 17:00:00,516.5486,26.403442,-0.17999253,0.15251152,2.006482
2022-10-20 18:00:00,469.72562,26.120026,-0.16405407,0.14024042,2.689418
2022-10-20 19:00:00,308.0175,26.460358,-0.14953597,0.38846582,3.4087071
2022-10-20 20:00:00,368.27344,26.085144,-0.16673757,0.098869205,3.0862055
2022-10-20 21:00:00,213.40288,26.170776,-0.119269155,0.037163496,2.5535934
2022-10-20 22:00:00,89.79986,25.38272,-0.07316147,0.009465963,2.3160684
2022-10-20 23:00:00,19.900139,25.309723,-0.054534074,0.034358352,3.0019827
2022-10-21 00:00:00,3.4722223e-05,25.01944,-0.045209527,0.027697533,2.8559856
2022-10-21 01:00:00,3.4722223e-05,25.02066,-0.042645276,0.05995296,3.142341
2022-10-21 02:00:00,3.4722223e-05,24.950134,-0.044385497,0.056096353,3.1906698
2022-10-21 03:00:00,3.4722223e-05,25.028748,-0.044727042,0.09781774,2.9277678
2022-10-21 04:00:00,3.4722223e-05,24.810486,-0.048164103,0.33657625,2.920219
2022-10-21 05:00:00,3.4722223e-05,24.385895,-0.047968946,0.22228062,2.9400558
2022-10-21 06:00:00,3.4722223e-05,24.35199,-0.049481474,0.18757117,2.915733
2022-10-21 07:00:00,3.4722223e-05,24.50772,-0.04528543,0.05329121,3.3145268
2022-10-21 08:00:00,3.4722223e-05,24.161804,-0.042748287,0.08484535,3.6312673
2022-10-21 09:00:00,3.4722223e-05,24.202301,-0.048164103,0.13077445,3.9215984
2022-10-21 10:00:00,3.4722223e-05,24.461609,-0.049107403,0.2068542,3.0061452
2022-10-21 11:00:00,3.4722223e-05,24.284882,-0.051129524,0.2724165,3.1682115
2022-10-21 12:00:00,34.60087,24.173767,-0.06459589,0.5139811,3.1244032
2022-10-21 13:00:00,79.913925,23.968414,-0.079732016,0.46629924,3.0862305
2022-10-21 14:00:00,129.44344,24.196686,-0.08905656,0.45332685,3.1226988
2022-10-21 15:00:00,235.21182,24.462128,-0.107759856,0.38636196,2.8795905
2022-10-21 16:00:00,262.78995,24.590271,-0.10591121,0.42878464,2.5876932
2022-10-21 17:00:00,231.67908,24.70816,-0.106605135,0.3811028,2.4231567
2022-10-21 18:00:00,229.30019,25.086365,-0.10941876,0.4596375,2.700768
2022-10-21 19:00:00,303.64432,25.378845,-0.12744439,0.5378211,2.922411
2022-10-21 20:00:00,187.24924,25.918335,-0.086600736,0.3975816,3.0272188
2022-10-21 21:00:00,164.64256,25.829529,-0.07761231,0.1325272,3.1534593
2022-10-21 22:00:00,106.21,25.174042,-0.059738465,0.28889534,2.5582287
2022-10-21 23:00:00,17.820381,25.226013,-0.038872093,0.4466651,2.1947708
2022-10-22 00:00:00,3.4722223e-05,25.15567,-0.029075906,0.1493562,2.0981793
2022-10-22 01:00:00,3.4722223e-05,25.092957,-0.025633417,0.14444721,2.2769914
2022-10-22 02:00:00,3.4722223e-05,25.175262,-0.022673411,0.1987908,1.9518775
2022-10-22 03:00:00,3.4722223e-05,25.31903,-0.023426969,0.2650544,2.154672
2022-10-22 04:00:00,3.4722223e-05,25.232788,-0.027915753,0.6703483,1.8301319
2022-10-22 05:00:00,3.4722223e-05,25.166382,-0.03421525,0.8126926,1.908416
2022-10-22 06:00:00,3.4722223e-05,24.82779,-0.037852895,0.7138234,1.8220928
2022-10-22 07:00:00,3.4722223e-05,24.720886,-0.031087184,1.2968723,1.7105268
2022-10-22 08:00:00,3.4722223e-05,24.122467,-0.03989128,1.3694465,1.9123632
2022-10-22 09:00:00,3.4722223e-05,24.1828,-0.041078545,1.3084421,1.8771328
2022-10-22 10:00:00,3.4722223e-05,24.30191,-0.03722946,1.0710852,1.659885
2022-10-22 11:00:00,3.4722223e-05,24.427856,-0.031293195,0.9704633,1.8039122
2022-10-22 12:00:00,33.760418,24.7482,-0.039961755,0.76290685,2.1709626
2022-10-22 13:00:00,73.888336,24.917358,-0.061457,0.48452988,2.8159227
2022-10-22 14:00:00,125.24118,25.15866,-0.075405866,0.6990982,3.619962
2022-10-22 15:00:00,188.58826,25.355682,-0.09847868,0.4719086,4.312238
2022-10-22 16:00:00,305.06882,26.002838,-0.13373303,0.5444828,4.2917686
2022-10-22 17:00:00,231.46542,26.098572,-0.12525962,1.195549,3.9602323
2022-10-22 18:00:00,299.9406,26.222351,-0.13863927,0.6882297,4.1007233
2022-10-22 19:00:00,279.41376,26.250885,-0.12773173,0.88246167,3.9724212
2022-10-22 20:00:00,249.99802,25.927124,-0.12689142,0.3267601,3.4694912
2022-10-22 21:00:00,172.81917,25.592926,-0.09810462,0.20159501,3.022408
2022-10-22 22:00:00,53.389896,24.95935,-0.05648029,0.24191476,2.307894
2022-10-22 23:00:00,13.019861,24.773834,-0.036909595,0.19773841,2.2871826
2022-10-23 00:00:00,3.4722223e-05,24.928162,-0.030658906,0.15882216,2.0945077
2022-10-23 01:00:00,3.4722223e-05,24.943298,-0.030924551,0.12165867,1.8614852
2022-10-23 02:00:00,3.4722223e-05,24.888824,-0.03276234,0.070470385,1.7983732
2022-10-23 03:00:00,3.4722223e-05,24.79898,-0.034177296,0.11920463,1.7994031
2022-10-23 04:00:00,3.4722223e-05,24.82611,-0.035787407,0.030151568,1.527778
2022-10-23 05:00:00,3.4722223e-05,24.698914,-0.037560154,0.09641517,1.5907397
2022-10-23 06:00:00,3.4722223e-05,24.54187,-0.036486745,0.1276182,1.6957963
2022-10-23 07:00:00,3.4722223e-05,24.535828,-0.038535975,0.07152278,2.0693636
2022-10-23 08:00:00,3.4722223e-05,24.441559,-0.04270491,0.022088178,1.7773925
2022-10-23 09:00:00,3.4722223e-05,24.299438,-0.042119414,0.03330689,1.8386999
2022-10-23 10:00:00,3.4722223e-05,24.730103,-0.04489509,0.06906781,1.8774779
2022-10-23 11:00:00,0.014270834,24.664948,-0.043631937,0.051888637,1.9424075
2022-10-23 12:00:00,55.93976,25.131775,-0.057965722,0.08519553,1.76367
2022-10-23 13:00:00,178.43166,25.390106,-0.09783898,0.1156982,2.0447452
2022-10-23 14:00:00,309.8266,26.183502,-0.14818609,0.12551528,2.2365093
2022-10-23 15:00:00,367.80338,26.486298,-0.16633098,0.075729564,2.120572
2022-10-23 16:00:00,602.7018,26.832428,-0.24345905,0.18792227,1.9116732
2022-10-23 17:00:00,726.04834,26.982819,-0.26912323,0.04522782,2.2794025
2022-10-23 18:00:00,729.2819,27.611969,-0.2617666,0.052589923,2.6568844
2022-10-23 19:00:00,655.3937,27.534607,-0.23779926,0.08765049,2.8394647
2022-10-23 20:00:00,426.13623,27.212067,-0.16882476,0.05819928,2.9634578
2022-10-23 21:00:00,283.18866,27.413727,-0.12825759,0.047681853,3.0094726
2022-10-23 22:00:00,134.34367,26.647888,-0.0872567,0.07993728,3.2220383
2022-10-23 23:00:00,26.452812,26.68155,-0.05774887,0.063809566,2.8832412
2022-10-24 00:00:00,3.4722223e-05,26.49945,-0.04335004,0.0915071,2.3019483
2022-10-24 01:00:00,3.4722223e-05,26.51184,-0.039761174,0.049084425,2.1104414
2022-10-24 02:00:00,3.4722223e-05,26.396698,-0.03482784,0.07432699,1.9734883
2022-10-24 03:00:00,3.4722223e-05,26.463257,-0.031856995,0.06801635,1.9361196
2022-10-24 04:00:00,3.4722223e-05,26.233063,-0.034410406,0.20264742,1.7494996
2022-10-24 05:00:00,3.4722223e-05,25.970337,-0.034692317,0.42773318,1.8556731
2022-10-24 06:00:00,3.4722223e-05,25.64914,-0.03661144,0.14409703,1.8111566
2022-10-24 07:00:00,3.4722223e-05,25.500671,-0.03859018,0.04662946,1.9713725
2022-10-24 08:00:00,3.4722223e-05,25.138641,-0.033629753,0.10447856,1.9069843
2022-10-24 09:00:00,3.4722223e-05,24.887604,-0.031070914,0.102024525,2.0756373
2022-10-24 10:00:00,3.4722223e-05,25.10736,-0.036503013,0.20790659,1.8274902
2022-10-24 11:00:00,3.4722223e-05,24.994324,-0.039679855,0.39477646,2.217678
2022-10-24 12:00:00,22.43573,24.734772,-0.044114437,0.5749855,2.7112691
2022-10-24 13:00:00,95.95368,24.714996,-0.0639074,0.72959995,3.1608546
2022-10-24 14:00:00,159.2865,25.329224,-0.08231795,0.49119163,3.7593107
2022-10-24 15:00:00,330.68115,25.796082,-0.143166,1.0763444,4.184824
2022-10-24 16:00:00,263.07483,25.339508,-0.12810579,2.261025,4.5239882
2022-10-24 17:00:00,274.52774,24.852997,-0.1309953,4.1893287,4.51038
2022-10-24 18:00:00,352.21945,25.232605,-0.16019957,1.4490327,4.8367715
2022-10-24 19:00:00,159.98451,25.135376,-0.12991649,0.33657625,4.925112
2022-10-24 20:00:00,80.854065,25.139587,-0.108610995,0.18231198,4.6236877
2022-10-24 21:00:00,55.925488,25.376831,-0.09074798,0.4140595,4.4510684
2022-10-24 22:00:00,38.575207,25.01117,-0.074039705,0.67560744,3.741922
2022-10-24 23:00:00,11.267743,25.128601,-0.057445273,0.7699197,2.6365867
2022-10-25 00:00:00,3.4722223e-05,25.08609,-0.04749729,1.2572547,2.1365733
2022-10-25 01:00:00,3.4722223e-05,25.029175,-0.04615824,1.5345793,1.8632834
2022-10-25 02:00:00,3.4722223e-05,24.988708,-0.04708528,1.5773531,1.8921372
2022-10-25 03:00:00,3.4722223e-05,24.870544,-0.04998564,1.6699116,2.0303562
2022-10-25 04:00:00,3.4722223e-05,24.644196,-0.052777585,1.5496556,2.5793612
2022-10-25 05:00:00,3.4722223e-05,24.576843,-0.061245576,1.450085,3.0220106
2022-10-25 06:00:00,3.4722223e-05,24.515076,-0.058518678,1.6439669,3.4354458
2022-10-25 07:00:00,3.4722223e-05,24.322632,-0.061950326,2.1214857,3.7450645
2022-10-25 08:00:00,3.4722223e-05,24.171814,-0.06546871,2.7609813,4.2435913
2022-10-25 09:00:00,3.4722223e-05,24.260193,-0.0666126,2.0671422,4.428566
2022-10-25 10:00:00,3.4722223e-05,24.525543,-0.06494285,2.3942525,3.9793942
2022-10-25 11:00:00,3.4722223e-05,24.59195,-0.057185054,2.1625059,3.8122475
2022-10-25 12:00:00,5.7834377,24.7641,-0.05181803,1.3350881,3.937609
2022-10-25 13:00:00,31.922848,24.95935,-0.04722623,1.1243764,3.7137923
2022-10-25 14:00:00,77.91962,25.719147,-0.055433992,1.0184953,3.7521477
2022-10-25 15:00:00,149.79941,25.654755,-0.075319126,1.0661771,4.1119595
2022-10-25 16:00:00,189.75633,25.626892,-0.07307473,1.0528545,4.1802583
2022-10-25 17:00:00,222.8615,26.004059,-0.07509144,0.70856416,4.146947
2022-10-25 18:00:00,302.405,26.234985,-0.09259121,0.32430607,3.7891567
2022-10-25 19:00:00,456.136,26.567078,-0.16222711,0.053992495,3.363419
2022-10-25 20:00:00,353.30206,26.77237,-0.13057788,0.021035783,3.0037081
2022-10-25 21:00:00,230.45403,26.857117,-0.09730227,0.04627928,3.1410935
2022-10-25 22:00:00,125.24118,26.13028,-0.07516191,0.33762866,3.902348
2022-10-25 23:00:00,24.487015,25.838776,-0.049589902,0.5350169,3.8910537
2022-10-26 00:00:00,3.4722223e-05,25.499908,-0.042103156,0.77307504,3.474393
2022-10-26 01:00:00,3.4722223e-05,25.654938,-0.04402228,0.3972305,3.3084254
2022-10-26 02:00:00,3.4722223e-05,25.686188,-0.03588498,0.17214474,3.1902485
2022-10-26 03:00:00,3.4722223e-05,25.505768,-0.032697294,0.470506,3.9502826
2022-10-26 04:00:00,3.4722223e-05,25.287079,-0.029075906,0.59461874,4.2969236
2022-10-26 05:00:00,3.4722223e-05,25.057037,-0.02956923,0.5998779,4.548893
2022-10-26 06:00:00,3.4722223e-05,24.934937,-0.027346527,0.35060105,4.6369057
2022-10-26 07:00:00,3.4722223e-05,24.80774,-0.055911064,5.95811,4.6851053
2022-10-26 08:00:00,3.4722223e-05,24.743103,-0.06470432,7.8040233,4.4956756
2022-10-26 09:00:00,3.4722223e-05,24.788513,-0.063143,10.08363,3.8909185
2022-10-26 10:00:00,3.4722223e-05,24.65448,-0.05416543,10.730137,3.76493
2022-10-26 11:00:00,3.4722223e-05,24.756989,-0.04939473,8.932958,3.6458075
2022-10-26 12:00:00,6.5954165,24.843689,-0.04916161,8.001411,3.5546067
2022-10-26 13:00:00,17.03691,24.932312,-0.050462708,5.995624,3.665526
2022-10-26 14:00:00,36.011112,25.18518,-0.05505451,6.1358647,3.6299274
2022-10-26 15:00:00,43.204792,25.164185,-0.07100923,7.420466,3.4906716
2022-10-26 16:00:00,66.85136,25.342926,-0.09395195,10.484365,3.544725
2022-10-26 17:00:00,39.543854,25.295319,-0.08861744,14.899833,3.5708168
2022-10-26 18:00:00,32.82028,25.079773,-0.09375678,15.193637,3.507963
2022-10-26 19:00:00,68.95959,25.402496,-0.07210433,3.2998548,3.725871
2022-10-26 20:00:00,135.85365,25.379303,-0.10095077,2.359894,3.6086242
2022-10-26 21:00:00,79.57205,25.35321,-0.09056366,2.7164547,3.4107997
2022-10-26 22:00:00,24.358786,24.870026,-0.06655839,2.2645304,3.4850614
2022-10-26 23:00:00,6.025625,24.992126,-0.052251723,1.8525747,3.398193
2022-10-27 00:00:00,3.4722223e-05,24.892517,-0.04100264,1.4868975,3.7208908
2022-10-27 01:00:00,3.4722223e-05,24.882507,-0.039463006,1.3428013,3.7093225
2022-10-27 02:00:00,3.4722223e-05,24.705505,-0.04280792,0.9445185,3.625688
2022-10-27 03:00:00,3.4722223e-05,24.49945,-0.041604407,0.85406375,3.8843226
2022-10-27 04:00:00,3.4722223e-05,24.716919,-0.046716638,0.7478315,4.055721
2022-10-27 05:00:00,3.4722223e-05,24.59195,-0.04955736,1.2989762,3.9707139
2022-10-27 06:00:00,3.4722223e-05,24.46695,-0.049812168,1.3364898,3.951389
2022-10-27 07:00:00,3.4722223e-05,24.267487,-0.059001178,3.2728584,4.021043
2022-10-27 08:00:00,3.4722223e-05,24.108856,-0.0602589,4.1370893,4.1198196
2022-10-27 09:00:00,3.4722223e-05,24.224518,-0.05980894,4.617763,4.090752
2022-10-27 10:00:00,3.4722223e-05,24.223816,-0.063695975,5.401706,2.7179554
2022-10-27 11:00:00,3.4722223e-05,24.267029,-0.062476188,5.950046,2.745377
2022-10-27 12:00:00,14.316146,24.210663,-0.06331649,6.4521065,2.9791346
2022-10-27 13:00:00,59.657673,24.413025,-0.07299883,6.44825,3.5193603
2022-10-27 14:00:00,91.39531,24.806519,-0.07226154,6.0678477,3.6329198
2022-10-27 15:00:00,130.69698,25.28778,-0.07554139,5.7449446,3.3453274
2022-10-27 16:00:00,154.67114,25.30603,-0.07195795,5.0433927,2.849212
2022-10-27 17:00:00,174.3576,26.146881,-0.07435414,4.409156,2.8645415
2022-10-27 18:00:00,123.66,26.078278,-0.058296412,3.7349505,2.683771
2022-10-27 19:00:00,223.30309,26.257202,-0.10620938,1.1205199,2.7894058
2022-10-27 20:00:00,145.72534,25.652283,-0.09157202,0.8698404,2.887691
2022-10-27 21:00:00,66.894066,25.721313,-0.06647165,1.0318179,2.8683379
2022-10-27 22:00:00,35.98264,25.006012,-0.05269627,0.94206446,3.236118
2022-10-27 23:00:00,6.56691,25.287506,-0.03779326,1.6527325,3.0354896
2022-10-28 00:00:00,3.4722223e-05,25.193268,-0.037196923,2.2498052,2.169821
2022-10-28 01:00:00,3.4722223e-05,25.366394,-0.035077218,2.0436523,2.2322602
2022-10-28 02:00:00,3.4722223e-05,25.278473,-0.030751064,2.8230371,2.3633585
2022-10-28 03:00:00,3.4722223e-05,24.83612,-0.027167626,3.4225647,2.149822
2022-10-28 04:00:00,3.4722223e-05,24.747772,-0.023595028,3.7805285,2.2101912
2022-10-28 05:00:00,3.4722223e-05,24.609344,-0.02740616,3.7559862,2.1100433
2022-10-28 06:00:00,3.4722223e-05,24.266083,-0.02625685,3.7871897,2.5390496
2022-10-28 07:00:00,3.4722223e-05,24.298492,-0.045545645,4.0957184,2.8664112
2022-10-28 08:00:00,3.4722223e-05,24.146606,-0.041132748,6.838819,2.865504
2022-10-28 09:00:00,3.4722223e-05,24.099548,-0.04246096,9.405217,2.9303436
2022-10-28 10:00:00,3.4722223e-05,23.919403,-0.047123235,10.997645,4.806625
2022-10-28 11:00:00,3.4722223e-05,23.998444,-0.057082057,11.3507,5.5707874
2022-10-28 12:00:00,2.535625,24.341248,-0.06569641,12.526967,5.844911
2022-10-28 13:00:00,7.037014,24.391754,-0.07842007,12.7615185,6.1590157
2022-10-28 14:00:00,16.509861,24.62268,-0.087939784,11.865733,6.307573
2022-10-28 15:00:00,37.578056,24.575592,-0.10535283,10.048921,6.1928215
2022-10-28 16:00:00,81.92243,24.811981,-0.12172498,7.8040233,6.442718
2022-10-28 17:00:00,71.708855,25.235779,-0.11939385,5.848021,6.2738013
2022-10-28 18:00:00,72.606285,25.016968,-0.11266066,3.9891357,5.672301
2022-10-28 19:00:00,118.346664,25.506317,-0.11586462,2.4675279,5.181127
2022-10-28 20:00:00,71.63764,25.386688,-0.09249363,1.3638371,4.5922885
2022-10-28 21:00:00,60.583576,25.400024,-0.0811578,0.68191814,3.963059
2022-10-28 22:00:00,39.116528,24.681091,-0.069713555,0.33657625,2.9286666
2022-10-28 23:00:00,9.387396,24.743805,-0.06060586,0.17319712,2.4215589
2022-10-29 00:00:00,3.4722223e-05,24.762604,-0.047941837,0.25979522,2.3318748
2022-10-29 01:00:00,3.4722223e-05,24.883453,-0.04242301,0.24331734,2.4316325
2022-10-29 02:00:00,3.4722223e-05,24.715698,-0.036177736,0.42738205,2.2684476
2022-10-29 03:00:00,3.4722223e-05,24.447906,-0.032556344,0.5550012,2.023468
2022-10-29 04:00:00,3.4722223e-05,24.355408,-0.028143447,0.5672723,1.4954952
2022-10-29 05:00:00,3.4722223e-05,24.41742,-0.024191367,0.46629924,1.3973112
2022-10-29 06:00:00,3.4722223e-05,23.879608,-0.027465794,0.9802794,1.3887991
2022-10-29 07:00:00,3.4722223e-05,23.802917,-0.04461319,0.41896757,1.490124
2022-10-29 08:00:00,3.4722223e-05,23.432068,-0.053205863,0.9027971,1.5657691
2022-10-29 09:00:00,3.4722223e-05,23.389313,-0.052631207,0.14725235,1.6476102
2022-10-29 10:00:00,3.4722223e-05,24.377625,-0.05124879,0.077132136,1.6747689
2022-10-29 11:00:00,3.4722223e-05,24.465729,-0.04886887,0.14164299,1.3080285
2022-10-29 12:00:00,52.63493,24.490143,-0.05495151,0.07993728,1.3083961
2022-10-29 13:00:00,156.57997,24.897614,-0.08648689,0.15636814,1.2195989
2022-10-29 14:00:00,353.6297,25.983337,-0.13334271,0.17845538,1.2255479
2022-10-29 15:00:00,507.17545,26.671783,-0.17886491,0.20755547,1.3054067
2022-10-29 16:00:00,510.67972,26.570251,-0.17176849,0.20369887,1.5554026
2022-10-29 17:00:00,652.972,27.164185,-0.2193345,0.10307692,1.8789177
2022-10-29 18:00:00,512.28937,26.502625,-0.18348923,0.17740391,2.5874574
2022-10-29 19:00:00,626.70447,27.15445,-0.24441318,0.56586975,2.9156907
2022-10-29 20:00:00,488.45767,26.792114,-0.18857436,0.062406994,2.4508705
2022-10-29 21:00:00,343.30212,26.661774,-0.13797788,0.04137121,1.9256024
2022-10-29 22:00:00,182.12108,26.203796,-0.095822275,0.0052591786,1.9330626
2022-10-29 23:00:00,35.256145,25.9953,-0.05203487,0.016127713,1.6725903
2022-10-30 00:00:00,3.4722223e-05,25.852203,-0.034811586,0.05118735,1.4013476
2022-10-30 01:00:00,3.4722223e-05,25.744507,-0.02994873,0.038566068,1.4901587
2022-10-30 02:00:00,3.4722223e-05,25.197906,-0.027476635,0.034358352,1.460686
2022-10-30 03:00:00,3.4722223e-05,24.751099,-0.02647913,0.08169003,1.0144181
2022-10-30 04:00:00,3.4722223e-05,24.348297,-0.027243529,0.11429563,0.9357613
2022-10-30 05:00:00,3.4722223e-05,24.24527,-0.027346527,0.120256096,1.1577805
2022-10-30 06:00:00,3.4722223e-05,24.103943,-0.028235605,0.10973774,1.0821333
2022-10-30 07:00:00,3.4722223e-05,24.398895,-0.03217686,0.07257424,0.8424244
2022-10-30 08:00:00,3.4722223e-05,24.175262,-0.031770267,0.027697533,0.3809523
2022-10-30 09:00:00,3.4722223e-05,24.25528,-0.027568793,0.08344278,0.31750652
2022-10-30 10:00:00,3.4722223e-05,23.709106,-0.028116338,0.07923599,0.47089604
2022-10-30 11:00:00,3.4722223e-05,23.925018,-0.032252748,0.035760924,0.7637227
2022-10-30 12:00:00,61.951077,24.566284,-0.046049826,0.039267354,1.0255402
2022-10-30 13:00:00,232.83292,24.936432,-0.09208704,0.10693353,1.3817692
2022-10-30 14:00:00,423.4012,25.579468,-0.15142798,0.07152278,1.4588413
2022-10-30 15:00:00,613.72736,25.898132,-0.21418431,0.12551528,1.6194258
2022-10-30 16:00:00,796.47516,26.47644,-0.29294416,0.20790659,2.2713137
2022-10-30 17:00:00,833.4264,26.730377,-0.31513876,0.25418586,2.8320982
2022-10-30 18:00:00,712.6724,26.4169,-0.27283677,0.056096353,3.184387
2022-10-30 19:00:00,592.6164,26.688934,-0.24734065,0.06661378,3.3501823
2022-10-30 20:00:00,516.69104,27.025055,-0.21095867,0.028748997,3.0822585
2022-10-30 21:00:00,384.81177,27.389832,-0.16693275,0.010518357,2.92628
2022-10-30 22:00:00,196.93576,26.463257,-0.11227575,0.0017527491,2.5587692
2022-10-30 23:00:00,41.552395,26.490845,-0.06439531,0.0070119277,1.9635849
2022-10-31 00:00:00,3.4722223e-05,26.240173,-0.04136044,0.002454035,1.8875803
2022-10-31 01:00:00,3.4722223e-05,25.917206,-0.034264028,0.005609356,1.870166
2022-10-31 02:00:00,3.4722223e-05,25.584381,-0.031087184,0.032255426,2.033774
2022-10-31 03:00:00,3.4722223e-05,25.57727,-0.031358242,0.02804771,2.1016257
2022-10-31 04:00:00,3.4722223e-05,25.368042,-0.033640593,0.07783342,1.8797652
2022-10-31 05:00:00,3.4722223e-05,25.1669,-0.034410406,0.10482967,1.8148445
2022-10-31 06:00:00,3.4722223e-05,24.278717,-0.035256118,0.118853524,1.7992066
2022-10-31 07:00:00,3.4722223e-05,24.267029,-0.04507399,0.1994921,1.6988307
2022-10-31 08:00:00,3.4722223e-05,24.316833,-0.048717078,0.2604965,1.5592602
2022-10-31 09:00:00,3.4722223e-05,24.706207,-0.04872792,0.122008845,0.87297934
2022-10-31 10:00:00,3.4722223e-05,24.596863,-0.035104327,0.032255426,0.5056303
2022-10-31 11:00:00,3.4722223e-05,24.751099,-0.035548873,0.0010514632,0.9305006
2022-10-31 12:00:00,68.03368,25.128082,-0.053102862,0.009465963,1.4280666
2022-10-31 13:00:00,222.69055,25.006012,-0.1025392,0.07152278,1.5877925
2022-10-31 14:00:00,391.46414,26.01065,-0.15147679,0.10027178,1.7104856
2022-10-31 15:00:00,653.1572,26.531433,-0.22035371,0.15847105,1.9875177
2022-10-31 16:00:00,675.47894,26.618286,-0.23611867,0.09255856,2.3583674
2022-10-31 17:00:00,783.8257,26.785797,-0.2797597,0.10833517,2.9254649
2022-10-31 18:00:00,725.8347,26.958649,-0.26717156,0.0662636,3.3501477
2022-10-31 19:00:00,531.4203,26.95111,-0.20808001,0.077132136,3.4532695
2022-10-31 20:00:00,536.3063,27.173492,-0.199612,0.030852854,3.2394211
2022-10-31 21:00:00,378.2164,27.287262,-0.16238433,0.05995296,2.9677618
2022-10-31 22:00:00,208.85875,26.464508,-0.11709524,0.017179176,2.7387247
2022-10-31 23:00:00,35.099445,26.275055,-0.06940997,0.05329121,2.6182222
2022-11-01 00:00:00,3.4722223e-05,25.811188,-0.05822051,0.14199317,2.6572452
2022-11-01 01:00:00,3.4722223e-05,26.075378,-0.049297146,0.18266308,2.029396
2022-11-01 02:00:00,3.4722223e-05,25.541443,-0.03766315,0.23840833,2.0157547
2022-11-01 03:00:00,3.4722223e-05,25.08487,-0.037435457,0.0613546,1.9637169
2022-11-01 04:00:00,3.4722223e-05,24.950409,-0.03973949,0.08519553,1.6934124
2022-11-01 05:00:00,3.4722223e-05,24.562683,-0.038221538,0.26785862,1.3643742
2022-11-01 06:00:00,3.4722223e-05,24.92035,-0.03578198,0.16863924,1.3911072
2022-11-01 07:00:00,3.4722223e-05,25.148102,-0.035852455,0.005609356,1.2318896
2022-11-01 08:00:00,3.4722223e-05,24.975006,-0.033353265,0.0063106418,0.90063953
2022-11-01 09:00:00,3.4722223e-05,24.626892,-0.030002935,0.018931925,0.50022244
2022-11-01 10:00:00,3.4722223e-05,25.293396,-0.025318978,0.020334497,0.7066606
2022-11-01 11:00:00,3.4722223e-05,25.341705,-0.027476635,0.035410747,0.8337455
2022-11-01 12:00:00,75.14188,25.00531,-0.03859018,0.047330745,0.62552816
2022-11-01 13:00:00,277.8468,25.1315,-0.0936863,0.04662946,0.7792102
2022-11-01 14:00:00,467.70285,26.189392,-0.1518617,0.070470385,0.83592737
2022-11-01 15:00:00,660.5503,26.535828,-0.21704674,0.083793886,1.2021366
2022-11-01 16:00:00,754.97974,26.667938,-0.25731575,0.070470385,1.9680743
2022-11-01 17:00:00,709.3391,27.056335,-0.2573754,0.0052591786,2.4538586
2022-11-01 18:00:00,756.974,27.519653,-0.27765083,0.0014025718,2.8662567
2022-11-01 19:00:00,549.29767,27.480408,-0.20541817,0.010167249,2.9936197
2022-11-01 20:00:00,590.13776,27.572906,-0.21218388,0.05153846,3.058667
2022-11-01 21:00:00,357.39035,27.572906,-0.14864688,0.032956712,3.0655146
2022-11-01 22:00:00,186.99283,26.983795,-0.10829656,0.036112033,2.724476
2022-11-01 23:00:00,31.766146,26.917633,-0.0648019,0.0038566068,2.685263
2022-11-02 00:00:00,3.4722223e-05,26.788513,-0.050408505,0.0662636,2.492401
2022-11-02 01:00:00,3.4722223e-05,26.953552,-0.04223868,0.08835178,2.0970054
2022-11-02 02:00:00,3.4722223e-05,26.661346,-0.041333333,0.28293487,1.8659391
2022-11-02 03:00:00,3.4722223e-05,25.964996,-0.037614357,0.4263306,1.6905974
2022-11-02 04:00:00,3.4722223e-05,25.654938,-0.038134806,0.13287738,1.7055302
2022-11-02 05:00:00,3.4722223e-05,25.479706,-0.033510484,0.035760924,1.9834857
2022-11-02 06:00:00,3.4722223e-05,25.62323,-0.03671444,0.023840927,2.3738399
2022-11-02 07:00:00,3.4722223e-05,25.593445,-0.049530268,0.09431131,2.7966096
2022-11-02 08:00:00,3.4722223e-05,25.762177,-0.05800367,0.19458309,3.2283149
2022-11-02 09:00:00,3.4722223e-05,25.578766,-0.063576706,0.25383475,3.1933146
2022-11-02 10:00:00,3.4722223e-05,25.802124,-0.06217802,0.48172566,2.9910986
2022-11-02 11:00:00,3.4722223e-05,25.842712,-0.056057442,0.45472944,2.7587132
2022-11-02 12:00:00,34.24476,25.564362,-0.063094206,0.25558752,2.478275
2022-11-02 13:00:00,115.26976,25.371216,-0.07863693,0.19072649,1.6548718
2022-11-02 14:00:00,246.53651,25.809967,-0.11626579,0.21737255,1.3611287
2022-11-02 15:00:00,263.67313,25.86853,-0.117154874,0.18967502,1.5831611
2022-11-02 16:00:00,327.67548,25.7677,-0.119442634,0.35480782,1.6321559
2022-11-02 17:00:00,319.1428,26.208649,-0.13473055,0.49504822,1.7552663
2022-11-02 18:00:00,339.91183,26.690582,-0.15577582,0.23875944,2.4786894
2022-11-02 19:00:00,554.7534,26.716675,-0.18547882,0.19843969,2.8482916
2022-11-02 20:00:00,349.54138,27.014618,-0.13320176,0.44456217,3.0508442
2022-11-02 21:00:00,192.9472,27.238953,-0.10528777,0.8421428,3.2571166
2022-11-02 22:00:00,78.91677,26.16278,-0.074880004,0.40774885,3.275491
2022-11-02 23:00:00,19.942883,26.21109,-0.05351487,0.18827245,2.7138896
2022-11-03 00:00:00,3.4722223e-05,26.354431,-0.04051473,0.15145913,2.5693438
2022-11-03 01:00:00,3.4722223e-05,26.351715,-0.03939253,0.07327553,2.7573364
2022-11-03 02:00:00,3.4722223e-05,25.996246,-0.033206888,0.30432177,2.5093021
2022-11-03 03:00:00,3.4722223e-05,25.80899,-0.033505056,0.3849594,2.1185358
2022-11-03 04:00:00,3.4722223e-05,25.771118,-0.036904182,0.87685233,2.755215
2022-11-03 05:00:00,3.4722223e-05,25.380524,-0.04332293,1.8550287,3.1768312
2022-11-03 06:00:00,3.4722223e-05,25.054382,-0.049920592,1.4742762,3.2995524
2022-11-03 07:00:00,3.4722223e-05,25.311493,-0.05856206,0.79586357,3.4355693
2022-11-03 08:00:00,3.4722223e-05,25.392487,-0.048001472,2.254012,3.6655617
2022-11-03 09:00:00,3.4722223e-05,25.172546,-0.051910188,2.8738742,4.088903
2022-11-03 10:00:00,3.4722223e-05,24.956451,-0.05349862,2.9303217,3.4847388
2022-11-03 11:00:00,3.4722223e-05,25.20987,-0.051113266,2.2775028,3.0595605
2022-11-03 12:00:00,10.242118,25.183258,-0.046456408,2.5358953,2.4563355
2022-11-03 13:00:00,23.27618,25.112183,-0.04819663,3.362963,2.5699308
2022-11-03 14:00:00,61.15337,25.34909,-0.052381832,4.2643576,4.018854
2022-11-03 15:00:00,96.86535,25.582733,-0.07566066,4.3660316,4.5894933
2022-11-03 16:00:00,70.25587,25.604675,-0.074814945,3.9614384,4.473828
2022-11-03 17:00:00,55.71184,26.175964,-0.07303678,3.8594134,4.3538685
2022-11-03 18:00:00,89.415245,25.855377,-0.0845244,3.4443018,4.161985
2022-11-03 19:00:00,140.35504,26.386688,-0.0864652,1.8711565,3.5323055
2022-11-03 20:00:00,85.79705,26.17035,-0.064308584,1.4900538,3.1692107
2022-11-03 21:00:00,49.814445,26.248688,-0.05511957,1.2474377,3.0093007
2022-11-03 22:00:00,31.196354,24.666168,-0.052652903,0.95468575,3.1452484
2022-11-03 23:00:00,8.034132,24.709106,-0.043339197,1.0805511,3.0397985
2022-11-04 00:00:00,3.4722223e-05,24.702515,-0.042119414,0.71908253,3.3471043
2022-11-04 01:00:00,3.4722223e-05,24.75653,-0.04547517,0.5809451,3.6194887
2022-11-04 02:00:00,3.4722223e-05,24.804596,-0.049318828,0.43299234,3.5933466
2022-11-04 03:00:00,3.4722223e-05,24.70868,-0.05078256,0.8288203,3.999011
2022-11-04 04:00:00,3.4722223e-05,24.648865,-0.049915165,1.4132718,4.516951
2022-11-04 05:00:00,3.4722223e-05,24.875122,-0.04972542,1.5692887,4.641978
2022-11-04 06:00:00,3.4722223e-05,24.7995,-0.056323085,1.1496199,4.5166063
2022-11-04 07:00:00,3.4722223e-05,24.923004,-0.0750589,1.0605679,4.377178
2022-11-04 08:00:00,3.4722223e-05,24.94162,-0.069626816,2.3854878,4.3122597
2022-11-04 09:00:00,3.4722223e-05,24.57489,-0.07224528,3.1722355,4.696777
2022-11-04 10:00:00,3.4722223e-05,24.156464,-0.07203385,4.6731577,4.8456864
2022-11-04 11:00:00,3.4722223e-05,24.172516,-0.07324278,6.252264,5.9701476
2022-11-04 12:00:00,7.122465,24.170319,-0.07575825,7.0947576,6.732205
2022-11-04 13:00:00,17.749166,24.27362,-0.0850611,7.4968967,6.765804
2022-11-04 14:00:00,23.504097,24.685913,-0.08860118,7.2346473,6.4919043
2022-11-04 15:00:00,42.022465,25.107086,-0.09067751,6.234734,5.914081
2022-11-04 16:00:00,57.919792,25.62445,-0.10007795,5.38032,5.984205
2022-11-04 17:00:00,53.760277,25.977997,-0.092705056,4.0168333,5.6887627
2022-11-04 18:00:00,78.432434,26.240875,-0.098852746,3.4369397,5.0376363
2022-11-04 19:00:00,164.22948,26.158844,-0.11489422,0.66088235,4.3421783
2022-11-04 20:00:00,187.235,25.961548,-0.12250022,0.59426856,3.9946768
2022-11-04 21:00:00,124.74261,25.701843,-0.09555664,0.46454555,3.5670333
2022-11-04 22:00:00,68.14764,25.76892,-0.068591364,0.43193996,2.3749692
2022-11-04 23:00:00,15.854584,25.835327,-0.043474734,0.25453603,2.018266
2022-11-05 00:00:00,3.4722223e-05,25.860535,-0.038048062,0.28293487,1.9656711
2022-11-05 01:00:00,3.4722223e-05,25.77826,-0.037917953,0.34183544,2.211169
2022-11-05 02:00:00,3.4722223e-05,25.605133,-0.037739053,0.3099311,2.6291358
2022-11-05 03:00:00,3.4722223e-05,25.294617,-0.038910046,0.22403337,2.8127234
2022-11-05 04:00:00,3.4722223e-05,25.21521,-0.039197374,0.17389748,3.0789466
2022-11-05 05:00:00,3.4722223e-05,24.953552,-0.04089964,0.18231198,3.4020212
2022-11-05 06:00:00,3.4722223e-05,24.736694,-0.04321993,0.3222022,3.6014779
2022-11-05 07:00:00,3.4722223e-05,24.78659,-0.04998564,0.39442536,3.5213978
2022-11-05 08:00:00,3.4722223e-05,24.486267,-0.04305187,1.0493481,3.314846
2022-11-05 09:00:00,3.4722223e-05,24.267487,-0.041669454,0.79901886,2.9674873
2022-11-05 10:00:00,3.4722223e-05,24.298035,-0.04515532,0.6286269,2.9642928
2022-11-05 11:00:00,3.4722223e-05,24.220673,-0.043897584,0.43334252,3.1507576
2022-11-05 12:00:00,48.44691,24.625671,-0.06527356,0.24997815,3.771772
2022-11-05 13:00:00,193.03267,24.887146,-0.116894655,0.18301326,4.073212
2022-11-05 14:00:00,345.56708,25.694,-0.15166652,0.10588113,4.1177907
2022-11-05 15:00:00,483.91354,26.093658,-0.17860469,0.103778206,4.0168056
2022-11-05 16:00:00,621.97516,26.298492,-0.21383737,0.24647266,4.268593
2022-11-05 17:00:00,647.0461,26.290222,-0.25588456,0.113594346,4.9942355
2022-11-05 18:00:00,567.5311,25.401245,-0.24818638,1.5840139,5.2051406
2022-11-05 19:00:00,438.1304,25.398102,-0.20735897,0.13813657,4.9804626
2022-11-05 20:00:00,261.83554,25.866333,-0.13199283,0.11289306,4.953632
2022-11-05 21:00:00,283.7442,26.134247,-0.1320633,0.06801635,4.4192696
2022-11-05 22:00:00,124.72837,25.618286,-0.09254784,0.1363838,4.033922
2022-11-05 23:00:00,19.216389,25.518677,-0.06617891,0.02489239,3.4831624
2022-11-06 00:00:00,3.4722223e-05,25.393707,-0.05351487,0.21807384,3.3462265
2022-11-06 01:00:00,3.4722223e-05,25.421295,-0.048294213,0.13883784,3.2143674
2022-11-06 02:00:00,3.4722223e-05,25.371735,-0.044092756,0.040669926,3.320662
2022-11-06 03:00:00,3.4722223e-05,25.232605,-0.04272659,0.1034271,3.1436198
2022-11-06 04:00:00,3.4722223e-05,24.976227,-0.043946378,0.32430607,2.9155984
2022-11-06 05:00:00,3.4722223e-05,24.926147,-0.0438,0.10097306,3.1543055
2022-11-06 06:00:00,3.4722223e-05,24.846588,-0.04825626,0.25699008,3.494683
2022-11-06 07:00:00,3.4722223e-05,24.716766,-0.06430315,0.21596998,3.5256083
2022-11-06 08:00:00,3.4722223e-05,24.585632,-0.06659092,0.1893239,3.3320954
2022-11-06 09:00:00,3.4722223e-05,24.329224,-0.061375685,0.4140595,3.120845
2022-11-06 10:00:00,3.4722223e-05,24.724579,-0.055921905,0.6493125,2.9762447
2022-11-06 11:00:00,3.4722223e-05,24.7099,-0.051373485,0.39302373,3.4456155
2022-11-06 12:00:00,27.335972,24.936005,-0.059928205,0.22228062,3.8453553
2022-11-06 13:00:00,171.60834,25.140564,-0.10543414,0.1405906,3.6490629
2022-11-06 14:00:00,410.56656,25.545319,-0.1776126,0.15321282,3.282898
2022-11-06 15:00:00,536.349,25.789764,-0.20320629,0.057147816,3.22054
2022-11-06 16:00:00,719.6382,26.149078,-0.2373493,0.055745244,3.1712022
2022-11-06 17:00:00,734.9372,26.849579,-0.23837392,0.053992495,3.335835
2022-11-06 18:00:00,698.0286,26.848785,-0.22947764,0.02489239,3.095451
2022-11-06 19:00:00,626.83264,27.135925,-0.22488585,0.021386892,3.1471448
2022-11-06 20:00:00,535.4516,26.885925,-0.19992103,0.07678103,3.5475085
2022-11-06 21:00:00,387.60376,26.659332,-0.16246022,0.054342672,3.1660995
2022-11-06 22:00:00,195.24063,26.40689,-0.10606843,0.014725141,1.8810734
2022-11-06 23:00:00,27.008333,26.477509,-0.05192103,0.01156982,1.3564532
2022-11-07 00:00:00,3.4722223e-05,26.147583,-0.03763063,0.021035783,1.5513526
2022-11-07 01:00:00,3.4722223e-05,26.230865,-0.034155615,0.0038566068,1.6189215
2022-11-07 02:00:00,3.4722223e-05,25.902802,-0.03181363,0.0035054982,1.6460787
2022-11-07 03:00:00,3.4722223e-05,25.600464,-0.029346963,0.0028051436,1.71126
2022-11-07 04:00:00,3.4722223e-05,25.568481,-0.02743327,0.0017527491,1.9729812
2022-11-07 05:00:00,3.4722223e-05,25.637085,-0.028447045,0.002454035,2.2893364
2022-11-07 06:00:00,3.4722223e-05,25.595123,-0.029612608,0.004206784,2.45782
2022-11-07 07:00:00,3.4722223e-05,25.430054,-0.04461319,0.023840927,2.499298
2022-11-07 08:00:00,3.4722223e-05,25.496033,-0.04887971,0.054342672,2.3932087
2022-11-07 09:00:00,3.4722223e-05,24.855621,-0.049503155,0.07958617,2.4935796
2022-11-07 10:00:00,3.4722223e-05,24.956726,-0.051552385,0.11289306,2.537814
2022-11-07 11:00:00,3.4722223e-05,24.921051,-0.052463148,0.13463107,2.7082326
2022-11-07 12:00:00,58.703262,25.084625,-0.057342272,0.047330745,2.8111598
2022-11-07 13:00:00,269.99786,25.443054,-0.11330037,0.10447856,2.5815911
2022-11-07 14:00:00,432.3897,26.018463,-0.15488674,0.06310828,2.1873875
2022-11-07 15:00:00,583.12933,26.123688,-0.18899179,0.08835178,2.2804496
2022-11-07 16:00:00,765.15063,26.479706,-0.24112791,0.049434602,2.7325447
2022-11-07 17:00:00,788.44104,26.697174,-0.24818638,0.02489239,3.2955127
2022-11-07 18:00:00,846.75964,26.756287,-0.274886,0.036112033,3.6497624
2022-11-07 19:00:00,619.85266,26.654938,-0.21800087,0.030501746,3.873643
2022-11-07 20:00:00,521.3207,26.929596,-0.19651106,0.030501746,3.9073772
2022-11-07 21:00:00,356.05133,27.177643,-0.15910447,0.049434602,3.610246
2022-11-07 22:00:00,215.89574,26.153198,-0.11870535,0.014725141,2.505435
2022-11-07 23:00:00,38.361526,26.185455,-0.06314843,0.005609356,2.2766001
2022-11-08 00:00:00,3.4722223e-05,25.896912,-0.043783743,0.00490807,2.3931084
2022-11-08 01:00:00,3.4722223e-05,25.589752,-0.032681026,0.0014025718,1.9524485
2022-11-08 02:00:00,3.4722223e-05,25.4682,-0.032594297,0.0,1.5855947
2022-11-08 03:00:00,3.4722223e-05,25.288727,-0.03656806,0.0014025718,1.5032544
2022-11-08 04:00:00,3.4722223e-05,25.590546,-0.040970117,0.0028051436,1.6157537
2022-11-08 05:00:00,3.4722223e-05,25.512115,-0.04625041,0.004206784,1.8426518
2022-11-08 06:00:00,3.4722223e-05,25.393707,-0.050972316,0.0066617504,2.1268687
2022-11-08 07:00:00,3.4722223e-05,25.462555,-0.05320045,0.016127713,2.5627809
2022-11-08 08:00:00,3.4722223e-05,24.902008,-0.0609962,0.04662946,2.9076297
2022-11-08 09:00:00,3.4722223e-05,24.887604,-0.0637285,0.05819928,2.5926664
2022-11-08 10:00:00,3.4722223e-05,25.428131,-0.058518678,0.04487671,1.5795606
2022-11-08 11:00:00,3.4722223e-05,25.321228,-0.050034434,0.005609356,1.8414302
2022-11-08 12:00:00,64.34424,25.59317,-0.05760249,0.016828999,1.6899374
2022-11-08 13:00:00,232.51953,25.907623,-0.10167179,0.04522782,1.9172156
2022-11-08 14:00:00,402.13358,26.24939,-0.14872278,0.067315064,2.0873706
2022-11-08 15:00:00,589.99536,26.793884,-0.20780893,0.12586546,2.2908099
2022-11-08 16:00:00,628.4138,26.899384,-0.24436441,0.20510145,3.0466032
2022-11-08 17:00:00,615.6789,26.86493,-0.24811047,0.09781774,4.2651687
2022-11-08 18:00:00,751.9314,26.90158,-0.29957977,0.27311778,4.5040054
2022-11-08 19:00:00,606.5479,27.07022,-0.23834682,0.088701956,3.5627408
2022-11-08 20:00:00,471.29257,27.574646,-0.18650886,0.008063391,3.335256
2022-11-08 21:00:00,292.80396,27.46643,-0.14021684,0.026294962,2.9893315
2022-11-08 22:00:00,136.8223,26.615143,-0.10183443,0.15601702,2.9417377
2022-11-08 23:00:00,25.45566,26.180786,-0.06580484,0.13077445,2.511733
2022-11-09 00:00:00,3.4722223e-05,25.960419,-0.044249974,0.06801635,1.8109095
2022-11-09 01:00:00,3.4722223e-05,25.920532,-0.042629022,0.09676535,1.8260614
2022-11-09 02:00:00,3.4722223e-05,25.964813,-0.04749188,0.05679764,2.3742914
2022-11-09 03:00:00,3.4722223e-05,25.925995,-0.057288066,0.11254288,2.6897736
2022-11-09 04:00:00,3.4722223e-05,25.532928,-0.05807956,0.17494988,2.722122
2022-11-09 05:00:00,3.4722223e-05,25.210114,-0.054143734,0.058550388,2.1812944
2022-11-09 06:00:00,3.4722223e-05,25.170776,-0.047968946,0.017179176,1.6465738
2022-11-09 07:00:00,3.4722223e-05,25.050446,-0.034410406,0.016127713,1.3813308
2022-11-09 08:00:00,3.4722223e-05,24.745728,-0.03208469,0.10027178,1.328732
2022-11-09 09:00:00,3.4722223e-05,24.602234,-0.034421246,0.25173092,1.3013949
2022-11-09 10:00:00,3.4722223e-05,24.476257,-0.037608944,0.19072649,1.4408754
2022-11-09 11:00:00,3.4722223e-05,24.13205,-0.037890844,0.12551528,1.7550422
2022-11-09 12:00:00,47.50677,24.465027,-0.05178008,0.1360327,1.7463114
2022-11-09 13:00:00,178.73077,24.394928,-0.08447561,0.25067943,1.8150532
2022-11-09 14:00:00,343.25937,24.987213,-0.1350504,0.39898324,2.2054803
2022-11-09 15:00:00,429.52652,25.722809,-0.15616074,0.22999384,2.4953723
2022-11-09 16:00:00,534.15533,26.029175,-0.18083282,0.24401769,2.6812549
2022-11-09 17:00:00,446.79132,26.23825,-0.16751282,0.1539141,2.9908512
2022-11-09 18:00:00,535.75073,25.957947,-0.19405523,0.17039198,3.2043667
2022-11-09 19:00:00,373.4016,26.038757,-0.1853704,0.9522317,3.2028265
2022-11-09 20:00:00,150.41191,26.200806,-0.10115678,1.9339137,3.1777346
2022-11-09 21:00:00,133.95906,26.25827,-0.09550242,1.9006068,3.1163805
2022-11-09 22:00:00,65.726006,25.227692,-0.07529744,1.3575265,2.5975971
2022-11-09 23:00:00,8.034132,25.207214,-0.05093978,0.6728033,1.7247044
2022-11-10 00:00:00,3.4722223e-05,24.94574,-0.04051473,0.7544933,0.92620426
2022-11-10 01:00:00,3.4722223e-05,24.871246,-0.040970117,0.3341222,1.5410858
2022-11-10 02:00:00,3.4722223e-05,24.7099,-0.05349319,0.14795363,2.1478796
2022-11-10 03:00:00,3.4722223e-05,24.529663,-0.048863456,0.44982043,2.582002
2022-11-10 04:00:00,3.4722223e-05,24.333618,-0.043913852,0.58515275,2.9115396
2022-11-10 05:00:00,3.4722223e-05,24.16745,-0.046705797,0.5339645,3.1818297
2022-11-10 06:00:00,3.4722223e-05,24.160858,-0.058708422,0.11815224,3.3287451
2022-11-10 07:00:00,3.4722223e-05,24.188599,-0.07328074,0.07257424,3.4170704
2022-11-10 08:00:00,3.4722223e-05,23.96988,-0.06113715,0.8754497,2.7517097
2022-11-10 09:00:00,3.4722223e-05,24.006775,-0.056409817,1.0458417,2.1760812
2022-11-10 10:00:00,3.4722223e-05,24.080475,-0.058182575,1.2477878,2.323657
2022-11-10 11:00:00,3.4722223e-05,24.144684,-0.049660373,1.1285841,2.650381
2022-11-10 12:00:00,23.005522,24.25113,-0.053991944,0.40424243,3.0237112
2022-11-10 13:00:00,169.37187,24.383942,-0.09923224,0.036112033,3.0273745
2022-11-10 14:00:00,309.2853,25.399048,-0.14079693,0.035410747,3.121923
2022-11-10 15:00:00,534.369,25.594666,-0.20503868,0.08098874,3.1770363
2022-11-10 16:00:00,743.1138,26.33609,-0.26573494,0.108686276,2.5997996
2022-11-10 17:00:00,671.5758,26.882782,-0.24695575,0.23069513,2.7087364
2022-11-10 18:00:00,657.6016,26.415924,-0.31051984,1.6558878,3.3335574
2022-11-10 19:00:00,558.12946,26.253082,-0.23672585,0.23209769,3.3922281
2022-11-10 20:00:00,454.5263,26.372711,-0.22508103,0.7099668,3.1786563
2022-11-10 21:00:00,300.14008,26.673279,-0.16111034,0.036112033,2.4386096
2022-11-10 22:00:00,120.0133,26.203003,-0.093751356,0.005609356,1.8636756
2022-11-10 23:00:00,20.156563,26.207245,-0.056626666,0.014374964,1.2923366
2022-11-11 00:00:00,3.4722223e-05,25.960144,-0.045220368,0.029450282,1.5349835
2022-11-11 01:00:00,3.4722223e-05,25.802399,-0.04671121,0.050486065,1.6934673
2022-11-11 02:00:00,3.4722223e-05,25.75769,-0.043030187,0.13533142,1.5369233
2022-11-11 03:00:00,3.4722223e-05,25.400543,-0.04337715,0.17600134,1.403023
2022-11-11 04:00:00,3.4722223e-05,25.3432,-0.041832086,0.45017153,1.384771
2022-11-11 05:00:00,3.4722223e-05,25.207672,-0.043490987,0.3267601,1.4224936
2022-11-11 06:00:00,3.4722223e-05,24.848602,-0.04396806,0.25313348,1.3218089
2022-11-11 07:00:00,3.4722223e-05,25.203003,-0.03806433,0.1325272,1.2893393
2022-11-11 08:00:00,3.4722223e-05,25.057281,-0.044564396,0.14199317,1.5892632
2022-11-11 09:00:00,3.4722223e-05,24.875397,-0.04764908,0.25944412,1.5642989
2022-11-11 10:00:00,3.4722223e-05,25.290222,-0.049204987,0.32009837,1.7285057
2022-11-11 11:00:00,3.4722223e-05,25.284607,-0.053124547,0.2573412,1.7443545
2022-11-11 12:00:00,24.729166,24.846588,-0.060692605,0.39021856,1.393397
2022-11-11 13:00:00,122.42069,24.98816,-0.0784255,0.30502304,1.1909394
2022-11-11 14:00:00,263.67313,25.55188,-0.113197364,0.17494988,0.9264425
2022-11-11 15:00:00,417.04797,25.963745,-0.1410463,0.08449517,1.0433073
2022-11-11 16:00:00,532.6596,26.245789,-0.16366915,0.059251674,1.5621346
2022-11-11 17:00:00,615.6504,26.67453,-0.18314227,0.09431131,1.7823977
2022-11-11 18:00:00,548.8418,26.477234,-0.16864045,0.09115599,2.0885005
2022-11-11 19:00:00,585.4227,26.65448,-0.20044145,0.05294103,2.2115366
2022-11-11 20:00:00,427.66043,26.800903,-0.16637436,0.055395067,2.4490976
2022-11-11 21:00:00,322.93192,26.4357,-0.13096279,0.045928173,2.061949
2022-11-11 22:00:00,152.44896,26.05017,-0.08937641,0.112191774,2.7420034
2022-11-11 23:00:00,26.82316,25.908325,-0.06112631,0.5406262,2.3532567
2022-11-12 00:00:00,3.4722223e-05,25.517456,-0.057721756,1.19064,2.2159908
2022-11-12 01:00:00,3.4722223e-05,25.128082,-0.053601615,1.1398028,2.1340148
2022-11-12 02:00:00,3.4722223e-05,24.802917,-0.049015246,1.5296712,1.6678125
2022-11-12 03:00:00,3.4722223e-05,24.75821,-0.04972542,1.0763444,1.4225093
2022-11-12 04:00:00,3.4722223e-05,24.927216,-0.04559985,0.5630646,1.7104952
2022-11-12 05:00:00,3.4722223e-05,24.850006,-0.042986825,0.9056022,1.7634444
2022-11-12 06:00:00,3.4722223e-05,24.715515,-0.046879273,0.39968455,1.7205113
2022-11-12 07:00:00,3.4722223e-05,24.7453,-0.055759273,1.1173645,2.58236
2022-11-12 08:00:00,3.4722223e-05,24.412231,-0.07379575,0.5956711,3.3296254
2022-11-12 09:00:00,3.4722223e-05,24.345123,-0.07997597,0.24507008,3.4911888
2022-11-12 10:00:00,3.4722223e-05,24.871521,-0.08565202,0.2366556,3.291389
2022-11-12 11:00:00,3.4722223e-05,24.91983,-0.08070242,0.23069513,2.371335
2022-11-12 12:00:00,26.837397,25.159607,-0.07035326,0.4172148,2.2727518
2022-11-12 13:00:00,81.010765,24.677673,-0.07725451,0.6903326,2.7791681
2022-11-12 14:00:00,149.30083,24.498474,-0.09457538,1.2709274,2.8473644
2022-11-12 15:00:00,223.3743,24.46695,-0.12903282,1.7112828,3.131915
2022-11-12 16:00:00,185.35468,24.387909,-0.117973484,3.1343708,3.2967818
2022-11-12 17:00:00,298.70132,24.934753,-0.1748586,2.0780108,3.5102088
2022-11-12 18:00:00,320.68124,24.779724,-0.1857282,2.0250707,3.9265945
2022-11-12 19:00:00,210.45418,24.939423,-0.13538109,2.8868465,3.744378
2022-11-12 20:00:00,137.56302,24.964264,-0.112031795,2.767643,3.5629203
2022-11-12 21:00:00,94.75708,25.434723,-0.10161216,2.8195317,3.1450331
2022-11-12 22:00:00,49.10219,24.447723,-0.08842769,2.4857595,3.2594712
2022-11-12 23:00:00,5.641007,24.309479,-0.07150799,2.546764,2.9764667
2022-11-13 00:00:00,3.4722223e-05,24.225769,-0.059424028,2.515911,2.6538384
2022-11-13 01:00:00,3.4722223e-05,24.370056,-0.05446901,2.165661,2.2690828
2022-11-13 02:00:00,3.4722223e-05,24.723358,-0.05372631,1.3256212,2.3300605
2022-11-13 03:00:00,3.4722223e-05,24.675201,-0.054761767,0.7856963,2.2267225
2022-11-13 04:00:00,3.4722223e-05,24.227264,-0.054170843,1.2320112,2.6728444
2022-11-13 05:00:00,3.4722223e-05,23.96402,-0.05694652,1.9549503,2.6716273
2022-11-13 06:00:00,3.4722223e-05,23.931763,-0.061522048,1.7165412,2.7542443
2022-11-13 07:00:00,3.4722223e-05,23.84201,-0.07062432,0.8779047,3.0061429
2022-11-13 08:00:00,3.4722223e-05,24.0932,-0.07673949,1.3059881,3.0496695
2022-11-13 09:00:00,3.4722223e-05,24.08197,-0.07609436,1.9304082,2.795735
2022-11-13 10:00:00,3.4722223e-05,24.031372,-0.075915456,2.3174715,3.666401
2022-11-13 11:00:00,3.4722223e-05,23.975769,-0.080951795,2.2126417,3.4512038
2022-11-13 12:00:00,9.885972,24.211365,-0.08206858,2.1270952,3.105162
2022-11-13 13:00:00,38.005417,24.140991,-0.08311487,2.0278747,2.98138
2022-11-13 14:00:00,81.80847,24.780182,-0.09038476,2.0489106,2.7389693
2022-11-13 15:00:00,81.56632,25.03122,-0.09371341,2.2529607,2.6365962
2022-11-13 16:00:00,96.138855,25.193787,-0.099091284,1.8301364,2.2930925
2022-11-13 17:00:00,95.04198,25.54776,-0.087777145,1.6516801,2.0541244
2022-11-13 18:00:00,134.50038,25.860535,-0.089989014,0.96590537,2.2406828
2022-11-13 19:00:00,447.91666,25.872498,-0.18379824,0.26785862,2.576799
2022-11-13 20:00:00,244.28581,25.874939,-0.12323208,0.19563548,2.5576205
2022-11-13 21:00:00,227.94693,26.184052,-0.11442799,0.28328505,2.2185543
2022-11-13 22:00:00,98.97358,25.6557,-0.07004426,0.31273627,1.5780867
2022-11-13 23:00:00,27.606632,25.550476,-0.04493304,0.70190245,1.7726446
2022-11-14 00:00:00,3.4722223e-05,25.38861,-0.040661108,0.15917234,2.09106
2022-11-14 01:00:00,3.4722223e-05,25.666443,-0.04745934,0.15636814,2.282371
2022-11-14 02:00:00,3.4722223e-05,25.357605,-0.05457744,0.088701956,2.2109377
2022-11-14 03:00:00,3.4722223e-05,24.882935,-0.057916928,0.26189908,1.8746246
2022-11-14 04:00:00,3.4722223e-05,24.819794,-0.057342272,0.34744573,2.1464877
2022-11-14 05:00:00,3.4722223e-05,24.671082,-0.059874002,0.4477175,2.517583
2022-11-14 06:00:00,3.4722223e-05,24.332214,-0.058502425,0.3439393,2.6714327
2022-11-14 07:00:00,3.4722223e-05,24.253876,-0.078159854,0.29941276,2.7703526
2022-11-14 08:00:00,3.4722223e-05,24.736694,-0.07605641,0.1325272,2.8341973
2022-11-14 09:00:00,3.4722223e-05,24.851501,-0.07790506,0.035410747,2.851826
2022-11-14 10:00:00,3.4722223e-05,24.877594,-0.0787562,0.043825246,2.8071878
2022-11-14 11:00:00,3.4722223e-05,24.701569,-0.07228865,0.0697691,2.4557042
2022-11-14 12:00:00,48.575138,24.782898,-0.08138007,0.11639949,2.5238445
2022-11-14 13:00:00,163.98732,24.982544,-0.117821686,0.10693353,2.2678528
2022-11-14 14:00:00,293.75836,25.825134,-0.15779795,0.07432699,2.1318727
2022-11-14 15:00:00,470.08173,26.250885,-0.20770593,0.10763481,1.7301404
2022-11-14 16:00:00,677.0886,26.571655,-0.2549087,0.13357866,1.6876512
2022-11-14 17:00:00,781.68896,26.711853,-0.28123426,0.11008885,1.9187472
2022-11-14 18:00:00,647.2171,26.67688,-0.23888892,0.008063391,2.6114428
2022-11-14 19:00:00,705.79205,26.975952,-0.23841728,0.018931925,3.2453728
2022-11-14 20:00:00,564.5539,27.607574,-0.21898213,0.029450282,3.7112465
2022-11-14 21:00:00,359.0285,27.34787,-0.16085011,0.01823157,3.5029142
2022-11-14 22:00:00,175.71086,27.064423,-0.11365817,0.027346425,2.803694
2022-11-14 23:00:00,36.224792,26.967987,-0.073584326,0.13883784,1.8856314
2022-11-15 00:00:00,3.4722223e-05,26.472046,-0.058502425,0.13287738,1.832536
2022-11-15 01:00:00,3.4722223e-05,26.33783,-0.057526603,0.10693353,1.9084203
2022-11-15 02:00:00,3.4722223e-05,26.34143,-0.05560205,0.09185728,1.9759641
2022-11-15 03:00:00,3.4722223e-05,26.061676,-0.054555755,0.09957049,2.2752469
2022-11-15 04:00:00,3.4722223e-05,25.82489,-0.05244689,0.08765049,2.2732482
2022-11-15 05:00:00,3.4722223e-05,25.439117,-0.054366015,0.09010453,2.3748374
2022-11-15 06:00:00,3.4722223e-05,25.118774,-0.05284806,0.07502828,2.3356457
2022-11-15 07:00:00,3.4722223e-05,24.888824,-0.05318961,0.16408134,2.240292
2022-11-15 08:00:00,3.4722223e-05,24.758911,-0.051129524,0.25453603,2.4549942
2022-11-15 09:00:00,3.4722223e-05,24.563934,-0.059071653,0.15917234,2.5431643
2022-11-15 10:00:00,3.4722223e-05,24.93451,-0.054181684,0.09185728,2.9838784
2022-11-15 11:00:00,3.4722223e-05,24.8862,-0.043138616,0.113945454,2.34067
2022-11-15 12:00:00,58.20469,24.877136,-0.04952484,0.12271013,2.5417013
2022-11-15 13:00:00,235.56793,25.064575,-0.09258037,0.11955481,2.638685
2022-11-15 14:00:00,394.8117,25.86319,-0.13921392,0.18441585,2.371139
2022-11-15 15:00:00,409.24176,25.654938,-0.15281041,0.48172566,2.5046787
2022-11-15 16:00:00,437.3327,26.07074,-0.15115693,0.19633678,2.5945418
2022-11-15 17:00:00,478.42926,26.569458,-0.15805274,0.12831949,2.5566397
2022-11-15 18:00:00,722.3447,27.384216,-0.2338797,0.07257424,2.9291167
2022-11-15 19:00:00,595.59357,27.32019,-0.22986256,0.21842402,3.6805646
2022-11-15 20:00:00,398.03104,26.601532,-0.1919518,0.3891671,3.6059806
2022-11-15 21:00:00,230.16913,26.524567,-0.14260219,0.30887964,3.286298
2022-11-15 22:00:00,124.22979,26.450623,-0.11151677,0.30362046,3.5306978
2022-11-15 23:00:00,25.313194,26.107788,-0.07037494,0.576037,2.7772207
2022-11-16 00:00:00,3.4722223e-05,25.821472,-0.04779546,1.3932874,2.0519087
2022-11-16 01:00:00,3.4722223e-05,25.705688,-0.041783307,1.0461929,1.8806101
2022-11-16 02:00:00,3.4722223e-05,25.764557,-0.04326872,0.37233812,2.0009878
2022-11-16 03:00:00,3.4722223e-05,25.624176,-0.047659922,0.4259795,2.2694676
2022-11-16 04:00:00,3.4722223e-05,25.365845,-0.048283372,0.58690554,2.1047049
2022-11-16 05:00:00,3.4722223e-05,25.456665,-0.047909316,0.25558752,2.0415647
2022-11-16 06:00:00,3.4722223e-05,25.39325,-0.051693335,0.4182663,2.3611248
2022-11-16 07:00:00,3.4722223e-05,25.344696,-0.06585906,0.8116411,2.6157467
2022-11-16 08:00:00,3.4722223e-05,25.283813,-0.07065685,0.8505573,2.5768359
2022-11-16 09:00:00,3.4722223e-05,25.113953,-0.06945876,1.3017803,2.741872
2022-11-16 10:00:00,3.4722223e-05,25.309021,-0.064894065,1.7519519,3.6240509
2022-11-16 11:00:00,3.4722223e-05,25.359802,-0.06371224,2.1716216,2.6858466
2022-11-16 12:00:00,5.968646,25.01117,-0.060589604,3.533355,3.0420444
2022-11-16 13:00:00,28.333124,24.934235,-0.061841913,5.43291,2.9400928
2022-11-16 14:00:00,79.44382,26.02356,-0.07747678,6.9674897,2.7254896
2022-11-16 15:00:00,93.6175,26.135193,-0.08631341,7.4148564,3.0126448
2022-11-16 16:00:00,94.47219,26.4357,-0.08294139,6.9871235,2.7456408
2022-11-16 17:00:00,101.1958,26.741882,-0.079656124,6.364807,2.7273664
2022-11-16 18:00:00,78.83128,26.690857,-0.076549746,7.3159866,2.7188137
2022-11-16 19:00:00,145.6399,26.931091,-0.10535283,0.7071616,3.275927
2022-11-16 20:00:00,167.87617,26.457642,-0.11502433,0.53466576,3.319807
2022-11-16 21:00:00,101.1958,26.632263,-0.08835722,1.1987044,2.8262281
2022-11-16 22:00:00,49.914165,25.944946,-0.06791913,1.3571754,2.5851436
2022-11-16 23:00:00,10.113889,25.80487,-0.050343443,1.4907541,2.1849763
2022-11-17 00:00:00,3.4722223e-05,25.81311,-0.039191946,0.8821115,1.5926129
2022-11-17 01:00:00,3.4722223e-05,25.903503,-0.033754434,0.21596998,1.6321471
2022-11-17 02:00:00,3.4722223e-05,25.816376,-0.033234,0.24787429,1.7505751
2022-11-17 03:00:00,3.4722223e-05,25.624878,-0.03738125,0.14970638,1.7884122
2022-11-17 04:00:00,3.4722223e-05,25.557526,-0.041474283,0.16057491,1.6927683
2022-11-17 05:00:00,3.4722223e-05,25.223572,-0.04806652,0.470506,2.02535
2022-11-17 06:00:00,3.4722223e-05,25.2724,-0.05481056,0.8582706,2.259692
2022-11-17 07:00:00,3.4722223e-05,25.308777,-0.0552822,1.4251918,2.4052682
2022-11-17 08:00:00,3.4722223e-05,24.992554,-0.05272879,1.164345,2.4890146
2022-11-17 09:00:00,3.4722223e-05,24.934753,-0.056447767,0.6710496,2.94421
2022-11-17 10:00:00,3.4722223e-05,25.17035,-0.0666126,0.14164299,1.8350911
2022-11-17 11:00:00,3.4722223e-05,25.483307,-0.07257597,0.09536371,3.2544065
2022-11-17 12:00:00,18.361702,25.280212,-0.07863693,0.20545162,4.2576156
2022-11-17 13:00:00,75.455246,25.232605,-0.09130638,1.6232812,5.151197
2022-11-17 14:00:00,99.27274,25.75998,-0.110242784,2.35744,5.523459
2022-11-17 15:00:00,105.42653,25.845886,-0.12931472,1.1299868,5.717523
2022-11-17 16:00:00,183.81621,26.066772,-0.15250681,0.37829858,6.0329547
2022-11-17 17:00:00,156.50874,25.95523,-0.15506022,1.0630218,6.29504
2022-11-17 18:00:00,133.23257,25.770416,-0.14446169,2.3279889,6.243609
2022-11-17 19:00:00,125.21271,25.712555,-0.15832923,0.8249637,5.7333336
2022-11-17 20:00:00,113.67434,25.605377,-0.15414946,0.7867478,5.048312
2022-11-17 21:00:00,75.09913,25.516327,-0.12460366,0.576037,4.559583
2022-11-17 22:00:00,42.12219,25.637634,-0.0992485,0.31554046,4.2695403
2022-11-17 23:00:00,10.555486,25.61267,-0.082816705,0.23700577,3.9449813
2022-11-18 00:00:00,3.4722223e-05,25.368042,-0.07067853,0.24542026,3.7378511
2022-11-18 01:00:00,3.4722223e-05,25.297516,-0.0687052,0.29099825,3.473132
2022-11-18 02:00:00,3.4722223e-05,25.12738,-0.06915517,0.47366136,3.0821753
2022-11-18 03:00:00,3.4722223e-05,25.007233,-0.067653485,1.0928223,3.030435
2022-11-18 04:00:00,3.4722223e-05,24.983063,-0.07009847,0.68963134,3.1633968
2022-11-18 05:00:00,3.4722223e-05,24.841919,-0.0714592,0.16338006,3.2637012
2022-11-18 06:00:00,3.4722223e-05,24.842194,-0.06571809,0.23981091,3.3707595
2022-11-18 07:00:00,3.4722223e-05,24.852448,-0.07522696,0.9406619,3.5533342
2022-11-18 08:00:00,3.4722223e-05,24.49112,-0.08101143,0.828119,3.6333086
2022-11-18 09:00:00,3.4722223e-05,24.366394,-0.07856103,1.0938747,3.338122
2022-11-18 10:00:00,3.4722223e-05,24.658356,-0.07557392,1.1362973,2.4409516
2022-11-18 11:00:00,3.4722223e-05,24.832977,-0.06841246,0.4515741,2.2559512
2022-11-18 12:00:00,27.079584,25.148376,-0.06630902,0.3758436,2.2766833
2022-11-18 13:00:00,103.375275,25.439636,-0.092564106,0.4221229,2.620973
2022-11-18 14:00:00,263.55917,26.223846,-0.16492689,0.2573412,3.11787
2022-11-18 15:00:00,305.78104,26.578522,-0.18991882,0.56061053,3.0052621
2022-11-18 16:00:00,401.1364,26.720367,-0.21192366,1.1548791,1.9679304
2022-11-18 17:00:00,369.42728,26.57367,-0.18923032,1.3631358,1.6143335
2022-11-18 18:00:00,510.01022,26.507446,-0.24163751,1.661146,1.4565198
2022-11-18 19:00:00,163.87337,26.394684,-0.1378803,3.6841133,1.4897934
2022-11-18 20:00:00,264.27142,25.660797,-0.16256323,2.536947,2.1552963
2022-11-18 21:00:00,149.95607,25.683746,-0.1147641,1.5538623,1.8696367
2022-11-18 22:00:00,36.33875,25.109833,-0.06094198,1.0686312,1.5069675
2022-11-18 23:00:00,11.63809,25.304382,-0.041333333,0.70014966,0.7497079
2022-11-19 00:00:00,3.4722223e-05,25.440613,-0.027454954,0.5020602,0.5935526
2022-11-19 01:00:00,3.4722223e-05,25.553925,-0.023725137,0.71803015,1.0383471
2022-11-19 02:00:00,3.4722223e-05,25.537323,-0.02434857,0.25523734,1.777334
2022-11-19 03:00:00,3.4722223e-05,25.288208,-0.021946967,0.073976815,2.1029487
2022-11-19 04:00:00,3.4722223e-05,25.046326,-0.023909451,0.008063391,2.2108343
2022-11-19 05:00:00,3.4722223e-05,25.088043,-0.022152977,0.00490807,2.0041013
2022-11-19 06:00:00,3.4722223e-05,24.919128,-0.02232645,0.017530285,1.9473823
2022-11-19 07:00:00,3.4722223e-05,24.991852,-0.032941245,0.24366751,1.8928564
2022-11-19 08:00:00,3.4722223e-05,24.491364,-0.030908283,0.12691784,1.8165514
2022-11-19 09:00:00,3.4722223e-05,24.460358,-0.027460366,0.13533142,1.4595522
2022-11-19 10:00:00,3.4722223e-05,25.051666,-0.02343781,0.24331734,1.5290298
2022-11-19 11:00:00,3.4722223e-05,25.064575,-0.021773478,0.11639949,1.5124286
2022-11-19 12:00:00,47.464027,25.169373,-0.033190634,0.14584976,1.3617901
2022-11-19 13:00:00,190.83896,25.228394,-0.08153729,0.103778206,1.518795
2022-11-19 14:00:00,421.57785,25.850983,-0.15131414,0.093610026,1.9310603
2022-11-19 15:00:00,531.2066,26.259674,-0.17856131,0.122008845,2.0785139
2022-11-19 16:00:00,774.0822,26.677673,-0.24691239,0.17249584,2.2886188
2022-11-19 17:00:00,646.0775,26.615936,-0.2270923,0.5178377,2.7836702
2022-11-19 18:00:00,575.82166,26.621979,-0.22569363,0.90069324,3.4135523
2022-11-19 19:00:00,346.02292,26.819275,-0.18473612,0.57743955,3.6211798
2022-11-19 20:00:00,225.38283,27.385468,-0.13819472,0.16723666,3.1712575
2022-11-19 21:00:00,230.12639,27.596619,-0.13741407,0.17249584,3.086825
2022-11-19 22:00:00,88.53208,26.335388,-0.08861202,0.42738205,3.381479
2022-11-19 23:00:00,14.814722,26.210388,-0.0717682,0.50346273,3.4089513
2022-11-20 00:00:00,3.4722223e-05,26.186676,-0.06796249,0.47962183,3.486949
2022-11-20 01:00:00,3.4722223e-05,26.372986,-0.06418388,0.5553514,3.1315794
2022-11-20 02:00:00,3.4722223e-05,26.20285,-0.056117073,0.6342372,3.139191
2022-11-20 03:00:00,3.4722223e-05,25.993805,-0.052143294,0.6247703,3.091699
2022-11-20 04:00:00,3.4722223e-05,25.998169,-0.047952678,0.4435098,3.0598185
2022-11-20 05:00:00,3.4722223e-05,25.799225,-0.046591945,0.12972206,3.6718986
2022-11-20 06:00:00,3.4722223e-05,25.697693,-0.046581104,0.38671213,3.8830607
2022-11-20 07:00:00,3.4722223e-05,25.574371,-0.07947722,1.2320112,3.8566892
2022-11-20 08:00:00,3.4722223e-05,25.20697,-0.08078374,0.47015584,4.1866837
2022-11-20 09:00:00,3.4722223e-05,24.959167,-0.08357026,0.32816267,4.5881033
2022-11-20 10:00:00,3.4722223e-05,25.330719,-0.0903685,0.39302373,4.313375
2022-11-20 11:00:00,3.4722223e-05,25.396423,-0.084079854,0.3022179,2.5293953
2022-11-20 12:00:00,29.672153,25.424957,-0.08644352,0.34043285,1.9470557
2022-11-20 13:00:00,82.40677,25.764374,-0.08308235,0.1854673,1.9423399
2022-11-20 14:00:00,130.32663,25.811188,-0.07678286,0.53326416,2.1538527
2022-11-20 15:00:00,128.26111,25.725006,-0.06919312,0.70190245,3.0840929
2022-11-20 16:00:00,103.36101,26.16156,-0.078761615,0.6016307,4.0483217
2022-11-20 17:00:00,158.26086,26.424713,-0.0993244,1.3399962,4.4447894
2022-11-20 18:00:00,148.23247,26.140839,-0.10053875,1.1243764,4.935375
2022-11-20 19:00:00,126.09587,26.381775,-0.1071852,1.3189604,5.0107026
2022-11-20 20:00:00,89.885345,26.199158,-0.095746376,1.207469,4.83961
2022-11-20 21:00:00,78.161804,25.885925,-0.09340982,1.3690963,4.404995
2022-11-20 22:00:00,47.592224,25.29657,-0.08532132,1.5629781,3.3507905
2022-11-20 23:00:00,8.874583,25.137848,-0.075557664,1.8921922,3.1626534
2022-11-21 00:00:00,3.4722223e-05,25.231384,-0.079032674,1.6856883,3.154696
2022-11-21 01:00:00,3.4722223e-05,25.305603,-0.082534805,1.7365254,2.974599
2022-11-21 02:00:00,3.4722223e-05,25.411804,-0.0828655,1.7154896,3.10434
2022-11-21 03:00:00,3.4722223e-05,25.381226,-0.07997055,1.7298646,3.3068814
2022-11-21 04:00:00,3.4722223e-05,25.41153,-0.07453847,1.9332124,3.4299288
2022-11-21 05:00:00,3.4722223e-05,25.364899,-0.06964308,2.472086,3.183567
2022-11-21 06:00:00,3.4722223e-05,25.257996,-0.06304543,3.4113462,3.3950148
2022-11-21 07:00:00,3.4722223e-05,24.910797,-0.073215686,0.4010871,3.7870855
2022-11-21 08:00:00,3.4722223e-05,24.711823,-0.08028498,0.2107108,4.326918
2022-11-21 09:00:00,3.4722223e-05,24.683716,-0.08563575,0.13533142,4.6684947
2022-11-21 10:00:00,3.4722223e-05,25.151794,-0.08333714,0.2650544,4.3505435
2022-11-21 11:00:00,3.4722223e-05,25.130035,-0.074424624,0.2566399,4.462673
2022-11-21 12:00:00,19.686459,24.697418,-0.074793264,0.48172566,4.4880457
2022-11-21 13:00:00,73.41823,24.731323,-0.084605716,0.29275194,3.842746
2022-11-21 14:00:00,134.14424,25.311493,-0.09638608,0.3309669,3.6505237
2022-11-21 15:00:00,162.4916,25.518524,-0.106144324,0.43965316,3.7396443
2022-11-21 16:00:00,252.37692,25.683746,-0.13962051,0.48242694,3.9286406
2022-11-21 17:00:00,399.6407,26.317291,-0.20826432,0.73801446,4.1689677
2022-11-21 18:00:00,311.536,25.497711,-0.17212088,1.1895885,4.043679
2022-11-21 19:00:00,319.4419,25.855896,-0.16576175,0.41090417,3.7770846
2022-11-21 20:00:00,190.18369,26.538025,-0.13409626,0.8260151,3.763282
2022-11-21 21:00:00,151.82219,26.543915,-0.104019195,0.48593247,3.209537
2022-11-21 22:00:00,66.59493,25.369293,-0.073671065,0.21211338,2.605096
2022-11-21 23:00:00,19.78618,25.062653,-0.05830184,0.37759727,2.3972015
2022-11-22 00:00:00,3.4722223e-05,25.17569,-0.05190476,0.58655536,1.9356155
2022-11-22 01:00:00,3.4722223e-05,25.381226,-0.049042355,0.7625567,1.8448926
2022-11-22 02:00:00,3.4722223e-05,25.290405,-0.052240882,0.22087805,1.6264186
2022-11-22 03:00:00,3.4722223e-05,25.56726,-0.044439714,0.108686276,1.5253279
2022-11-22 04:00:00,3.4722223e-05,25.59317,-0.046125714,0.35901552,1.5343239
2022-11-22 05:00:00,3.4722223e-05,25.074585,-0.045247477,0.6633364,1.7918777
2022-11-22 06:00:00,3.4722223e-05,24.762604,-0.04982301,0.7572975,1.8322299
2022-11-22 07:00:00,3.4722223e-05,25.01654,-0.051910188,0.6009294,1.5388027
2022-11-22 08:00:00,3.4722223e-05,25.036041,-0.05034887,0.7443251,1.5910304
2022-11-22 09:00:00,3.4722223e-05,24.710602,-0.052208357,1.4553442,1.6693742
2022-11-22 10:00:00,3.4722223e-05,24.518677,-0.060318533,1.9335635,3.1069856
2022-11-22 11:00:00,3.4722223e-05,24.728973,-0.06912806,2.227367,2.7045448
2022-11-22 12:00:00,12.1936455,24.601532,-0.07046169,2.1320033,3.1172774
2022-11-22 13:00:00,38.432743,24.491364,-0.074435465,2.3360531,4.071253
2022-11-22 14:00:00,86.1532,24.751099,-0.075893775,2.700678,4.978382
2022-11-22 15:00:00,160.85344,24.803375,-0.087267555,3.996849,5.240927
2022-11-22 16:00:00,193.67368,24.398102,-0.103737295,6.1015058,5.585312
2022-11-22 17:00:00,274.76993,25.047821,-0.13574976,6.462975,5.4572754
2022-11-22 18:00:00,238.7873,25.051239,-0.13810799,7.7209306,5.2453203
2022-11-22 19:00:00,117.10736,25.003357,-0.123839274,3.2872334,4.9224133
2022-11-22 20:00:00,105.212845,25.200806,-0.11755063,3.8204966,4.3359494
2022-11-22 21:00:00,67.406876,25.510437,-0.101417,4.5823526,3.9161484
2022-11-22 22:00:00,40.768925,25.175964,-0.095334366,4.5925198,3.6546829
2022-11-22 23:00:00,5.284861,25.13977,-0.08553817,4.5504475,3.7984803
2022-11-23 00:00:00,3.4722223e-05,24.90445,-0.08050183,3.8352222,4.0951138
2022-11-23 01:00:00,3.4722223e-05,25.029724,-0.075698614,3.547729,3.8595505
2022-11-23 02:00:00,3.4722223e-05,24.761108,-0.08095722,2.4794488,3.5181465
2022-11-23 03:00:00,3.4722223e-05,24.478912,-0.0961096,1.6804291,3.7554467
2022-11-23 04:00:00,3.4722223e-05,24.27118,-0.111061394,1.7281109,3.8498454
2022-11-23 05:00:00,3.4722223e-05,24.234009,-0.11186374,2.7318811,3.9380834
2022-11-23 06:00:00,3.4722223e-05,24.365417,-0.11965949,4.8765063,4.056826
2022-11-23 07:00:00,3.4722223e-05,24.375854,-0.0843455,2.6354659,4.1292753
2022-11-23 08:00:00,3.4722223e-05,24.40564,-0.0914907,3.6374834,4.1897273
2022-11-23 09:00:00,3.4722223e-05,24.202301,-0.09659209,5.7638774,3.8581176
2022-11-23 10:00:00,3.4722223e-05,24.288483,-0.090905204,8.370944,3.555052
2022-11-23 11:00:00,3.4722223e-05,24.490936,-0.07716235,9.899564,3.1837249
2022-11-23 12:00:00,2.7065625,24.48645,-0.06942081,9.313008,3.1712382
2022-11-23 13:00:00,12.1936455,24.895142,-0.074684836,8.704015,2.9958537
2022-11-23 14:00:00,22.449965,25.522125,-0.084166594,8.023149,2.4796426
2022-11-23 15:00:00,80.426735,25.819,-0.11073612,6.9685416,2.24861
2022-11-23 16:00:00,123.58878,26.015045,-0.13384147,6.4002175,2.7330132
2022-11-23 17:00:00,76.29569,26.05362,-0.11292088,6.55939,2.8703964
2022-11-23 18:00:00,81.708786,26.184753,-0.10348792,6.140773,2.9602501
2022-11-23 19:00:00,256.06635,26.585358,-0.13701832,0.5718302,2.973773
2022-11-23 20:00:00,290.45355,26.498505,-0.13932776,0.32851285,2.4751189
2022-11-23 21:00:00,210.25476,26.564362,-0.11467736,0.11955481,2.763315
2022-11-23 22:00:00,73.617676,25.44693,-0.0889644,0.21456741,4.076365
2022-11-23 23:00:00,18.290485,25.59439,-0.082903445,0.25593862,4.0908966
2022-11-24 00:00:00,3.4722223e-05,25.633942,-0.075568505,0.2699625,4.2827244
2022-11-24 01:00:00,3.4722223e-05,25.285065,-0.07036953,0.16443151,3.9761457
2022-11-24 02:00:00,3.4722223e-05,24.960846,-0.0641622,0.19423291,3.080035
2022-11-24 03:00:00,3.4722223e-05,24.6427,-0.067290254,0.39863306,1.943089
2022-11-24 04:00:00,3.4722223e-05,24.475464,-0.061359417,0.5062679,1.557178
2022-11-24 05:00:00,3.4722223e-05,24.443237,-0.05859458,0.40389225,1.5092394
2022-11-24 06:00:00,3.4722223e-05,24.368835,-0.053254656,0.3797002,1.8949418
2022-11-24 07:00:00,3.4722223e-05,24.219177,-0.059169237,0.41160548,1.8213757
2022-11-24 08:00:00,3.4722223e-05,24.047546,-0.057016995,0.28784293,1.787316
2022-11-24 09:00:00,3.4722223e-05,24.36145,-0.059136715,0.19072649,2.0237176
2022-11-24 10:00:00,3.4722223e-05,24.10736,-0.06285569,0.26400203,2.6392732
2022-11-24 11:00:00,3.4722223e-05,24.430054,-0.061283514,0.22333302,2.4501443
2022-11-24 12:00:00,24.657951,24.528961,-0.067794435,0.042772852,2.7210138
2022-11-24 13:00:00,176.18095,24.963043,-0.100235164,0.050486065,2.7533453
2022-11-24 14:00:00,320.78094,25.727905,-0.14305216,0.10307692,2.9526362
2022-11-24 15:00:00,501.43475,26.34488,-0.1928463,0.24612156,2.9788806
2022-11-24 16:00:00,610.70746,26.74997,-0.24723224,0.14584976,3.149996
2022-11-24 17:00:00,527.07556,26.532135,-0.21403795,0.2983613,2.8645084
2022-11-24 18:00:00,586.4483,26.332214,-0.23739266,0.3057234,2.459092
2022-11-24 19:00:00,543.5427,25.913788,-0.20912087,0.09571388,2.2553883
2022-11-24 20:00:00,474.04184,26.228912,-0.18538125,0.061004423,2.59907
2022-11-24 21:00:00,295.14014,26.466003,-0.1330337,0.04662946,3.0465236
2022-11-24 22:00:00,167.46306,26.365173,-0.09619634,0.04137121,2.652028
2022-11-24 23:00:00,32.307465,26.106842,-0.05749949,0.6910339,1.820526
2022-11-25 00:00:00,3.4722223e-05,25.890045,-0.047556926,0.29660854,1.7434934
2022-11-25 01:00:00,3.4722223e-05,25.957,-0.0430356,0.035410747,1.5920007
2022-11-25 02:00:00,3.4722223e-05,25.715698,-0.040726155,0.039267354,1.2554927
2022-11-25 03:00:00,3.4722223e-05,25.400024,-0.036383748,0.06521121,1.1165855
2022-11-25 04:00:00,3.4722223e-05,25.138794,-0.03321773,0.3218511,1.2132459
2022-11-25 05:00:00,3.4722223e-05,24.996246,-0.033234,0.048733316,1.3159169
2022-11-25 06:00:00,3.4722223e-05,25.06607,-0.034220662,0.050486065,1.3467894
2022-11-25 07:00:00,3.4722223e-05,25.097595,-0.037364982,0.0830926,1.3304906
2022-11-25 08:00:00,3.4722223e-05,24.788788,-0.039468434,0.032255426,1.3356415
2022-11-25 09:00:00,3.4722223e-05,24.637085,-0.04294887,0.047681853,1.2463163
2022-11-25 10:00:00,3.4722223e-05,24.949615,-0.04273202,0.18126053,1.3934304
2022-11-25 11:00:00,3.4722223e-05,24.92273,-0.040476777,0.09010453,1.2113639
2022-11-25 12:00:00,26.381563,25.02533,-0.041436344,0.1276182,1.1851839
2022-11-25 13:00:00,114.8424,25.309021,-0.06579942,0.10623224,1.2348913
2022-11-25 14:00:00,267.8611,26.153748,-0.104761906,0.06345846,1.36427
2022-11-25 15:00:00,514.9817,26.758484,-0.16912292,0.030852854,1.4620196
2022-11-25 16:00:00,542.64526,26.67453,-0.16542022,0.04662946,1.6695265
2022-11-25 17:00:00,568.571,27.243073,-0.18770154,0.063809566,2.0249355
2022-11-25 18:00:00,593.71326,27.178436,-0.19222285,0.075729564,2.31691
2022-11-25 19:00:00,515.9503,27.518707,-0.20403574,0.07117167,2.6796415
2022-11-25 20:00:00,468.21567,27.465302,-0.18978871,0.02804771,3.23941
2022-11-25 21:00:00,309.22833,27.31192,-0.14115472,0.02804771,3.5232272
2022-11-25 22:00:00,170.32628,26.837372,-0.111224025,0.22263172,2.7946808
2022-11-25 23:00:00,30.11375,26.620758,-0.0799326,0.23350027,2.7332735
2022-11-26 00:00:00,3.4722223e-05,26.128082,-0.05521714,0.18126053,2.361245
2022-11-26 01:00:00,3.4722223e-05,25.947937,-0.04669494,0.29275194,2.2759433
2022-11-26 02:00:00,3.4722223e-05,25.79898,-0.043653637,0.650364,1.9126343
2022-11-26 03:00:00,3.4722223e-05,25.29779,-0.04413612,0.37759727,1.9069682
2022-11-26 04:00:00,3.4722223e-05,25.312195,-0.045209527,0.1321761,1.8803278
2022-11-26 05:00:00,3.4722223e-05,25.123688,-0.036004245,0.014725141,1.920553
2022-11-26 06:00:00,3.4722223e-05,25.19107,-0.033879127,0.09816792,1.8740067
2022-11-26 07:00:00,3.4722223e-05,25.364197,-0.05147107,1.5798072,1.7787713
2022-11-26 08:00:00,3.4722223e-05,25.411804,-0.05431722,0.4922431,2.4587636
2022-11-26 09:00:00,3.4722223e-05,25.144684,-0.061641317,0.06801635,2.5327203
2022-11-26 10:00:00,3.4722223e-05,24.827332,-0.060031205,0.052589923,2.8558323
2022-11-26 11:00:00,3.4722223e-05,24.749176,-0.059944477,0.083793886,2.3984978
2022-11-26 12:00:00,43.17632,24.972107,-0.07543296,0.15917234,1.413617
2022-11-26 13:00:00,131.5232,24.747925,-0.099833995,0.32956433,1.3070534
2022-11-26 14:00:00,279.9978,25.208893,-0.12858829,0.5227458,1.7991134
2022-11-26 15:00:00,268.00357,25.663269,-0.124495246,0.39162114,2.2944696
2022-11-26 16:00:00,448.45798,26.369293,-0.17267928,0.14339574,2.8528898
2022-11-26 17:00:00,521.9617,26.845367,-0.20426886,0.26189908,2.8663483
2022-11-26 18:00:00,420.1961,26.139069,-0.2026967,1.754757,2.2745335
2022-11-26 19:00:00,371.07968,26.10025,-0.15508732,0.24401769,2.0620036
2022-11-26 20:00:00,344.7266,25.901733,-0.14011927,0.29240084,1.5292455
2022-11-26 21:00:00,272.02063,25.693481,-0.12222916,0.56026036,1.5889326
2022-11-26 22:00:00,114.115906,26.44281,-0.09047692,0.44070557,2.3971903
2022-11-26 23:00:00,25.142258,26.123169,-0.056724254,0.07643085,2.0411294
2022-11-27 00:00:00,3.4722223e-05,25.825836,-0.044038534,0.07537939,1.5486367
2022-11-27 01:00:00,3.4722223e-05,25.863434,-0.04696059,0.07432699,1.9800979
2022-11-27 02:00:00,3.4722223e-05,25.782623,-0.046076924,0.26260036,1.9009018
2022-11-27 03:00:00,3.4722223e-05,25.057281,-0.039273262,0.68857986,1.8371466
2022-11-27 04:00:00,3.4722223e-05,24.752869,-0.040970117,1.4490327,1.7843941
2022-11-27 05:00:00,3.4722223e-05,24.958649,-0.051026523,0.43965316,1.86608
2022-11-27 06:00:00,3.4722223e-05,24.829529,-0.054420218,0.19177887,2.2430196
2022-11-27 07:00:00,3.4722223e-05,24.708954,-0.06652587,0.2117632,2.8837683
2022-11-27 08:00:00,3.4722223e-05,24.463531,-0.073703595,0.13287738,3.195979
2022-11-27 09:00:00,3.4722223e-05,24.220398,-0.07099298,0.037514605,3.3809547
2022-11-27 10:00:00,3.4722223e-05,24.49408,-0.0646718,0.12095738,2.8497121
2022-11-27 11:00:00,3.4722223e-05,24.131256,-0.05487561,0.31273627,2.7258284
2022-11-27 12:00:00,40.797432,24.624878,-0.053124547,0.91261417,2.5163033
2022-11-27 13:00:00,141.15274,24.819275,-0.08061026,0.6037345,2.1851568
2022-11-27 14:00:00,286.86383,25.62268,-0.12125876,0.5255509,2.0008798
2022-11-27 15:00:00,316.27954,25.657654,-0.15177494,1.7298646,2.0524738
2022-11-27 16:00:00,446.47797,25.696747,-0.22225656,2.8304002,2.073373
2022-11-27 17:00:00,353.9858,25.888123,-0.17628439,1.3869768,2.3321216
2022-11-27 18:00:00,353.0314,26.114655,-0.15626916,0.36953297,2.9339721
2022-11-27 19:00:00,216.53676,25.83612,-0.1420926,2.2894228,3.1013436
2022-11-27 20:00:00,140.91058,25.253082,-0.11540923,1.6222298,2.742381
2022-11-27 21:00:00,114.0732,25.6781,-0.102810256,1.0819538,2.3126266
2022-11-27 22:00:00,74.757256,25.051239,-0.088725865,0.33868012,3.1181848
2022-11-27 23:00:00,13.318993,24.923004,-0.06632527,0.93470144,3.110456
2022-11-28 00:00:00,3.4722223e-05,24.912018,-0.06585906,0.66088235,2.7682014
2022-11-28 01:00:00,3.4722223e-05,24.642975,-0.06234608,0.64720863,2.788428
2022-11-28 02:00:00,3.4722223e-05,24.15979,-0.058307253,1.4634076,2.9313016
2022-11-28 03:00:00,3.4722223e-05,24.033844,-0.06464469,2.184243,3.3144898
2022-11-28 04:00:00,3.4722223e-05,23.968231,-0.06800586,2.8759782,3.927533
2022-11-28 05:00:00,3.4722223e-05,23.992828,-0.07346506,4.514686,4.4651666
2022-11-28 06:00:00,3.4722223e-05,24.123444,-0.07930374,8.991158,4.4937463
2022-11-28 07:00:00,3.4722223e-05,23.875397,-0.09761671,2.7399454,4.596309
2022-11-28 08:00:00,3.4722223e-05,23.836395,-0.09425554,4.1837196,4.537631
2022-11-28 09:00:00,3.4722223e-05,24.114899,-0.093816414,5.031472,4.1841235
2022-11-28 10:00:00,3.4722223e-05,24.415222,-0.09067751,7.048478,3.983709
2022-11-28 11:00:00,3.4722223e-05,24.340027,-0.091897294,8.814454,3.8576288
2022-11-28 12:00:00,4.529896,24.105164,-0.088552386,12.200908,3.6775372
2022-11-28 13:00:00,14.857466,24.13205,-0.10030022,14.983977,3.4219983
2022-11-28 14:00:00,36.2533,24.659302,-0.10543956,16.414778,3.2689283
2022-11-28 15:00:00,41.125034,25.227264,-0.10214886,15.827171,3.5022562
2022-11-28 16:00:00,38.546738,25.342682,-0.10043033,13.148932,4.666674
2022-11-28 17:00:00,46.367153,25.579468,-0.11714403,10.44545,5.561952
2022-11-28 18:00:00,69.913994,25.543121,-0.13016044,7.816644,6.407638
2022-11-28 19:00:00,93.83118,25.579285,-0.17369305,3.638886,7.070701
2022-11-28 20:00:00,78.36121,25.56903,-0.1778674,3.084586,7.0252814
2022-11-28 21:00:00,53.204723,25.419617,-0.17430563,2.6880558,6.849784
2022-11-28 22:00:00,20.883055,24.819275,-0.15309231,2.311861,6.2342663
2022-11-28 23:00:00,6.082604,24.7323,-0.13937114,1.9125277,5.7185025
2022-11-29 00:00:00,3.4722223e-05,24.741882,-0.12428923,1.8658973,4.4613533
2022-11-29 01:00:00,3.4722223e-05,24.528687,-0.10559678,2.0208628,3.868769
2022-11-29 02:00:00,3.4722223e-05,24.263885,-0.09442359,2.165661,3.6411757
2022-11-29 03:00:00,3.4722223e-05,24.212067,-0.08761451,1.8013865,3.4728007
2022-11-29 04:00:00,3.4722223e-05,24.098846,-0.079656124,1.4686668,3.4294593
2022-11-29 05:00:00,3.4722223e-05,24.109985,-0.07840923,1.0027177,3.1646333
2022-11-29 06:00:00,3.4722223e-05,24.112701,-0.073454216,0.69664323,3.1288173
2022-11-29 07:00:00,3.4722223e-05,24.07785,-0.07396381,0.897889,2.9651535
2022-11-29 08:00:00,3.4722223e-05,23.92572,-0.07527576,0.93855804,2.9222684
2022-11-29 09:00:00,3.4722223e-05,24.19696,-0.07032616,0.7299511,2.3281198
2022-11-29 10:00:00,3.4722223e-05,24.285828,-0.06584279,0.30432177,2.275957
2022-11-29 11:00:00,3.4722223e-05,24.4169,-0.061489526,0.11780206,2.1800044
2022-11-29 12:00:00,42.164932,24.487946,-0.070477955,0.098869205,2.628972
2022-11-29 13:00:00,158.03296,24.672058,-0.10859473,0.21737255,3.063575
2022-11-29 14:00:00,232.8899,25.357605,-0.13533773,0.52870625,3.2225862
2022-11-29 15:00:00,307.7326,25.20819,-0.15739135,1.0847589,3.1914213
2022-11-29 16:00:00,330.31076,25.480927,-0.16903618,1.3915347,3.553702
2022-11-29 17:00:00,331.3364,25.945496,-0.1864926,2.1232386,3.95786
2022-11-29 18:00:00,392.7462,25.681274,-0.21440117,2.0829196,4.0847206
2022-11-29 19:00:00,468.24417,25.826569,-0.21487823,0.2394598,4.259094
2022-11-29 20:00:00,360.41025,25.638336,-0.18219897,0.24366751,3.8982775
2022-11-29 21:00:00,221.35153,25.183777,-0.14179985,0.15987363,3.3878078
2022-11-29 22:00:00,89.03066,25.111755,-0.09814257,0.84319526,3.1083696
2022-11-29 23:00:00,23.432882,25.1828,-0.06984908,0.6619338,2.490546
2022-11-30 00:00:00,3.4722223e-05,25.111053,-0.0555641,0.10693353,1.5378373
2022-11-30 01:00:00,3.4722223e-05,25.166656,-0.045621548,0.14479831,1.0625216
2022-11-30 02:00:00,3.4722223e-05,24.85852,-0.04245553,0.6040847,0.8574583
2022-11-30 03:00:00,3.4722223e-05,24.448425,-0.0408888,1.181174,0.68078434
2022-11-30 04:00:00,3.4722223e-05,24.714996,-0.044737883,0.96310025,0.89526844
2022-11-30 05:00:00,3.4722223e-05,24.649292,-0.04872792,0.4221229,1.1699586
2022-11-30 06:00:00,3.4722223e-05,24.801422,-0.047096126,0.11429563,1.4667268
2022-11-30 07:00:00,3.4722223e-05,24.801971,-0.054290112,0.14409703,1.8763638
2022-11-30 08:00:00,3.4722223e-05,24.675476,-0.057933196,0.22228062,2.1193109
2022-11-30 09:00:00,3.4722223e-05,24.39685,-0.06272015,0.43018723,2.1827142
2022-11-30 10:00:00,3.4722223e-05,24.576843,-0.06900879,0.2983613,2.4045012
2022-11-30 11:00:00,3.4722223e-05,24.732819,-0.06669934,0.2969587,2.1204185
2022-11-30 12:00:00,22.86309,24.825836,-0.06938286,0.11254288,2.081674
2022-11-30 13:00:00,127.734024,24.827087,-0.10284821,0.07432699,1.7036266
2022-11-30 14:00:00,175.83908,25.662048,-0.112292014,0.0830926,1.3533759
2022-11-30 15:00:00,297.21985,25.522644,-0.13230725,0.11008885,1.2417696
2022-11-30 16:00:00,307.56168,25.667389,-0.124359705,0.13778639,1.3803303
2022-11-30 17:00:00,395.0966,26.35199,-0.15251766,0.080638565,1.6804879
2022-11-30 18:00:00,490.56592,26.550934,-0.17523809,0.09255856,2.3534865
2022-11-30 19:00:00,649.14014,26.647125,-0.23361948,0.12586546,2.8649468
2022-11-30 20:00:00,540.20935,26.252808,-0.2242895,0.0662636,3.2685409
2022-11-30 21:00:00,317.21973,26.408112,-0.1572016,0.082040206,3.5877032
2022-11-30 22:00:00,150.19826,26.177643,-0.11255766,0.12481399,2.7559533
2022-11-30 23:00:00,31.196354,25.64035,-0.07900557,1.2015085,2.36105
2022-12-01 00:00:00,3.4722223e-05,25.52185,-0.06431399,0.33131802,1.987448
2022-12-01 01:00:00,3.4722223e-05,25.385193,-0.05843195,0.37479216,1.8682592
2022-12-01 02:00:00,3.4722223e-05,25.519653,-0.045968495,0.031904317,1.7205275
2022-12-01 03:00:00,3.4722223e-05,25.447449,-0.041956782,0.021035783,1.5178075
2022-12-01 04:00:00,3.4722223e-05,25.311493,-0.041783307,0.2566399,1.7985077
2022-12-01 05:00:00,3.4722223e-05,24.956207,-0.043214504,0.26224926,2.0046341
2022-12-01 06:00:00,3.4722223e-05,24.808289,-0.040471364,0.26400203,1.8958051
2022-12-01 07:00:00,3.4722223e-05,24.72818,-0.06351165,0.97957814,2.2660413
2022-12-01 08:00:00,3.4722223e-05,24.434265,-0.07724909,0.68893003,2.8671737
2022-12-01 09:00:00,3.4722223e-05,24.498474,-0.08405275,0.34288782,3.2140708
2022-12-01 10:00:00,3.4722223e-05,24.810211,-0.08456777,0.422474,3.7482529
2022-12-01 11:00:00,3.4722223e-05,24.906647,-0.087316334,1.0027177,2.975523
2022-12-01 12:00:00,24.17361,24.690857,-0.096321024,1.2989762,2.650262
2022-12-01 13:00:00,82.022156,24.760406,-0.107976705,1.2344652,2.6356006
2022-12-01 14:00:00,126.594444,25.195007,-0.10362345,0.35060105,2.4223342
2022-12-01 15:00:00,235.31152,25.209412,-0.11736631,0.1276182,2.1820464
2022-12-01 16:00:00,452.9736,25.47821,-0.16576175,0.10307692,2.314066
2022-12-01 17:00:00,598.54224,26.34021,-0.21748586,0.102024525,2.80297
2022-12-01 18:00:00,417.67474,26.490417,-0.17747706,0.35796314,3.188127
2022-12-01 19:00:00,380.0682,26.08612,-0.17509714,0.4638452,3.3866727
2022-12-01 20:00:00,455.40952,25.798523,-0.19551899,0.16338006,3.1601596
2022-12-01 21:00:00,279.1431,26.218903,-0.13752791,0.09115599,3.406996
2022-12-01 22:00:00,140.05586,25.69989,-0.092629164,0.07643085,2.8817854
2022-12-01 23:00:00,29.686388,25.794312,-0.058496997,0.23700577,1.7499907
2022-12-02 00:00:00,3.4722223e-05,25.594666,-0.045789596,0.47821924,1.7701148
2022-12-02 01:00:00,3.4722223e-05,25.621033,-0.041425504,0.3348235,1.6161236
2022-12-02 02:00:00,3.4722223e-05,25.3266,-0.037880003,0.3229035,1.2125323
2022-12-02 03:00:00,3.4722223e-05,24.996765,-0.033515897,0.108686276,1.4506305
2022-12-02 04:00:00,3.4722223e-05,24.765778,-0.031032978,0.20825677,1.7614605
2022-12-02 05:00:00,3.4722223e-05,24.694,-0.035256118,0.38951728,1.7728833
2022-12-02 06:00:00,3.4722223e-05,24.426636,-0.038405865,0.39512664,1.7887642
2022-12-02 07:00:00,3.4722223e-05,24.418915,-0.05021876,1.4276468,1.7367898
2022-12-02 08:00:00,3.4722223e-05,24.403961,-0.052506525,1.1625923,1.7941195
2022-12-02 09:00:00,3.4722223e-05,24.149078,-0.06389114,0.49574953,1.8215005
2022-12-02 10:00:00,3.4722223e-05,24.1857,-0.06947502,0.52134323,2.701816
2022-12-02 11:00:00,3.4722223e-05,24.863983,-0.074760735,1.2635654,2.4050362
2022-12-02 12:00:00,7.621042,24.268982,-0.07740088,3.3345642,2.5935054
2022-12-02 13:00:00,39.51538,24.444458,-0.07650095,5.535987,2.6426618
2022-12-02 14:00:00,71.822815,25.070465,-0.06942622,8.768877,2.8570015
2022-12-02 15:00:00,130.88216,25.291626,-0.09129011,9.040942,3.389536
2022-12-02 16:00:00,169.07274,25.470123,-0.104561314,8.008073,3.4288867
2022-12-02 17:00:00,148.80226,25.63147,-0.08913246,7.035156,3.4651568
2022-12-02 18:00:00,251.83563,25.673553,-0.12590477,5.7172475,3.3524208
2022-12-02 19:00:00,211.73622,25.61856,-0.117951795,2.6316094,3.021654
2022-12-02 20:00:00,178.9302,25.867828,-0.1122107,2.4685805,2.3629637
2022-12-02 21:00:00,141.15274,26.15155,-0.099649675,2.0159547,2.5082333
2022-12-02 22:00:00,95.07049,25.087585,-0.07933084,1.1888872,2.1992214
2022-12-02 23:00:00,25.04257,25.019165,-0.059684258,1.034623,2.427792
2022-12-03 00:00:00,3.4722223e-05,25.062378,-0.0466841,0.78289115,2.7392952
2022-12-03 01:00:00,3.4722223e-05,24.669159,-0.039669015,1.1478672,2.431938
2022-12-03 02:00:00,3.4722223e-05,24.62909,-0.03670901,0.9311959,1.8963397
2022-12-03 03:00:00,3.4722223e-05,24.55188,-0.035684396,0.2850387,2.0922706
2022-12-03 04:00:00,3.4722223e-05,24.50412,-0.037180666,0.01156982,2.2884204
2022-12-03 05:00:00,3.4722223e-05,24.49408,-0.04039546,0.010868534,2.2154953
2022-12-03 06:00:00,3.4722223e-05,24.239899,-0.039349165,0.039267354,2.0956454
2022-12-03 07:00:00,3.4722223e-05,23.886353,-0.059326455,0.2822336,2.3753662
2022-12-03 08:00:00,3.4722223e-05,23.96701,-0.063435756,0.3593657,2.616612
2022-12-03 09:00:00,3.4722223e-05,23.922546,-0.058036197,0.29099825,2.2156537
2022-12-03 10:00:00,3.4722223e-05,24.595642,-0.05078799,0.28328505,1.6939882
2022-12-03 11:00:00,3.4722223e-05,24.663513,-0.046863,0.13743527,1.2772951
2022-12-03 12:00:00,15.427257,24.64981,-0.054691292,0.21596998,1.2577893
2022-12-03 13:00:00,61.124897,24.45105,-0.06641744,0.22157934,1.5843205
2022-12-03 14:00:00,150.24097,25.08664,-0.083808795,0.12481399,2.0894525
2022-12-03 15:00:00,261.79282,25.507446,-0.10983619,0.115348026,2.1916432
2022-12-03 16:00:00,366.678,25.995026,-0.14748675,0.068717636,2.2547066
2022-12-03 17:00:00,385.80893,26.666687,-0.14642417,0.030852854,2.1886787
2022-12-03 18:00:00,424.669,26.460114,-0.15354227,0.014725141,2.411548
2022-12-03 19:00:00,541.4914,26.353668,-0.20152572,0.048733316,2.899153
2022-12-03 20:00:00,503.15842,26.117126,-0.1944835,0.02489239,3.5365417
2022-12-03 21:00:00,283.7727,26.343475,-0.1411493,0.0613546,3.3878288
2022-12-03 22:00:00,159.44319,26.213287,-0.10212718,0.0950126,3.7054145
2022-12-03 23:00:00,34.55816,25.881714,-0.06929612,0.09536371,3.3518052
2022-12-04 00:00:00,3.4722223e-05,25.235779,-0.05481056,0.12831949,3.2325706
2022-12-04 01:00:00,3.4722223e-05,25.263794,-0.052479416,0.09185728,2.7967215
2022-12-04 02:00:00,3.4722223e-05,25.140045,-0.048364688,0.15671831,2.122144
2022-12-04 03:00:00,3.4722223e-05,24.836578,-0.043897584,0.15741959,1.5364852
2022-12-04 04:00:00,3.4722223e-05,25.145203,-0.04402228,0.5010087,1.2772294
2022-12-04 05:00:00,3.4722223e-05,24.621979,-0.044477668,0.72469187,1.4224051
2022-12-04 06:00:00,3.4722223e-05,24.39563,-0.04844059,0.9445185,1.8045276
2022-12-04 07:00:00,3.4722223e-05,24.089539,-0.052522782,0.7411698,1.7606931
2022-12-04 08:00:00,3.4722223e-05,23.742126,-0.048001472,0.98799264,1.5483973
2022-12-04 09:00:00,3.4722223e-05,23.337555,-0.05266916,1.4399178,1.8094207
2022-12-04 10:00:00,3.4722223e-05,24.25238,-0.05793861,0.59426856,2.5520208
2022-12-04 11:00:00,3.4722223e-05,24.296814,-0.05936982,0.54693687,2.1502852
2022-12-04 12:00:00,12.036944,23.935455,-0.062497884,0.92137885,1.9335883
2022-12-04 13:00:00,55.968227,23.977722,-0.07617568,0.919275,1.9793797
2022-12-04 14:00:00,138.87354,24.371307,-0.10112967,0.85967314,2.201309
2022-12-04 15:00:00,234.9839,24.607147,-0.119860075,0.4140595,2.7258143
2022-12-04 16:00:00,265.4965,24.692505,-0.11987633,0.41090417,3.4060297
2022-12-04 17:00:00,224.71333,25.10025,-0.11594051,1.0511009,3.4983296
2022-12-04 18:00:00,279.0434,25.066772,-0.14587663,1.2246482,3.9699185
2022-12-04 19:00:00,333.0173,24.993774,-0.17831194,1.5696399,3.730407
2022-12-04 20:00:00,228.11786,25.033844,-0.15382418,1.2379717,3.504312
2022-12-04 21:00:00,95.81122,25.09488,-0.10845377,1.9570533,3.4032998
2022-12-04 22:00:00,45.726147,24.348297,-0.096136704,1.0833564,3.3517375
2022-12-04 23:00:00,11.837535,24.278473,-0.08241011,1.205015,3.216411
2022-12-05 00:00:00,3.4722223e-05,24.157867,-0.07167063,1.423439,3.248513
2022-12-05 01:00:00,3.4722223e-05,24.268707,-0.07161641,0.67701006,3.4179735
2022-12-05 02:00:00,3.4722223e-05,24.369812,-0.07349216,0.45858604,3.4855325
2022-12-05 03:00:00,3.4722223e-05,24.312897,-0.07032616,0.5174866,3.2779284
2022-12-05 04:00:00,3.4722223e-05,24.120789,-0.06705715,1.1457633,3.4724422
2022-12-05 05:00:00,3.4722223e-05,24.140991,-0.07228322,2.232626,3.509867
2022-12-05 06:00:00,3.4722223e-05,24.089783,-0.0871537,3.156809,3.3108196
2022-12-05 07:00:00,3.4722223e-05,24.074432,-0.07882125,0.39232242,2.797305
2022-12-05 08:00:00,3.4722223e-05,24.049042,-0.07045627,0.6412491,2.389636
2022-12-05 09:00:00,3.4722223e-05,24.420563,-0.06029685,0.6622849,2.5743754
2022-12-05 10:00:00,3.4722223e-05,24.17746,-0.06671561,0.6917352,2.394585
2022-12-05 11:00:00,3.4722223e-05,24.257477,-0.0717682,0.6938391,2.3944051
2022-12-05 12:00:00,16.467117,24.154968,-0.068385355,0.71908253,2.4681463
2022-12-05 13:00:00,72.13618,24.253601,-0.085847184,0.49504822,2.4703176
2022-12-05 14:00:00,124.88507,24.578339,-0.105032966,0.33903122,2.8251686
2022-12-05 15:00:00,443.0734,25.478455,-0.18972367,0.18301326,3.042978
2022-12-05 16:00:00,602.4881,25.950836,-0.23064323,0.21737255,3.4635055
2022-12-05 17:00:00,686.647,26.323883,-0.25710976,0.26715732,3.1040516
2022-12-05 18:00:00,673.4989,26.52185,-0.25552675,0.31483918,3.185337
2022-12-05 19:00:00,587.57367,26.054138,-0.25050664,0.1816107,3.6867113
2022-12-05 20:00:00,451.96222,26.397125,-0.23464951,1.3238685,3.6594896
2022-12-05 21:00:00,263.30276,26.427887,-0.17343824,0.739417,2.9513896
2022-12-05 22:00:00,161.1241,25.862213,-0.11434667,0.022438355,2.8249211
2022-12-05 23:00:00,38.632187,25.801971,-0.07727619,0.0035054982,1.9621346
2022-12-06 00:00:00,3.4722223e-05,25.662994,-0.058708422,0.0063106418,1.952544
2022-12-06 01:00:00,3.4722223e-05,25.423492,-0.05715796,0.0014025718,1.9325615
2022-12-06 02:00:00,3.4722223e-05,25.375702,-0.055227995,0.008063391,1.7279936
2022-12-06 03:00:00,3.4722223e-05,25.033417,-0.053325128,0.1539141,1.7382087
2022-12-06 04:00:00,3.4722223e-05,24.857544,-0.058979496,0.23174658,1.8065515
2022-12-06 05:00:00,3.4722223e-05,24.474243,-0.066379495,0.31483918,2.0599048
2022-12-06 06:00:00,3.4722223e-05,24.237427,-0.06576147,0.22648834,2.255458
2022-12-06 07:00:00,3.4722223e-05,23.781128,-0.04968747,0.11114031,2.170348
2022-12-06 08:00:00,3.4722223e-05,23.654205,-0.05364498,0.058550388,2.2614143
2022-12-06 09:00:00,3.4722223e-05,24.092438,-0.05286974,0.34919846,2.0521913
2022-12-06 10:00:00,3.4722223e-05,24.213013,-0.05677846,0.23875944,1.6492146
2022-12-06 11:00:00,3.4722223e-05,24.311218,-0.0577326,0.075729564,1.6524711
2022-12-06 12:00:00,33.8459,24.289978,-0.06537113,0.093961135,1.6851174
2022-12-06 13:00:00,122.22125,24.241669,-0.09023297,0.18757117,1.5730879
2022-12-06 14:00:00,238.24599,25.067047,-0.11030784,0.06661378,1.1378039
2022-12-06 15:00:00,511.0216,25.57904,-0.1789625,0.07152278,0.65726966
2022-12-06 16:00:00,665.59296,25.917389,-0.21681362,0.10097306,0.27489406
2022-12-06 17:00:00,738.4842,26.25528,-0.23743603,0.07432699,0.94118685
2022-12-06 18:00:00,786.98804,26.424286,-0.2502302,0.040669926,1.6731933
2022-12-06 19:00:00,487.8736,26.60373,-0.18962608,0.29169953,1.7917004
2022-12-06 20:00:00,447.005,26.832703,-0.1807298,0.14339574,1.6773571
2022-12-06 21:00:00,377.3332,26.615387,-0.15472953,0.05819928,1.8428351
2022-12-06 22:00:00,224.30023,26.348572,-0.10324938,0.083793886,1.2106562
2022-12-06 23:00:00,44.785973,26.336609,-0.04872792,0.10097306,1.1355175
2022-12-07 00:00:00,3.4722223e-05,25.897614,-0.029346963,1.6502775,0.70087093
2022-12-07 01:00:00,3.4722223e-05,25.986511,-0.0238715,0.7071616,0.4846023
2022-12-07 02:00:00,3.4722223e-05,25.733093,-0.02757422,0.28188342,0.6917052
2022-12-07 03:00:00,3.4722223e-05,25.018219,-0.031428717,0.6212648,1.0027905
2022-12-07 04:00:00,3.4722223e-05,24.46283,-0.030897442,0.5798936,1.0152191
2022-12-07 05:00:00,3.4722223e-05,24.612488,-0.032827403,0.09676535,1.1962517
2022-12-07 06:00:00,3.4722223e-05,24.666962,-0.037289094,0.3022179,1.3170513
2022-12-07 07:00:00,3.4722223e-05,24.568481,-0.042298313,1.613114,1.6258785
2022-12-07 08:00:00,3.4722223e-05,24.661072,-0.053710043,2.0390944,1.6238286
2022-12-07 09:00:00,3.4722223e-05,24.367096,-0.05032176,1.0858104,1.5716206
2022-12-07 10:00:00,3.4722223e-05,24.236206,-0.04863576,0.42948592,1.4954576
2022-12-07 11:00:00,3.4722223e-05,24.466248,-0.045621548,0.64475465,0.87568074
2022-12-07 12:00:00,13.675138,24.160309,-0.049633265,0.87650216,0.9369007
2022-12-07 13:00:00,85.22726,24.3432,-0.06713846,0.81689936,1.0435581
2022-12-07 14:00:00,154.92757,24.811707,-0.07849597,0.8049793,1.0645175
2022-12-07 15:00:00,306.67847,25.389313,-0.11755604,0.6752573,1.4301462
2022-12-07 16:00:00,359.85474,25.4516,-0.13773392,0.6815679,1.0204638
2022-12-07 17:00:00,433.4581,25.77237,-0.16740438,0.6489623,1.3398833
2022-12-07 18:00:00,395.239,25.437714,-0.16736645,1.5692887,1.5699695
2022-12-07 19:00:00,243.73027,25.919128,-0.12469583,2.7704473,1.3764416
2022-12-07 20:00:00,241.06648,26.160583,-0.112020954,2.3746192,1.3197391
2022-12-07 21:00:00,173.83055,26.424988,-0.08718623,1.0805511,1.1286901
2022-12-07 22:00:00,111.380905,25.064148,-0.077037655,0.26750845,1.8529203
2022-12-07 23:00:00,17.336077,25.077332,-0.05609539,0.14584976,2.152074
2022-12-08 00:00:00,3.4722223e-05,25.021637,-0.0470636,0.25383475,2.1380532
2022-12-08 01:00:00,3.4722223e-05,25.20697,-0.044656552,0.20615292,1.7578524
2022-12-08 02:00:00,3.4722223e-05,25.092163,-0.04655399,0.5788421,1.8222619
2022-12-08 03:00:00,3.4722223e-05,24.69278,-0.04571912,1.0437388,1.880137
2022-12-08 04:00:00,3.4722223e-05,24.77771,-0.04584923,1.349112,2.10322
2022-12-08 05:00:00,3.4722223e-05,24.61029,-0.04324704,1.7719362,1.8612206
2022-12-08 06:00:00,3.4722223e-05,24.345825,-0.044591505,1.9507427,1.4808532
2022-12-08 07:00:00,3.4722223e-05,24.363922,-0.049486887,0.6293282,1.3748969
2022-12-08 08:00:00,3.4722223e-05,24.2753,-0.042769972,0.85195994,0.91575694
2022-12-08 09:00:00,3.4722223e-05,24.257202,-0.03816733,1.284251,0.64570504
2022-12-08 10:00:00,3.4722223e-05,24.170593,-0.04039546,1.2404257,0.64178663
2022-12-08 11:00:00,3.4722223e-05,24.192566,-0.043073554,1.2165848,0.83417237
2022-12-08 12:00:00,13.746354,24.220123,-0.04698227,1.1759149,0.7819261
2022-12-08 13:00:00,70.027954,24.48285,-0.062075023,1.2807446,0.8100125
2022-12-08 14:00:00,114.40083,24.95575,-0.067377,1.2940671,0.9111525
2022-12-08 15:00:00,137.47757,25.081177,-0.07023942,1.2102742,0.9678231
2022-12-08 16:00:00,124.72837,24.998444,-0.06412968,0.92137885,0.79627395
2022-12-08 17:00:00,150.79652,25.575073,-0.075568505,0.5255509,1.0780866
2022-12-08 18:00:00,119.785385,25.746552,-0.0738825,0.19563548,1.7191521
2022-12-08 19:00:00,385.21063,26.15155,-0.14496045,0.0017527491,1.9135643
2022-12-08 20:00:00,413.00244,26.250885,-0.15980381,0.0,1.4435225
2022-12-08 21:00:00,261.83554,26.236053,-0.11907941,0.0003501773,0.8073767
2022-12-08 22:00:00,125.810974,26.477692,-0.07612147,0.0,0.22968732
2022-12-08 23:00:00,38.162117,26.193268,-0.043995168,0.00490807,0.85654753
2022-12-09 00:00:00,3.4722223e-05,25.80777,-0.03182447,0.38671213,1.0009514
2022-12-09 01:00:00,3.4722223e-05,25.906403,-0.034171868,0.5578054,1.1635586
2022-12-09 02:00:00,3.4722223e-05,25.6745,-0.035120595,0.3470946,1.3710953
2022-12-09 03:00:00,3.4722223e-05,25.091461,-0.037717372,0.64790994,1.6919527
2022-12-09 04:00:00,3.4722223e-05,24.717712,-0.04376206,0.38811472,2.1749485
2022-12-09 05:00:00,3.4722223e-05,24.431122,-0.04516616,0.31098258,2.0372648
2022-12-09 06:00:00,3.4722223e-05,24.289978,-0.047724985,0.39828196,1.9245405
2022-12-09 07:00:00,3.4722223e-05,24.182281,-0.048380956,0.57042766,1.7470797
2022-12-09 08:00:00,3.4722223e-05,24.018463,-0.04718287,0.7611541,1.2510588
2022-12-09 09:00:00,3.4722223e-05,24.304626,-0.051205426,0.6089937,1.4761119
2022-12-09 10:00:00,3.4722223e-05,24.195007,-0.04699311,0.9694109,1.4753847
2022-12-09 11:00:00,3.4722223e-05,23.892242,-0.04110564,0.92839074,2.0588324
2022-12-09 12:00:00,21.15368,23.97702,-0.04555106,0.8235611,2.3513963
2022-12-09 13:00:00,93.133194,24.51358,-0.07073275,0.19072649,3.2030935
2022-12-09 14:00:00,165.88188,25.31607,-0.089224614,0.05153846,3.5167828
2022-12-09 15:00:00,311.62146,25.406189,-0.123823,0.18897372,3.8973317
2022-12-09 16:00:00,303.0033,25.448425,-0.116406746,0.17845538,3.7638297
2022-12-09 17:00:00,372.26202,26.170074,-0.14189202,0.24787429,3.5688283
2022-12-09 18:00:00,477.0475,26.4328,-0.1827682,0.16723666,3.667693
2022-12-09 19:00:00,318.95758,26.198181,-0.18094666,1.3445542,3.9470172
2022-12-09 20:00:00,217.00684,26.2753,-0.15807442,2.097995,4.1982107
2022-12-09 21:00:00,128.8309,26.345673,-0.13611297,2.9965854,4.0989466
2022-12-09 22:00:00,39.287464,25.280212,-0.09528015,2.5257282,3.2771158
2022-12-09 23:00:00,12.1936455,25.338013,-0.06695415,1.8816749,2.1786602
2022-12-10 00:00:00,3.4722223e-05,25.378601,-0.051395167,1.39469,2.2310834
2022-12-10 01:00:00,3.4722223e-05,25.390106,-0.049790483,0.3439393,2.1136262
2022-12-10 02:00:00,3.4722223e-05,25.525269,-0.042536847,0.12831949,2.1386728
2022-12-10 03:00:00,3.4722223e-05,25.375885,-0.04131708,0.20159501,2.23737
2022-12-10 04:00:00,3.4722223e-05,25.043854,-0.044591505,0.24016109,2.5204103
2022-12-10 05:00:00,3.4722223e-05,24.861237,-0.048679125,0.2029976,2.3754985
2022-12-10 06:00:00,3.4722223e-05,24.668884,-0.05665919,0.11955481,2.4690008
2022-12-10 07:00:00,3.4722223e-05,24.741364,-0.067664325,0.57463443,2.1912029
2022-12-10 08:00:00,3.4722223e-05,24.593445,-0.06562053,0.43018723,1.7673802
2022-12-10 09:00:00,3.4722223e-05,24.552673,-0.064107984,0.1483038,1.6384075
2022-12-10 10:00:00,3.4722223e-05,24.589996,-0.05608455,0.28293487,1.616064
2022-12-10 11:00:00,3.4722223e-05,24.397644,-0.050956048,0.29660854,1.2290281
2022-12-10 12:00:00,12.521285,24.646149,-0.056908567,1.3995981,1.74592
2022-12-10 13:00:00,76.42393,24.26117,-0.07219649,0.8610757,1.9905137
2022-12-10 14:00:00,100.69722,24.902252,-0.07632205,1.6650027,1.8614382
2022-12-10 15:00:00,248.1177,25.539246,-0.12497231,1.1082487,1.9476993
2022-12-10 16:00:00,385.88013,26.018463,-0.1785559,2.3230808,1.9771004
2022-12-10 17:00:00,342.83206,26.331696,-0.15591136,3.099311,1.8564024
2022-12-10 18:00:00,370.56686,26.372437,-0.16397274,3.3250983,1.2991959
2022-12-10 19:00:00,645.522,26.24405,-0.21712264,0.22473466,0.63570976
2022-12-10 20:00:00,391.69205,26.654663,-0.14791502,0.86072457,0.9385754
2022-12-10 21:00:00,357.0912,26.624878,-0.1406126,0.25418586,0.69679886
2022-12-10 22:00:00,155.9532,26.571472,-0.07396381,0.5578054,0.64217395
2022-12-10 23:00:00,40.07094,26.436646,-0.042531434,0.33622608,0.67530453
2022-12-11 00:00:00,3.4722223e-05,26.318512,-0.039484687,0.19458309,1.660004
2022-12-11 01:00:00,3.4722223e-05,26.33731,-0.04601729,0.05153846,2.3808053
2022-12-11 02:00:00,3.4722223e-05,26.01355,-0.04736718,0.026294962,2.2894266
2022-12-11 03:00:00,3.4722223e-05,25.397827,-0.04431502,0.09255856,2.201297
2022-12-11 04:00:00,3.4722223e-05,24.944519,-0.05007781,1.0142876,2.076718
2022-12-11 05:00:00,3.4722223e-05,24.651764,-0.057537444,1.0447903,2.175294
2022-12-11 06:00:00,3.4722223e-05,24.739166,-0.057369385,0.059251674,1.9990633
2022-12-11 07:00:00,3.4722223e-05,24.25528,-0.058968652,0.9855386,1.9610621
2022-12-11 08:00:00,3.4722223e-05,24.039734,-0.059017446,0.10447856,1.5550233
2022-12-11 09:00:00,3.4722223e-05,24.227692,-0.051953554,0.3232537,1.591948
2022-12-11 10:00:00,3.4722223e-05,24.755066,-0.04385963,0.051888637,0.6223723
2022-12-11 11:00:00,3.4722223e-05,25.091187,-0.03764147,0.0052591786,1.1461778
2022-12-11 12:00:00,25.0283,24.858093,-0.044998102,0.0077132136,1.1685215
2022-12-11 13:00:00,125.31239,24.893738,-0.073725276,0.005609356,1.5988793
2022-12-11 14:00:00,233.38847,25.600464,-0.11100176,0.008414499,1.5446353
2022-12-11 15:00:00,499.52597,26.184052,-0.18202549,0.05329121,0.89585936
2022-12-11 16:00:00,602.773,26.527039,-0.19684717,0.07923599,0.24485189
2022-12-11 17:00:00,791.0764,26.886627,-0.26104555,0.16197748,0.75154114
2022-12-11 18:00:00,681.2767,26.590973,-0.23123413,0.049084425,1.4144922
2022-12-11 19:00:00,564.8673,26.786316,-0.19196805,0.22543594,1.382231
2022-12-11 20:00:00,473.9421,27.446686,-0.16974095,0.19843969,1.2048036
2022-12-11 21:00:00,292.07745,27.579742,-0.11182579,0.41476077,0.82051194
2022-12-11 22:00:00,191.76488,26.610046,-0.09247194,0.5259011,1.2416666
2022-12-11 23:00:00,40.740417,26.154968,-0.042526007,0.921729,1.8171897
2022-12-12 00:00:00,3.4722223e-05,26.052917,-0.033499643,0.10833517,2.2055242
2022-12-12 01:00:00,3.4722223e-05,26.084625,-0.037787847,0.10623224,2.1106172
2022-12-12 02:00:00,3.4722223e-05,25.901733,-0.040308718,0.05819928,1.90534
2022-12-12 03:00:00,3.4722223e-05,25.879791,-0.050592817,0.11149142,1.8896859
2022-12-12 04:00:00,3.4722223e-05,25.773163,-0.057981975,0.1735473,1.8164594
2022-12-12 05:00:00,3.4722223e-05,25.371216,-0.056062855,0.2650544,2.2853782
2022-12-12 06:00:00,3.4722223e-05,24.767975,-0.049280874,0.7362617,2.2132592
2022-12-12 07:00:00,3.4722223e-05,24.781403,-0.052636635,1.7866614,1.606938
2022-12-12 08:00:00,3.4722223e-05,24.916656,-0.0566863,1.2449837,1.5188113
2022-12-12 09:00:00,3.4722223e-05,24.538727,-0.06313216,0.48347843,1.7557727
2022-12-12 10:00:00,3.4722223e-05,25.020233,-0.06594037,0.11639949,1.7386216
2022-12-12 11:00:00,3.4722223e-05,25.200378,-0.06685113,0.11639949,1.7217584
2022-12-12 12:00:00,13.831805,24.944,-0.059857734,0.17074215,1.8591961
2022-12-12 13:00:00,55.683334,24.791138,-0.0588548,0.21632016,1.874683
2022-12-12 14:00:00,169.35764,25.238922,-0.08390638,0.17775409,2.0622842
2022-12-12 15:00:00,293.47348,25.489868,-0.12049978,0.34148526,2.1130002
2022-12-12 16:00:00,375.35315,25.99582,-0.14962271,0.29310212,2.042649
2022-12-12 17:00:00,287.67578,26.210846,-0.12829012,0.18897372,1.8963931
2022-12-12 18:00:00,357.23364,26.125885,-0.14959018,0.09536371,1.8103251
2022-12-12 19:00:00,339.47025,26.323425,-0.13858505,0.17775409,1.6477773
2022-12-12 20:00:00,289.95496,26.270203,-0.13184102,0.25208202,1.2992128
2022-12-12 21:00:00,177.96156,26.820923,-0.0959307,0.40529484,1.2647318
2022-12-12 22:00:00,110.754135,25.955505,-0.073015094,0.05995296,1.5082401
2022-12-12 23:00:00,32.67781,25.733551,-0.040612314,0.18511713,1.8560915
2022-12-13 00:00:00,3.4722223e-05,25.750397,-0.031629317,0.020334497,1.5076008
2022-12-13 01:00:00,3.4722223e-05,25.498657,-0.02785612,0.0010514632,1.4460158
2022-12-13 02:00:00,3.4722223e-05,25.414001,-0.030366166,0.108686276,1.7384899
2022-12-13 03:00:00,3.4722223e-05,25.172546,-0.038232394,0.32991543,1.756509
2022-12-13 04:00:00,3.4722223e-05,24.994751,-0.03753304,0.18266308,1.5129682
2022-12-13 05:00:00,3.4722223e-05,24.918854,-0.0356573,0.10833517,1.1363376
2022-12-13 06:00:00,3.4722223e-05,24.422516,-0.0345351,0.3677802,0.9155634
2022-12-13 07:00:00,3.4722223e-05,24.587555,-0.042379644,1.1320896,1.1154715
2022-12-13 08:00:00,3.4722223e-05,23.858612,-0.039050996,0.88106,0.9051037
2022-12-13 09:00:00,3.4722223e-05,23.897858,-0.04572455,0.68086666,0.9990636
2022-12-13 10:00:00,3.4722223e-05,24.135895,-0.054078687,0.3677802,1.3687617
2022-12-13 11:00:00,3.4722223e-05,24.128601,-0.058811434,0.30362046,1.4822702
2022-12-13 12:00:00,28.033993,24.288208,-0.064991646,0.051888637,2.0483663
2022-12-13 13:00:00,174.05847,24.592468,-0.09775766,0.002454035,2.106239
2022-12-13 14:00:00,331.7353,25.272827,-0.13567385,0.0010514632,2.2506328
2022-12-13 15:00:00,441.9338,25.572449,-0.15731004,0.102024525,2.1219356
2022-12-13 16:00:00,618.48517,25.878387,-0.21005876,0.18126053,1.6787969
2022-12-13 17:00:00,791.1476,26.459137,-0.2770816,0.16267878,1.8426752
2022-12-13 18:00:00,723.3846,26.606873,-0.24915135,0.024191104,2.1317315
2022-12-13 19:00:00,552.1466,26.648865,-0.20609039,0.042772852,2.6365533
2022-12-13 20:00:00,404.1991,26.854675,-0.16397274,0.06591249,2.4333282
2022-12-13 21:00:00,298.71558,27.248688,-0.1331855,0.1493562,2.0644627
2022-12-13 22:00:00,138.93053,26.341705,-0.08463283,0.6661415,2.3591163
2022-12-13 23:00:00,30.669306,25.866333,-0.0505115,1.7267094,1.910687
2022-12-14 00:00:00,3.4722223e-05,25.811707,-0.048511066,0.39582792,2.1421232
2022-12-14 01:00:00,3.4722223e-05,25.905426,-0.04971458,0.108686276,2.257657
2022-12-14 02:00:00,3.4722223e-05,25.779907,-0.05020792,0.24507008,2.4270158
2022-12-14 03:00:00,3.4722223e-05,25.51236,-0.05161202,0.06345846,2.2781982
2022-12-14 04:00:00,3.4722223e-05,25.338531,-0.053113706,0.01156982,2.3423057
2022-12-14 05:00:00,3.4722223e-05,25.263367,-0.050278395,0.025243498,2.0694344
2022-12-14 06:00:00,3.4722223e-05,24.91571,-0.047258757,0.016828999,1.7858955
2022-12-14 07:00:00,3.4722223e-05,24.891724,-0.043951806,0.34043285,1.9508626
2022-12-14 08:00:00,3.4722223e-05,24.443756,-0.04600645,0.8000713,2.0499866
2022-12-14 09:00:00,3.4722223e-05,24.588776,-0.04337715,0.32430607,1.6595991
2022-12-14 10:00:00,3.4722223e-05,24.957703,-0.03918652,0.12446288,1.2139126
2022-12-14 11:00:00,3.4722223e-05,25.197205,-0.035147693,0.06486103,1.2768577
2022-12-14 12:00:00,14.700764,25.022156,-0.041279126,0.25804248,1.741554
2022-12-14 13:00:00,93.67448,25.231659,-0.06113715,0.5798936,2.2447598
2022-12-14 14:00:00,186.50851,25.983337,-0.07725451,0.640898,2.4913738
2022-12-14 15:00:00,233.48819,26.037537,-0.09636982,0.19773841,2.6326704
2022-12-14 16:00:00,186.3803,25.787567,-0.08312572,0.14549959,2.7570453
2022-12-14 17:00:00,245.79578,26.221375,-0.1178759,0.09676535,2.7656004
2022-12-14 18:00:00,384.99695,26.475494,-0.16205361,0.08905213,2.6993105
2022-12-14 19:00:00,634.83826,26.824371,-0.23062153,0.12972206,2.7410436
2022-12-14 20:00:00,427.8456,27.312897,-0.16048147,0.15251152,3.0740676
2022-12-14 21:00:00,316.33652,27.500427,-0.1332614,0.77202266,3.1244583
2022-12-14 22:00:00,178.48863,26.696198,-0.104257725,0.50416404,2.6820073
2022-12-14 23:00:00,43.746113,26.59195,-0.05841568,0.8488046,2.106835
2022-12-15 00:00:00,3.4722223e-05,26.554108,-0.041582707,0.1493562,2.1947198
2022-12-15 01:00:00,3.4722223e-05,26.535828,-0.038259488,0.010167249,2.173114
2022-12-15 02:00:00,3.4722223e-05,26.282593,-0.033071365,0.22087805,1.9244769
2022-12-15 03:00:00,3.4722223e-05,25.968658,-0.03672528,0.5062679,1.8213116
2022-12-15 04:00:00,3.4722223e-05,25.53897,-0.037467994,0.38636196,2.0943942
2022-12-15 05:00:00,3.4722223e-05,25.25827,-0.039191946,0.16197748,2.5022328
2022-12-15 06:00:00,3.4722223e-05,25.244019,-0.038460072,0.07152278,2.7283316
2022-12-15 07:00:00,3.4722223e-05,25.048248,-0.06331649,0.2699625,2.7516496
2022-12-15 08:00:00,3.4722223e-05,24.638306,-0.061630476,1.2898604,2.5790212
2022-12-15 09:00:00,3.4722223e-05,24.619354,-0.05379136,1.3960925,2.626034
2022-12-15 10:00:00,3.4722223e-05,24.783325,-0.05513041,1.5100371,1.9553776
2022-12-15 11:00:00,3.4722223e-05,24.860535,-0.042417582,1.4637579,1.3956392
2022-12-15 12:00:00,19.002708,24.71991,-0.04459692,0.82952154,1.6927791
2022-12-15 13:00:00,63.774445,24.58316,-0.051346377,0.45928732,2.4312072
2022-12-15 14:00:00,116.19566,24.980865,-0.0588548,0.37093553,2.7443154
2022-12-15 15:00:00,281.42227,25.835876,-0.11096923,0.19072649,2.8026104
2022-12-15 16:00:00,371.40732,26.106567,-0.14138243,0.26224926,2.26609
2022-12-15 17:00:00,315.9519,26.794312,-0.11851561,0.16548392,1.6828115
2022-12-15 18:00:00,386.37872,27.017517,-0.13873686,0.46489668,2.0976732
2022-12-15 19:00:00,339.6127,27.29367,-0.13029598,0.07678103,2.3149583
2022-12-15 20:00:00,336.74948,27.499634,-0.13035017,0.077132136,2.1095753
2022-12-15 21:00:00,301.15146,27.447205,-0.11713861,0.031904317,1.72638
2022-12-15 22:00:00,144.22966,26.656952,-0.076528065,0.023489818,1.7693204
2022-12-15 23:00:00,33.575245,26.722107,-0.047199123,0.08484535,1.4462563
2022-12-16 00:00:00,3.4722223e-05,26.359528,-0.037045132,0.10062195,1.539922
2022-12-16 01:00:00,3.4722223e-05,26.205994,-0.034161028,0.20965934,1.7257824
2022-12-16 02:00:00,3.4722223e-05,26.353912,-0.028484982,0.042071566,1.7480314
2022-12-16 03:00:00,3.4722223e-05,25.689606,-0.030637223,0.008063391,1.4798266
2022-12-16 04:00:00,3.4722223e-05,25.641052,-0.032990035,0.045928173,1.5300388
2022-12-16 05:00:00,3.4722223e-05,25.305603,-0.033185206,0.025593676,1.393076
2022-12-16 06:00:00,3.4722223e-05,25.11325,-0.03230154,0.14865491,0.3940572
2022-12-16 07:00:00,3.4722223e-05,25.090485,-0.029027112,1.0013161,0.43174294
2022-12-16 08:00:00,3.4722223e-05,25.386688,-0.033678547,0.8684378,1.0164343
2022-12-16 09:00:00,3.4722223e-05,24.941345,-0.034318246,0.087299384,0.9336243
2022-12-16 10:00:00,3.4722223e-05,25.142761,-0.029758973,0.010518357,0.55839914
2022-12-16 11:00:00,3.4722223e-05,25.20108,-0.030897442,0.009115785,1.2415087
2022-12-16 12:00:00,20.740591,25.055634,-0.0294825,0.03821496,2.6753454
2022-12-16 13:00:00,113.104515,25.440094,-0.056220073,0.032255426,2.846903
2022-12-16 14:00:00,234.45683,25.974731,-0.100934505,0.023840927,2.3153558
2022-12-16 15:00:00,365.90878,26.082672,-0.14017348,0.043825246,2.0862284
2022-12-16 16:00:00,326.2937,26.097076,-0.1227225,0.051888637,2.4267976
2022-12-16 17:00:00,424.14194,26.577118,-0.14871195,0.10973774,3.0744417
2022-12-16 18:00:00,567.2462,26.819,-0.1974923,0.087299384,3.053254
2022-12-16 19:00:00,304.57025,26.77536,-0.13929524,0.25944412,2.584328
2022-12-16 20:00:00,326.6071,27.341278,-0.12631679,0.087299384,1.6534182
2022-12-16 21:00:00,233.8728,27.735474,-0.09617466,0.015426427,1.7392948
2022-12-16 22:00:00,146.73674,26.451324,-0.07823575,0.043825246,3.110513
2022-12-16 23:00:00,36.55243,26.66449,-0.05843195,0.021386892,3.0016065
2022-12-17 00:00:00,3.4722223e-05,26.350494,-0.04737261,0.13813657,3.2053645
2022-12-17 01:00:00,3.4722223e-05,26.089783,-0.047996044,0.6170571,3.9290192
2022-12-17 02:00:00,3.4722223e-05,26.094177,-0.05192103,0.33762866,3.7086937
2022-12-17 03:00:00,3.4722223e-05,26.12439,-0.055927332,0.14024042,3.88445
2022-12-17 04:00:00,3.4722223e-05,26.077576,-0.064969964,0.43930298,4.360626
2022-12-17 05:00:00,3.4722223e-05,25.554352,-0.073475905,0.5367696,4.1547346
2022-12-17 06:00:00,3.4722223e-05,25.308228,-0.07015268,0.5427301,4.583973
2022-12-17 07:00:00,3.4722223e-05,25.363647,-0.090579934,0.37058535,4.4291058
2022-12-17 08:00:00,3.4722223e-05,25.44815,-0.09489524,0.17109327,4.468237
2022-12-17 09:00:00,3.4722223e-05,25.510712,-0.09637524,0.14584976,4.286689
2022-12-17 10:00:00,3.4722223e-05,25.512909,-0.09189188,0.097116455,3.3369539
2022-12-17 11:00:00,3.4722223e-05,25.606628,-0.081401765,0.12831949,3.8045595
2022-12-17 12:00:00,20.59816,25.397827,-0.085597806,0.18686987,4.5454946
2022-12-17 13:00:00,94.40097,25.378082,-0.10702799,0.23735687,4.523205
2022-12-17 14:00:00,257.77576,26.06607,-0.15062022,0.18020906,6.0466094
2022-12-17 15:00:00,400.82306,26.45871,-0.18470901,0.13498124,6.3384027
2022-12-17 16:00:00,389.15646,26.934937,-0.17181188,0.59882647,6.4288154
2022-12-17 17:00:00,269.44232,26.772888,-0.1476277,2.0142012,5.776976
2022-12-17 18:00:00,230.68195,25.948914,-0.13608044,2.1775813,5.2258773
2022-12-17 19:00:00,41.637848,25.950592,-0.105195604,7.69148,4.68677
2022-12-17 20:00:00,71.92253,26.170593,-0.11485085,8.171102,4.477735
2022-12-17 21:00:00,66.95104,25.78238,-0.11040542,7.8916736,3.8208992
2022-12-17 22:00:00,26.637985,25.369293,-0.087121174,6.323436,4.260011
2022-12-17 23:00:00,7.008507,25.435944,-0.07353553,3.9270794,4.4436154
2022-12-18 00:00:00,3.4722223e-05,25.533356,-0.076354586,1.7253067,4.163074
2022-12-18 01:00:00,3.4722223e-05,25.386139,-0.07709729,0.5322117,4.4920287
2022-12-18 02:00:00,3.4722223e-05,25.092682,-0.08309861,0.5588578,4.430305
2022-12-18 03:00:00,3.4722223e-05,25.131256,-0.095036194,0.54588544,4.0647793
2022-12-18 04:00:00,3.4722223e-05,25.213287,-0.09840821,0.33657625,4.0351696
2022-12-18 05:00:00,3.4722223e-05,25.060028,-0.09063957,0.3057234,4.0405107
2022-12-18 06:00:00,3.4722223e-05,25.026276,-0.086752534,0.13918802,3.656012
2022-12-18 07:00:00,3.4722223e-05,25.093384,-0.080485575,0.040669926,3.4512413
2022-12-18 08:00:00,3.4722223e-05,24.941101,-0.07756894,0.052589923,3.326822
2022-12-18 09:00:00,3.4722223e-05,24.553131,-0.0728633,0.04662946,3.022869
2022-12-18 10:00:00,3.4722223e-05,24.824615,-0.07283619,0.19423291,3.0643692
2022-12-18 11:00:00,3.4722223e-05,24.73941,-0.07315062,0.08905213,2.6377008
2022-12-18 12:00:00,18.803299,24.611542,-0.07928748,0.10447856,3.1227114
2022-12-18 13:00:00,129.10156,24.843689,-0.11164688,0.10623224,3.863596
2022-12-18 14:00:00,295.75262,25.572723,-0.16404322,0.07257424,4.596411
2022-12-18 15:00:00,466.77695,26.102966,-0.20470256,0.12481399,4.585723
2022-12-18 16:00:00,346.7779,25.95401,-0.16262828,0.3018668,4.3486342
2022-12-18 17:00:00,463.54333,26.149597,-0.20916967,0.1363838,4.17599
2022-12-18 18:00:00,470.68002,25.863983,-0.22578579,0.3730394,4.066401
2022-12-18 19:00:00,629.8668,25.830505,-0.24773641,0.04803203,4.2799067
2022-12-18 20:00:00,466.0647,25.687958,-0.20854081,0.030151568,4.2151446
2022-12-18 21:00:00,281.72144,25.899109,-0.15494637,0.027346425,4.054705
2022-12-18 22:00:00,169.54282,26.010223,-0.12727635,0.023840927,4.2126093
2022-12-18 23:00:00,52.520973,25.833923,-0.097226374,0.01998432,3.9512613
2022-12-19 00:00:00,3.4722223e-05,25.671356,-0.081802934,0.013673678,3.243424
2022-12-19 01:00:00,3.4722223e-05,25.748901,-0.07313978,0.014374964,2.923732
2022-12-19 02:00:00,3.4722223e-05,25.674683,-0.07055385,0.021386892,2.879294
2022-12-19 03:00:00,3.4722223e-05,25.067566,-0.069377445,0.02804771,2.9821172
2022-12-19 04:00:00,3.4722223e-05,24.894012,-0.07154052,0.0066617504,3.0530462
2022-12-19 05:00:00,3.4722223e-05,24.912811,-0.07073275,0.0028051436,2.8462193
2022-12-19 06:00:00,3.4722223e-05,24.853943,-0.068753995,0.0014025718,2.7489486
2022-12-19 07:00:00,3.4722223e-05,24.818542,-0.06805465,0.023489818,2.6799154
2022-12-19 08:00:00,3.4722223e-05,24.697418,-0.07043458,0.2029976,2.6926882
2022-12-19 09:00:00,3.4722223e-05,24.66449,-0.07330242,0.26260036,2.8299842
2022-12-19 10:00:00,3.4722223e-05,24.932556,-0.07067853,0.1539141,2.2433133
2022-12-19 11:00:00,3.4722223e-05,25.021637,-0.06641744,0.038566068,2.472521
2022-12-19 12:00:00,28.5183,25.119995,-0.06869436,0.0077132136,2.6861653
2022-12-19 13:00:00,185.22646,25.412506,-0.102186814,0.008414499,2.728371
2022-12-19 14:00:00,375.03976,26.09076,-0.15057144,0.004206784,2.4166226
2022-12-19 15:00:00,600.73596,26.44159,-0.21087736,0.093961135,2.0064719
2022-12-19 16:00:00,704.0685,26.984314,-0.24406622,0.115348026,1.6045145
2022-12-19 17:00:00,794.4239,27.269257,-0.29176778,0.17179456,1.4900507
2022-12-19 18:00:00,735.8631,27.241577,-0.28770185,0.17389748,1.744747
2022-12-19 19:00:00,656.1059,27.057312,-0.22359018,0.031904317,2.0131986
2022-12-19 20:00:00,492.78812,27.277496,-0.18094125,0.043825246,2.5652058
2022-12-19 21:00:00,344.62692,26.987457,-0.14105715,0.04137121,2.619897
2022-12-19 22:00:00,173.0898,26.3945,-0.09009202,0.054342672,2.05872
2022-12-19 23:00:00,52.592186,26.221375,-0.061272673,0.1034271,2.0496356
2022-12-20 00:00:00,3.4722223e-05,25.842712,-0.043843377,0.035410747,1.657975
2022-12-20 01:00:00,3.4722223e-05,26.08902,-0.037234873,0.0063106418,1.3082329
2022-12-20 02:00:00,3.4722223e-05,25.68155,-0.032041322,0.0063106418,1.2217553
2022-12-20 03:00:00,3.4722223e-05,25.728973,-0.030653479,0.026645139,1.2398405
2022-12-20 04:00:00,3.4722223e-05,25.684692,-0.03367312,0.1577707,1.4452498
2022-12-20 05:00:00,3.4722223e-05,25.717896,-0.041436344,0.1276182,1.691207
2022-12-20 06:00:00,3.4722223e-05,25.862732,-0.045388427,0.10307692,1.5652579
2022-12-20 07:00:00,3.4722223e-05,26.11316,-0.05339019,0.1500575,1.5256851
2022-12-20 08:00:00,3.4722223e-05,26.255554,-0.053395603,0.2811821,1.4972484
2022-12-20 09:00:00,3.4722223e-05,25.638153,-0.048641175,0.5465867,1.3728211
2022-12-20 10:00:00,3.4722223e-05,25.38861,-0.043230772,0.6489623,1.78252
2022-12-20 11:00:00,3.4722223e-05,25.31781,-0.041403808,0.6742049,1.6658283
2022-12-20 12:00:00,9.401667,25.103668,-0.043089822,0.7110182,1.618758
2022-12-20 13:00:00,95.398125,25.15744,-0.065121755,0.7124208,1.841103
2022-12-20 14:00:00,184.78488,25.855896,-0.091669604,1.0262085,2.2202568
2022-12-20 15:00:00,333.77228,25.974304,-0.15231165,0.9227814,2.2678707
2022-12-20 16:00:00,478.5005,26.02121,-0.20867634,1.228856,2.4367619
2022-12-20 17:00:00,440.70874,25.955933,-0.20192689,1.1615399,2.372608
2022-12-20 18:00:00,496.63425,26.325104,-0.20033845,0.5998779,2.5093226
2022-12-20 19:00:00,540.35187,26.144165,-0.23376043,0.3193971,2.4943147
2022-12-20 20:00:00,429.59775,26.920105,-0.17525436,0.07292442,2.3509119
2022-12-20 21:00:00,383.11664,26.90448,-0.14935708,0.14304462,2.3096092
2022-12-20 22:00:00,159.34348,26.723785,-0.09350198,0.3933739,2.583771
2022-12-20 23:00:00,32.59236,26.731598,-0.06049202,0.32816267,2.2752025
2022-12-21 00:00:00,3.4722223e-05,26.45105,-0.047079854,0.5539488,2.4621267
2022-12-21 01:00:00,3.4722223e-05,26.532654,-0.044260815,0.17074215,2.1080558
2022-12-21 02:00:00,3.4722223e-05,26.210663,-0.042959712,0.4666494,2.2772346
2022-12-21 03:00:00,3.4722223e-05,25.931091,-0.045160733,0.60653967,1.9870272
2022-12-21 04:00:00,3.4722223e-05,25.618286,-0.043637365,0.43544638,2.0106053
2022-12-21 05:00:00,3.4722223e-05,25.407654,-0.046776272,0.022788532,1.9458092
2022-12-21 06:00:00,3.4722223e-05,25.487518,-0.04802858,0.019633211,2.5863152
2022-12-21 07:00:00,3.4722223e-05,25.54654,-0.0690847,0.29310212,2.60967
2022-12-21 08:00:00,3.4722223e-05,25.36023,-0.07078696,0.5893595,2.4165432
2022-12-21 09:00:00,3.4722223e-05,25.170593,-0.06559882,1.0367268,1.7601517
2022-12-21 10:00:00,3.4722223e-05,25.65274,-0.06899795,0.53466576,2.9247847
2022-12-21 11:00:00,3.4722223e-05,25.561218,-0.060231805,0.9971084,2.534241
2022-12-21 12:00:00,6.29625,25.297272,-0.05922887,1.3761083,2.4060633
2022-12-21 13:00:00,37.492603,25.217957,-0.05888732,1.8862318,2.5088267
2022-12-21 14:00:00,100.98212,25.169373,-0.06650417,2.2200038,1.9431295
2022-12-21 15:00:00,174.01573,25.445953,-0.0787345,2.6750844,1.2603315
2022-12-21 16:00:00,169.28642,25.3779,-0.064883225,3.3903093,0.89601535
2022-12-21 17:00:00,154.41476,25.93863,-0.05854579,3.6735954,0.9640313
2022-12-21 18:00:00,162.44885,26.051666,-0.05964631,3.5161757,1.6089817
2022-12-21 19:00:00,270.21155,26.365875,-0.105775684,0.27452037,1.8710839
2022-12-21 20:00:00,234.99814,26.753113,-0.0945266,0.11639949,1.1557558
2022-12-21 21:00:00,215.19772,26.963745,-0.08155897,0.102375634,0.93851143
2022-12-21 22:00:00,134.47188,26.828583,-0.061337736,0.19633678,1.0880002
2022-12-21 23:00:00,35.38434,26.646942,-0.036822863,0.17775409,1.3189211
2022-12-22 00:00:00,3.4722223e-05,26.452301,-0.033364106,0.118853524,1.7153246
2022-12-22 01:00:00,3.4722223e-05,26.66864,-0.036990926,0.113945454,1.7917712
2022-12-22 02:00:00,3.4722223e-05,26.380524,-0.041691136,0.014374964,2.0078835
2022-12-22 03:00:00,3.4722223e-05,26.083923,-0.04376206,0.029450282,2.0852716
2022-12-22 04:00:00,3.4722223e-05,25.886383,-0.04448308,0.010518357,2.1208913
2022-12-22 05:00:00,3.4722223e-05,25.307526,-0.043783743,0.05819928,2.2108436
2022-12-22 06:00:00,3.4722223e-05,25.286804,-0.044851724,0.048733316,2.1427486
2022-12-22 07:00:00,3.4722223e-05,25.133972,-0.050587405,0.14970638,2.4763594
2022-12-22 08:00:00,3.4722223e-05,24.980865,-0.051942714,0.113594346,2.708715
2022-12-22 09:00:00,3.4722223e-05,24.873993,-0.05157407,0.15917234,2.5044093
2022-12-22 10:00:00,3.4722223e-05,25.698395,-0.052208357,0.14479831,2.3728445
2022-12-22 11:00:00,3.4722223e-05,25.626648,-0.048955612,0.093610026,2.4925425
2022-12-22 12:00:00,21.766214,25.428406,-0.05108073,0.31098258,2.570514
2022-12-22 13:00:00,136.8223,25.393707,-0.0857008,0.2983613,2.4079256
2022-12-22 14:00:00,268.18878,26.233856,-0.113397956,0.2359543,2.5274374
2022-12-22 15:00:00,487.65997,26.82901,-0.18079486,0.36953297,2.5195613
2022-12-22 16:00:00,501.2211,27.04535,-0.19065613,0.62196606,2.271772
2022-12-22 17:00:00,416.34998,26.992126,-0.16071999,0.34043285,1.5326946
2022-12-22 18:00:00,560.8502,27.18518,-0.21518183,0.38951728,1.0316507
2022-12-22 19:00:00,396.47833,26.773865,-0.14615312,0.6605322,0.6986532
2022-12-22 20:00:00,405.709,27.284363,-0.1525285,0.080638565,2.0859668
2022-12-22 21:00:00,280.75275,27.604858,-0.13268675,0.025593676,2.9252841
2022-12-22 22:00:00,155.42615,26.933533,-0.09658125,0.051888637,2.798267
2022-12-22 23:00:00,47.6492,26.996246,-0.05925598,0.010167249,2.325925
2022-12-23 00:00:00,3.4722223e-05,26.530914,-0.042959712,0.06451085,2.2415497
2022-12-23 01:00:00,3.4722223e-05,26.819,-0.044569824,0.21281466,2.338023
2022-12-23 02:00:00,3.4722223e-05,26.613464,-0.05020792,0.15145913,2.6922872
2022-12-23 03:00:00,3.4722223e-05,26.861267,-0.05290228,0.14584976,2.8222957
2022-12-23 04:00:00,3.4722223e-05,26.58905,-0.05024587,0.2107108,2.4284978
2022-12-23 05:00:00,3.4722223e-05,26.051666,-0.04751356,0.5809451,1.8482726
2022-12-23 06:00:00,3.4722223e-05,25.686462,-0.04382711,0.37093553,1.5029367
2022-12-23 07:00:00,3.4722223e-05,25.46106,-0.044667408,0.3604172,1.4873804
2022-12-23 08:00:00,3.4722223e-05,25.195465,-0.04428791,0.06906781,1.3113841
2022-12-23 09:00:00,3.4722223e-05,25.27707,-0.03797216,0.063809566,0.82432383
2022-12-23 10:00:00,3.4722223e-05,25.249664,-0.027736852,0.07292442,1.2241032
2022-12-23 11:00:00,3.4722223e-05,25.365143,-0.027021248,0.5388735,0.86741966
2022-12-23 12:00:00,18.447153,25.161987,-0.032122638,0.5283551,0.9046323
2022-12-23 13:00:00,84.20163,25.203003,-0.047719557,0.54798925,1.3672457
2022-12-23 14:00:00,172.27785,25.801422,-0.08146682,0.51959044,1.5580225
2022-12-23 15:00:00,377.90298,26.180084,-0.13629188,0.10062195,1.3106403
2022-12-23 16:00:00,422.50378,26.398102,-0.14169143,0.17740391,1.0569999
2022-12-23 17:00:00,477.40363,26.546112,-0.16907413,0.34464058,0.8115295
2022-12-23 18:00:00,419.12775,26.569458,-0.17065714,1.1173645,1.0051124
2022-12-23 19:00:00,225.61076,27.01355,-0.102143444,2.9085836,0.8756327
2022-12-23 20:00:00,123.98764,27.59784,-0.072548866,3.1052716,0.9584009
2022-12-23 21:00:00,148.8165,27.549255,-0.082816705,2.2764513,1.700343
2022-12-23 22:00:00,105.82538,25.924744,-0.079872966,2.476995,1.7620739
2022-12-23 23:00:00,18.803299,26.1669,-0.051438533,2.777109,1.7901582
2022-12-24 00:00:00,3.4722223e-05,26.05194,-0.037766162,2.3795273,0.94107187
2022-12-24 01:00:00,3.4722223e-05,26.012604,-0.03720235,1.96091,1.0929692
2022-12-24 02:00:00,3.4722223e-05,26.143036,-0.04039546,1.9279542,1.5462615
2022-12-24 03:00:00,3.4722223e-05,25.71457,-0.039153993,1.4528893,1.3555703
2022-12-24 04:00:00,3.4722223e-05,25.569275,-0.043176565,0.35270396,1.4434968
2022-12-24 05:00:00,3.4722223e-05,25.388092,-0.04384879,0.09431131,1.6300316
2022-12-24 06:00:00,3.4722223e-05,25.173767,-0.043610256,0.07292442,2.1638842
2022-12-24 07:00:00,3.4722223e-05,25.31247,-0.048809234,0.035760924,2.948168
2022-12-24 08:00:00,3.4722223e-05,25.429352,-0.05790066,0.4838286,3.3832672
2022-12-24 09:00:00,3.4722223e-05,25.03244,-0.07497217,0.39863306,3.463338
2022-12-24 10:00:00,3.4722223e-05,25.543365,-0.0833751,0.34008268,3.706472
2022-12-24 11:00:00,3.4722223e-05,25.487946,-0.08238301,0.4438609,3.7131143
2022-12-24 12:00:00,5.8261805,25.29779,-0.07797012,0.7737763,3.3409927
2022-12-24 13:00:00,40.797432,25.316315,-0.08576044,0.20755547,3.0244892
2022-12-24 14:00:00,195.25488,25.483551,-0.1137937,0.6247703,2.8090937
2022-12-24 15:00:00,358.03134,25.835175,-0.1592671,0.8687889,2.2898288
2022-12-24 16:00:00,377.2762,26.138794,-0.14328527,0.33657625,1.7869527
2022-12-24 17:00:00,472.3182,27.087341,-0.14810477,0.13673398,1.8557516
2022-12-24 18:00:00,429.3698,27.028748,-0.13970725,0.30887964,2.6578605
2022-12-24 19:00:00,282.5476,27.232605,-0.15090755,2.9106877,3.4030602
2022-12-24 20:00:00,177.26357,26.409332,-0.12686433,0.972216,3.840649
2022-12-24 21:00:00,99.04482,25.984741,-0.10812308,0.58655536,4.4524393
2022-12-24 22:00:00,56.40983,25.305328,-0.11206975,0.7878002,4.7585297
2022-12-24 23:00:00,22.236319,25.611267,-0.11028074,0.2359543,4.958637
2022-12-25 00:00:00,3.4722223e-05,25.657898,-0.09739444,0.060654245,4.5113087
2022-12-25 01:00:00,3.4722223e-05,25.71405,-0.09016792,0.017179176,4.601432
2022-12-25 02:00:00,3.4722223e-05,25.3779,-0.084952675,0.0035054982,4.371574
2022-12-25 03:00:00,3.4722223e-05,25.356903,-0.083554,0.0052591786,4.533751
2022-12-25 04:00:00,3.4722223e-05,25.126862,-0.08262154,0.024191104,4.5326443
2022-12-25 05:00:00,3.4722223e-05,24.58368,-0.08009524,0.0010514632,3.9840517
2022-12-25 06:00:00,3.4722223e-05,24.61267,-0.07504806,0.03821496,4.0401173
2022-12-25 07:00:00,3.4722223e-05,24.487244,-0.07361143,0.5006576,3.9811614
2022-12-25 08:00:00,3.4722223e-05,24.501923,-0.07532997,0.55465007,3.6414664
2022-12-25 09:00:00,3.4722223e-05,24.545288,-0.07239165,0.2068542,3.4831579
2022-12-25 10:00:00,3.4722223e-05,24.922546,-0.06811429,0.15321282,3.3556538
2022-12-25 11:00:00,3.4722223e-05,24.940552,-0.06630902,0.12972206,3.4651608
2022-12-25 12:00:00,14.472847,24.772186,-0.068450406,0.025593676,3.8237023
2022-12-25 13:00:00,115.42646,25.185974,-0.101688065,0.03155414,4.0007253
2022-12-25 14:00:00,244.65617,25.808014,-0.13647619,0.05153846,4.144875
2022-12-25 15:00:00,222.54811,25.832428,-0.12340557,0.02489239,4.188177
2022-12-25 16:00:00,385.1394,26.075562,-0.1548271,0.015426427,3.9975677
2022-12-25 17:00:00,467.34674,26.726685,-0.1674315,0.054342672,3.0053651
2022-12-25 18:00:00,670.32227,27.542847,-0.2231619,0.06521121,2.0380952
2022-12-25 19:00:00,641.17725,28.01065,-0.23056732,0.09641517,1.8417972
2022-12-25 20:00:00,460.85104,27.99942,-0.1802907,0.14479831,1.777511
2022-12-25 21:00:00,345.51007,27.074158,-0.15471326,1.9822968,1.6919721
2022-12-25 22:00:00,172.20663,26.569977,-0.10265304,0.41756594,1.5690217
2022-12-25 23:00:00,44.97118,26.554352,-0.05588395,0.1325272,1.3176401
2022-12-26 00:00:00,3.4722223e-05,26.295074,-0.038828716,0.5027615,1.3837471
2022-12-26 01:00:00,3.4722223e-05,26.44815,-0.044808358,0.4308885,1.9530623
2022-12-26 02:00:00,3.4722223e-05,26.074615,-0.052582413,0.34288782,2.2182722
2022-12-26 03:00:00,3.4722223e-05,25.912018,-0.05460996,0.34253672,2.2129447
2022-12-26 04:00:00,3.4722223e-05,25.854675,-0.05037598,0.37759727,2.1181514
2022-12-26 05:00:00,3.4722223e-05,25.627594,-0.046516042,0.35445765,2.1184297
2022-12-26 06:00:00,3.4722223e-05,25.23822,-0.044423446,0.26189908,2.6490836
2022-12-26 07:00:00,3.4722223e-05,25.11148,-0.061733488,6.195116,2.771867
2022-12-26 08:00:00,3.4722223e-05,25.17746,-0.061354004,6.674738,2.8456554
2022-12-26 09:00:00,3.4722223e-05,25.241821,-0.066103004,6.350432,3.044413
2022-12-26 10:00:00,3.4722223e-05,24.629272,-0.062085863,5.0090337,2.1089838
2022-12-26 11:00:00,3.4722223e-05,24.740112,-0.062649675,1.9665202,2.627775
2022-12-26 12:00:00,4.373194,24.675476,-0.06387488,1.0553086,2.8606849
2022-12-26 13:00:00,36.96552,24.764801,-0.07111224,0.57743955,3.013653
2022-12-26 14:00:00,79.686005,25.06363,-0.084177434,0.3067758,3.0938463
2022-12-26 15:00:00,150.939,25.277496,-0.10703341,0.29766,3.24019
2022-12-26 16:00:00,295.2541,25.538727,-0.15198638,0.19563548,2.980084
2022-12-26 17:00:00,218.53104,25.900604,-0.11662901,0.16548392,2.2927425
2022-12-26 18:00:00,423.71457,26.26941,-0.17637113,0.105530955,1.2766745
2022-12-26 19:00:00,266.4509,26.18518,-0.100750186,0.42913574,0.5729344
2022-12-26 20:00:00,196.09534,26.53775,-0.07877788,0.7495843,0.76567847
2022-12-26 21:00:00,168.97302,26.188171,-0.084909305,0.8410914,1.2030454
2022-12-26 22:00:00,115.42646,25.680145,-0.07696718,1.5324764,1.3761462
2022-12-26 23:00:00,21.353125,25.469147,-0.047117807,2.407926,0.8759162
2022-12-27 00:00:00,3.4722223e-05,25.26361,-0.04427707,1.4868975,0.5231161
2022-12-27 01:00:00,3.4722223e-05,25.139587,-0.057564538,0.89753795,1.2400832
2022-12-27 02:00:00,3.4722223e-05,24.88855,-0.07155678,0.33797884,1.4415854
2022-12-27 03:00:00,3.4722223e-05,24.249634,-0.0822529,0.113594346,1.7722867
2022-12-27 04:00:00,3.4722223e-05,24.241821,-0.07829539,0.059251674,1.6898227
2022-12-27 05:00:00,3.4722223e-05,24.099274,-0.07247839,0.1034271,2.1520245
2022-12-27 06:00:00,3.4722223e-05,23.96701,-0.065116346,0.07327553,2.2946932
2022-12-27 07:00:00,3.4722223e-05,23.88153,-0.052609526,0.26715732,2.3497705
2022-12-27 08:00:00,3.4722223e-05,24.19519,-0.048386384,0.71417356,1.9991692
2022-12-27 09:00:00,3.4722223e-05,24.146454,-0.04364821,1.1398028,1.5877519
2022-12-27 10:00:00,3.4722223e-05,25.132751,-0.044824615,1.9072685,0.7473148
2022-12-27 11:00:00,3.4722223e-05,25.238922,-0.041295394,1.7053224,0.46190646
2022-12-27 12:00:00,2.3789237,24.830505,-0.03953891,2.2066813,1.2673174
2022-12-27 13:00:00,29.20205,24.40741,-0.042043526,1.9728309,1.4655343
2022-12-27 14:00:00,49.34434,24.568756,-0.04396806,1.7968286,1.3114512
2022-12-27 15:00:00,76.29569,24.344849,-0.05149275,1.9931654,1.5307792
2022-12-27 16:00:00,144.35785,24.531677,-0.076484695,2.6754346,1.8237181
2022-12-27 17:00:00,160.21243,24.783325,-0.077487625,3.0884426,1.8895012
2022-12-27 18:00:00,189.44295,24.81488,-0.09583853,3.3573537,1.9210759
2022-12-27 19:00:00,234.48534,24.993774,-0.114341244,1.9006068,2.1425295
2022-12-27 20:00:00,145.0701,25.534058,-0.08033919,2.2438447,1.7721341
2022-12-27 21:00:00,142.54875,25.382294,-0.08064278,2.8139222,2.085593
2022-12-27 22:00:00,46.025276,25.384491,-0.066758975,2.5411546,2.2884955
2022-12-27 23:00:00,17.393055,25.572723,-0.06772938,2.0278747,2.4291008
2022-12-28 00:00:00,0.014270834,25.673279,-0.060031205,1.5850663,2.590826
2022-12-28 01:00:00,3.4722223e-05,25.83612,-0.05653451,1.2540994,2.3948965
2022-12-28 02:00:00,3.4722223e-05,25.475464,-0.06131605,1.689896,1.7228404
2022-12-28 03:00:00,3.4722223e-05,25.24701,-0.054544915,1.9893087,1.6143522
2022-12-28 04:00:00,3.4722223e-05,24.984558,-0.04910199,2.0447037,1.7084349
2022-12-28 05:00:00,3.4722223e-05,24.573944,-0.04419034,1.8462641,1.9059836
2022-12-28 06:00:00,3.4722223e-05,24.372955,-0.045670327,1.0234034,1.9432025
2022-12-28 07:00:00,3.4722223e-05,24.409332,-0.061950326,2.6249485,1.7239215
2022-12-28 08:00:00,3.4722223e-05,24.42331,-0.063576706,1.1054446,1.8009073
2022-12-28 09:00:00,3.4722223e-05,24.274597,-0.064449534,0.6990982,1.8848461
2022-12-28 10:00:00,3.4722223e-05,24.888123,-0.06220513,0.64790994,1.9615425
2022-12-28 11:00:00,3.4722223e-05,24.88855,-0.05805788,0.17915666,2.4863744
2022-12-28 12:00:00,11.63809,24.958923,-0.062926166,0.2938034,2.8367372
2022-12-28 13:00:00,126.36653,25.189148,-0.09076967,0.083793886,2.867666
2022-12-28 14:00:00,224.27173,25.841919,-0.112741984,0.17565116,2.827878
2022-12-28 15:00:00,359.27066,26.103943,-0.14157216,0.3309669,2.7814736
2022-12-28 16:00:00,275.41095,25.83368,-0.117637366,0.45017153,3.0203333
2022-12-28 17:00:00,565.1522,26.059753,-0.26734504,1.7614188,3.5413322
2022-12-28 18:00:00,587.87286,25.711578,-0.2830558,5.4546475,3.652506
2022-12-28 19:00:00,579.5253,26.008453,-0.21506798,0.034358352,2.7362216
2022-12-28 20:00:00,550.5654,26.377625,-0.20495737,0.07923599,2.4195442
2022-12-28 21:00:00,368.87173,26.797577,-0.15223032,0.08975342,2.2427623
2022-12-28 22:00:00,227.67627,26.64325,-0.113110624,0.09290874,2.5245886
2022-12-28 23:00:00,65.24167,26.28189,-0.06365261,0.24121347,1.7629132
2022-12-29 00:00:00,0.028506944,25.588531,-0.036947545,1.000965,1.5599816
2022-12-29 01:00:00,3.4722223e-05,25.98236,-0.035998832,0.10693353,1.5121392
2022-12-29 02:00:00,3.4722223e-05,25.650269,-0.03056132,0.018581748,1.5375428
2022-12-29 03:00:00,3.4722223e-05,25.679077,-0.027449526,0.05013589,1.4092644
2022-12-29 04:00:00,3.4722223e-05,25.67154,-0.03410682,0.102024525,1.408956
2022-12-29 05:00:00,3.4722223e-05,25.333893,-0.04052557,0.0697691,1.6699117
2022-12-29 06:00:00,3.4722223e-05,25.045776,-0.0427537,0.03330689,1.9160175
2022-12-29 07:00:00,3.4722223e-05,25.211365,-0.049476046,0.12341142,1.8237642
2022-12-29 08:00:00,3.4722223e-05,25.184052,-0.049839277,0.07993728,1.8708428
2022-12-29 09:00:00,3.4722223e-05,24.893219,-0.05172586,0.3141379,1.623505
2022-12-29 10:00:00,3.4722223e-05,24.99115,-0.05158491,0.082391314,1.4101787
2022-12-29 11:00:00,3.4722223e-05,25.116394,-0.048359275,0.06310828,1.1310701
2022-12-29 12:00:00,21.509827,25.061157,-0.05411121,0.03330689,1.5139502
2022-12-29 13:00:00,139.79948,25.034637,-0.08882887,0.0063106418,1.2940114
2022-12-29 14:00:00,378.5725,25.937927,-0.15259898,0.0035054982,1.400163
2022-12-29 15:00:00,522.8021,26.214264,-0.18299589,0.03996864,1.2247158
2022-12-29 16:00:00,682.9575,26.433044,-0.22761816,0.12341142,0.78175807
2022-12-29 17:00:00,657.2455,26.791168,-0.21947004,0.1696907,0.56728655
2022-12-29 18:00:00,743.46985,27.030151,-0.2575326,0.08519553,0.96973723
2022-12-29 19:00:00,610.7217,27.086548,-0.19635384,0.016127713,1.4557515
2022-12-29 20:00:00,513.22955,27.360077,-0.17836615,0.014374964,1.6823992
2022-12-29 21:00:00,462.4892,27.545044,-0.17135648,0.014374964,1.8583702
2022-12-29 22:00:00,286.60742,27.21399,-0.12169788,0.01998432,1.569657
2022-12-29 23:00:00,77.17889,27.084167,-0.064346515,0.14199317,1.2935802
2022-12-30 00:00:00,0.085486114,26.709137,-0.036817435,0.0781836,1.405333
2022-12-30 01:00:00,3.4722223e-05,26.603455,-0.030057142,0.0063106418,1.4187282
2022-12-30 02:00:00,3.4722223e-05,26.214783,-0.026354436,0.0003501773,1.4806447
2022-12-30 03:00:00,3.4722223e-05,26.269684,-0.024890702,0.002454035,1.5286744
2022-12-30 04:00:00,3.4722223e-05,26.14566,-0.02395283,0.002454035,1.5011002
2022-12-30 05:00:00,3.4722223e-05,25.888397,-0.027173039,0.0017527491,1.4325562
2022-12-30 06:00:00,3.4722223e-05,25.891022,-0.030095093,0.07292442,1.3458383
2022-12-30 07:00:00,3.4722223e-05,25.818024,-0.03449715,0.33342093,1.150815
2022-12-30 08:00:00,3.4722223e-05,26.012848,-0.031650998,1.3200119,0.40035915
2022-12-30 09:00:00,3.4722223e-05,25.666168,-0.03117934,0.39091986,0.24764317
2022-12-30 10:00:00,3.4722223e-05,25.228668,-0.03339122,0.22894236,1.0663677
2022-12-30 11:00:00,3.4722223e-05,25.112457,-0.03984249,0.80953723,1.0905925
2022-12-30 12:00:00,10.81191,24.809937,-0.05208909,0.8221585,0.96298414
2022-12-30 13:00:00,64.95677,24.73407,-0.07075444,0.9802794,1.1662484
2022-12-30 14:00:00,182.77634,25.226013,-0.10144953,0.4582349,1.6514809
2022-12-30 15:00:00,321.93478,25.688385,-0.12538975,0.15917234,1.9866067
2022-12-30 16:00:00,449.17026,26.195038,-0.17071678,0.26400203,2.1762605
2022-12-30 17:00:00,506.7766,26.410034,-0.1970098,0.34989977,2.102764
2022-12-30 18:00:00,605.97815,26.992401,-0.2332671,0.28889534,2.2441077
2022-12-30 19:00:00,476.52045,27.299713,-0.1768211,0.08344278,1.8860271
2022-12-30 20:00:00,464.66867,27.455719,-0.15548308,0.068717636,1.0865957
2022-12-30 21:00:00,274.11462,27.272858,-0.09631561,0.06906781,0.6484901
2022-12-30 22:00:00,210.269,26.700348,-0.091550335,0.05013589,1.03244
2022-12-30 23:00:00,45.355797,26.591248,-0.052501097,0.0010514632,0.753957
2022-12-31 00:00:00,0.07125,26.533356,-0.036302414,0.0063106418,0.9441499
2022-12-31 01:00:00,3.4722223e-05,26.389587,-0.034193553,0.037514605,1.0557227
2022-12-31 02:00:00,3.4722223e-05,25.977203,-0.036746964,0.24471897,0.96113354
2022-12-31 03:00:00,3.4722223e-05,25.66449,-0.037695687,0.49925503,1.1533378
2022-12-31 04:00:00,3.4722223e-05,25.57904,-0.04463487,0.113594346,1.5588032
2022-12-31 05:00:00,3.4722223e-05,25.48767,-0.05554785,0.2022963,1.3573074
2022-12-31 06:00:00,3.4722223e-05,25.35733,-0.05585143,0.434394,0.58524054
2022-12-31 07:00:00,3.4722223e-05,25.355408,-0.036898755,0.25944412,0.7954687
2022-12-31 08:00:00,3.4722223e-05,25.03778,-0.037787847,0.73801446,0.8084939
2022-12-31 09:00:00,3.4722223e-05,25.02118,-0.02783985,0.1658341,1.4891917
2022-12-31 10:00:00,3.4722223e-05,24.706757,-0.036004245,0.5311603,1.9233534
2022-12-31 11:00:00,3.4722223e-05,24.514832,-0.043637365,1.1254288,1.724333
2022-12-31 12:00:00,12.991354,24.563385,-0.04464571,0.5315105,1.2396907
2022-12-31 13:00:00,110.611664,24.761108,-0.06685656,0.35796314,1.1028488
2022-12-31 14:00:00,141.01028,24.86029,-0.06346287,0.7204842,0.9888136
2022-12-31 15:00:00,391.9485,25.539246,-0.1358907,0.41966885,1.0484692
2022-12-31 16:00:00,628.91235,26.18106,-0.21672688,0.31659287,1.2539598
2022-12-31 17:00:00,676.8322,27.040955,-0.2550334,0.23174658,1.8950508
2022-12-31 18:00:00,560.28046,26.520721,-0.2242841,1.7053224,2.623093
2022-12-31 19:00:00,595.1947,27.00354,-0.19763325,0.16338006,3.045537
2022-12-31 20:00:00,473.8709,27.062225,-0.17739575,0.4102029,3.4313478
2022-12-31 21:00:00,409.4982,26.740906,-0.16128924,0.33131802,3.4835055
2022-12-31 22:00:00,232.80443,25.898315,-0.1143033,0.1360327,3.576508
2022-12-31 23:00:00,59.51521,26.018463,-0.06926359,0.11815224,3.4908729
