datetime,drinking_water_demand,service_water_demand,electricity_demand,cooking_energy_demand
01/01/2018 00:00,0,0,7.351924283,0
01/01/2018 01:00,0,0,20.1177736,0
01/01/2018 02:00,0,0,29.82278188,0
01/01/2018 03:00,0,0,37.26026222,0
01/01/2018 04:00,0,0,41.01162192,0.008000583
01/01/2018 05:00,4.645833333,0,49.32355712,0.1020003
01/01/2018 06:00,4.745830333,0,58.02410175,0.070000833
01/01/2018 07:00,3.579185667,6.379165,56.53451197,0.000002
01/01/2018 08:00,3.862518,11.41150233,56.04273545,3.16667E-07
01/01/2018 09:00,0,9.707638667,51.5977415,10.1277443
01/01/2018 10:00,4.187628,0,54.8494052,148.0509513
01/01/2018 11:00,4.154288667,0,55.601065,282.3608033
01/01/2018 12:00,3.462524,0,56.44356625,129.6270706
01/01/2018 13:00,0,0,57.73774318,7.60446175
01/01/2018 14:00,0,10.188388,67.57700343,0
01/01/2018 15:00,0,9.607593667,65.85533417,0
01/01/2018 16:00,0.050118,10.46332,52.73441377,6.401629383
01/01/2018 17:00,0.00012,8.115335667,46.70275222,125.5165728
01/01/2018 18:00,0.0126,0,50.1365011,291.9845839
01/01/2018 19:00,0.0126,0,59.25192822,142.9784325
01/01/2018 20:00,0.0126,0,68.68483188,9.8905325
01/01/2018 21:00,0.0126,0,70.90248485,0
01/01/2018 22:00,0.0126,0,60.83392722,0
01/01/2018 23:00,0,0,23.80252083,0
02/01/2018 00:00,0,0,10.10859198,0
02/01/2018 01:00,0,0,28.22276207,0
02/01/2018 02:00,0,0,38.3519285,0
02/01/2018 03:00,0,0,43.89025153,0
02/01/2018 04:00,0,0,49.79326912,0.019000467
02/01/2018 05:00,4.412508,0,56.26821458,0.060001
02/01/2018 06:00,3.679185667,0,61.03402043,0.04500125
02/01/2018 07:00,4.279170667,7.668017667,57.26293343,0.056001067
02/01/2018 08:00,5.379155667,9.153624,53.95190998,6.33333E-07
02/01/2018 09:00,0,9.341905333,56.32190638,8.02689745
02/01/2018 10:00,4.087628,0,53.45107223,133.3204572
02/01/2018 11:00,3.062645,0,50.9169127,294.6201636
02/01/2018 12:00,3.762514,0,54.05774238,133.385985
02/01/2018 13:00,0,0,54.72857138,6.92584175
02/01/2018 14:00,0,6.734579333,59.76034108,0
02/01/2018 15:00,0,13.097987,61.03200282,0
02/01/2018 16:00,0.00012,10.14253467,51.28108022,8.339627367
02/01/2018 17:00,0.025119,9.454351333,47.16441497,135.7675001
02/01/2018 18:00,0.0126,0,46.22509262,293.874597
02/01/2018 19:00,0.0126,0,62.48709797,130.6142418
02/01/2018 20:00,0.0126,0,70.14999563,8.832580583
02/01/2018 21:00,0.0126,0,66.29633402,0
02/01/2018 22:00,0.0126,0,56.44693422,0
02/01/2018 23:00,0,0,21.25251248,0
03/01/2018 00:00,0,0,8.740259,0
03/01/2018 01:00,0,0,26.8885931,0
03/01/2018 02:00,0,0,34.89693682,0
03/01/2018 03:00,0,0,46.64691943,0
03/01/2018 04:00,0,0,51.2631851,0.00000035
03/01/2018 05:00,3.512521,0,58.17744315,0.048000867
03/01/2018 06:00,3.662515,0,60.1545114,0.11100015
03/01/2018 07:00,4.379172667,5.751594,56.54142883,0.021000783
03/01/2018 08:00,3.76251,10.25906833,53.95023303,0
03/01/2018 09:00,0,10.43522667,56.56356663,6.91034475
03/01/2018 10:00,4.312624,0,52.71106988,131.6612048
03/01/2018 11:00,4.170963333,0,52.5869029,298.0189128
03/01/2018 12:00,4.862501,0,55.72356218,130.835212
03/01/2018 13:00,0,0,56.23607632,6.847009183
03/01/2018 14:00,0,7.258000667,62.90534645,0
03/01/2018 15:00,0,11.78723467,67.15449988,0
03/01/2018 16:00,0.00012,10.78476067,56.0360847,9.47241395
03/01/2018 17:00,0.025119,10.01281767,48.78025235,157.3226292
03/01/2018 18:00,0.0126,0,48.75642313,295.5676295
03/01/2018 19:00,0.0126,0,59.37235753,108.5995823
03/01/2018 20:00,0.0126,0,66.73233642,4.723815033
03/01/2018 21:00,0.0126,0,62.35635005,0
03/01/2018 22:00,0.0126,0,48.26353978,0
03/01/2018 23:00,0,0,22.39635337,0
04/01/2018 00:00,0,0,6.178590117,0
04/01/2018 01:00,0,0,25.07776077,0
04/01/2018 02:00,0,0,36.4844353,0
04/01/2018 03:00,0,0,49.34941957,0
04/01/2018 04:00,0,0,52.7786912,0.0000002
04/01/2018 05:00,3.645848333,0,58.67872047,0.067000883
04/01/2018 06:00,4.929157667,0,63.13535328,0.1080002
04/01/2018 07:00,2.945866333,8.601990333,57.17268092,0.017001367
04/01/2018 08:00,5.229157667,10.99416333,51.88940687,0.0000006
04/01/2018 09:00,0,7.760539667,45.96608162,6.246297183
04/01/2018 10:00,3.879302667,0,49.12108338,126.8248582
04/01/2018 11:00,3.379304667,0,45.8244186,292.1749143
04/01/2018 12:00,4.629170667,0,48.92774523,142.4984655
04/01/2018 13:00,0,0,52.62774997,7.9805905
04/01/2018 14:00,0,8.390239667,63.8028483,0
04/01/2018 15:00,0,11.09399733,72.09531033,0
04/01/2018 16:00,0.025119,10.92733067,55.22106755,5.934294817
04/01/2018 17:00,0.025119,8.203813,53.51856765,124.133474
04/01/2018 18:00,0.0126,0,52.5299937,299.8160277
04/01/2018 19:00,0.0126,0,63.02601527,141.7657857
04/01/2018 20:00,0.0126,0,68.6203366,6.660479117
04/01/2018 21:00,0.0126,0,63.80508175,0
04/01/2018 22:00,0.0126,0,51.7445173,0
04/01/2018 23:00,0,0,20.6565144,0
05/01/2018 00:00,0,0,8.160265983,0
05/01/2018 01:00,0,0,26.38194125,0
05/01/2018 02:00,0,0,38.60943498,0
05/01/2018 03:00,0,0,41.39943193,0
05/01/2018 04:00,0,0,43.46212085,4.33333E-07
05/01/2018 05:00,3.545851333,0,53.68454773,0.0560009
05/01/2018 06:00,5.079158667,0,54.08361258,0.115000083
05/01/2018 07:00,4.079176667,8.359496333,51.83168292,0.00900185
05/01/2018 08:00,4.495834333,10.10336,49.96190712,4.33333E-07
05/01/2018 09:00,0,8.127068333,47.69440432,6.480591933
05/01/2018 10:00,3.687635,0,52.30606862,120.3430865
05/01/2018 11:00,4.237634,0,49.90941192,293.8001139
05/01/2018 12:00,3.512518,0,50.43107767,143.0377171
05/01/2018 13:00,0,0,49.803584,10.22094437
05/01/2018 14:00,0,7.141643,59.62785402,0
05/01/2018 15:00,0,8.218657,62.9261648,0
05/01/2018 16:00,0.025119,10.650695,55.03941095,5.4894454
05/01/2018 17:00,0.025119,13.18952767,55.23773472,123.814528
05/01/2018 18:00,0.0126,0,56.11089988,309.1607225
05/01/2018 19:00,0.0126,0,66.21808767,132.9158884
05/01/2018 20:00,0.0126,0,71.9991626,3.895910533
05/01/2018 21:00,0.0126,0,64.94148812,0
05/01/2018 22:00,0.0126,0,54.81467495,0
05/01/2018 23:00,0,0,22.35342333,0
06/01/2018 00:00,0,0,7.26526405,0
06/01/2018 01:00,0,0,19.76194837,0
06/01/2018 02:00,0,0,30.82195045,0
06/01/2018 03:00,0,0,37.3594391,0
06/01/2018 04:00,0,0,42.84962078,0.0000006
06/01/2018 05:00,3.212527,0,49.92156397,0.034001433
06/01/2018 06:00,4.512501,0,52.79595583,0.12
06/01/2018 07:00,3.945847333,8.982851667,52.87069215,0.028001433
06/01/2018 08:00,4.345841333,11.33134833,52.34274228,0.00000005
06/01/2018 09:00,0,10.698243,52.7110793,7.894306967
06/01/2018 10:00,4.337621,0,47.2060882,140.9503662
06/01/2018 11:00,4.645955333,0,44.36443102,298.284346
06/01/2018 12:00,3.612516,0,47.92524938,122.4985547
06/01/2018 13:00,0,0,47.85858298,5.574190083
06/01/2018 14:00,0,8.367132333,62.0211629,0
06/01/2018 15:00,0,9.57355,71.31280573,0
06/01/2018 16:00,0.050118,9.805942,61.97689258,8.6272121
06/01/2018 17:00,0.025119,7.895414667,64.39354867,135.1515838
06/01/2018 18:00,0.0126,0,64.36131725,297.8755627
06/01/2018 19:00,0.0126,0,76.2419065,127.28043
06/01/2018 20:00,0.0126,0,77.14456227,6.71462995
06/01/2018 21:00,0.0126,0,72.85964375,0
06/01/2018 22:00,0.0126,0,60.52592157,0
06/01/2018 23:00,0,0,21.51484892,0
07/01/2018 00:00,0,0,0,0
07/01/2018 01:00,0,0,0,0
07/01/2018 02:00,0,0,0,0
07/01/2018 03:00,0,0,0,0
07/01/2018 04:00,0,0,0,8.33333E-07
07/01/2018 05:00,3.345861333,0,0,0.043001283
07/01/2018 06:00,4.345837333,0,0,0.073000783
07/01/2018 07:00,4.095848333,9.011069,0,0.060000967
07/01/2018 08:00,3.962506,10.663251,0,0.004000217
07/01/2018 09:00,0,8.087840667,0,7.190010083
07/01/2018 10:00,3.237649,0,0,129.0316076
07/01/2018 11:00,4.845951333,0,0,293.2236816
07/01/2018 12:00,4.829153667,0,0,138.8922393
07/01/2018 13:00,0,0,0,7.582381317
07/01/2018 14:00,0,7.990537667,0,0
07/01/2018 15:00,0,10.693258,0,0
07/01/2018 16:00,0.00012,10.17998667,0,7.40156325
07/01/2018 17:00,0.025119,8.977853667,0,134.5085203
07/01/2018 18:00,0.0126,0,0,293.7332475
07/01/2018 19:00,0.0126,0,0,134.5220249
07/01/2018 20:00,0.0126,0,0,7.246295933
07/01/2018 21:00,0.0126,0,0,0
07/01/2018 22:00,0.0126,0,0,0
07/01/2018 23:00,0,0,0,0
08/01/2018 00:00,0,0,6.115252867,0
08/01/2018 01:00,0,0,20.88109953,0
08/01/2018 02:00,0,0,33.1494419,0
08/01/2018 03:00,0,0,38.4219302,0
08/01/2018 04:00,0,0,43.88012788,0
08/01/2018 05:00,4.479171667,0,45.28973317,0.0250009
08/01/2018 06:00,3.745848333,0,48.10245717,0.104000267
08/01/2018 07:00,4.312503,7.167923667,48.47552452,0.051000833
08/01/2018 08:00,4.495834333,11.18913433,49.92941568,6.66667E-08
08/01/2018 09:00,0,7.902200333,53.84773733,5.839896267
08/01/2018 10:00,3.745976333,0,54.62440502,121.9742742
08/01/2018 11:00,3.837634,0,51.21524265,301.174445
08/01/2018 12:00,3.995841333,0,54.0394087,135.4309526
08/01/2018 13:00,0,0,56.25024883,10.2436311
08/01/2018 14:00,0,9.106856333,66.24117593,0
08/01/2018 15:00,0,11.00743567,70.13198803,0
08/01/2018 16:00,0.025119,10.66984967,59.37940855,7.417728183
08/01/2018 17:00,0.050118,8.212965667,56.66440377,125.7739952
08/01/2018 18:00,0.0126,0,56.10039242,303.1911441
08/01/2018 19:00,0.0126,0,69.13234438,134.0020386
08/01/2018 20:00,0.0126,0,79.00906067,5.7857301
08/01/2018 21:00,0.0126,0,71.68231145,0
08/01/2018 22:00,0.0126,0,57.39243055,0
08/01/2018 23:00,0,0,25.57267313,0
09/01/2018 00:00,0,0,7.296090467,0
09/01/2018 01:00,0,0,23.64859303,0
09/01/2018 02:00,0,0,32.1327778,0
09/01/2018 03:00,0,0,39.78360125,0
09/01/2018 04:00,0,0,42.67103838,0
09/01/2018 05:00,3.829182667,0,46.52805012,0.01200125
09/01/2018 06:00,2.629203667,0,47.66194943,0.116000067
09/01/2018 07:00,4.112509,7.307197333,41.99811897,0.0540011
09/01/2018 08:00,4.579161667,8.588648,46.95441575,5.33333E-07
09/01/2018 09:00,0,10.05676133,51.11523902,9.494559917
09/01/2018 10:00,4.387627,0,50.07523243,137.0860844
09/01/2018 11:00,4.254292667,0,50.86940305,284.6727358
09/01/2018 12:00,4.845831333,0,56.41856662,133.8213225
09/01/2018 13:00,0,0,56.29190903,10.11137788
09/01/2018 14:00,0,7.577162333,69.45366877,0
09/01/2018 15:00,0,11.77641733,72.9178143,0
09/01/2018 16:00,0.025119,11.05481967,58.62274,4.590689217
09/01/2018 17:00,0.025119,9.982672667,56.35940242,130.2928091
09/01/2018 18:00,0.0126,0,57.39290033,295.4219144
09/01/2018 19:00,0.0126,0,61.19643955,137.1203148
09/01/2018 20:00,0.0126,0,75.84314938,7.932693617
09/01/2018 21:00,0.0126,0,72.86548037,0
09/01/2018 22:00,0.0126,0,56.89168048,0
09/01/2018 23:00,0,0,20.84484545,0
10/01/2018 00:00,0,0,10.10359712,0
10/01/2018 01:00,0,0,27.43360097,0
10/01/2018 02:00,0,0,33.25527965,0
10/01/2018 03:00,0,0,38.365267,0
10/01/2018 04:00,0,0,42.9277064,0.00000035
10/01/2018 05:00,4.895826333,0,55.29488228,1.86667E-06
10/01/2018 06:00,4.145845333,0,50.85394912,0.104000267
10/01/2018 07:00,2.995865333,7.573941,49.55251277,0.076000383
10/01/2018 08:00,3.645848333,10.46409633,55.65022645,0
10/01/2018 09:00,0,9.515006667,56.32523907,7.62122635
10/01/2018 10:00,4.612623,0,56.86523358,121.8579916
10/01/2018 11:00,4.579284667,0,54.25356098,303.0522253
10/01/2018 12:00,3.762515,0,47.61107707,135.7597186
10/01/2018 13:00,0,0,49.51275142,6.442011183
10/01/2018 14:00,0,8.520283667,59.93784675,0
10/01/2018 15:00,0,11.46403133,63.80616085,0
10/01/2018 16:00,0.00012,10.208459,57.43523587,7.0034782
10/01/2018 17:00,0.050118,7.645509667,53.74607283,129.1780719
10/01/2018 18:00,0.0126,0,52.8176581,293.9608319
10/01/2018 19:00,0.0126,0,63.9248472,139.0738748
10/01/2018 20:00,0.0126,0,74.10115485,7.4404808
10/01/2018 21:00,0.0126,0,71.20473948,0
10/01/2018 22:00,0.0126,0,58.58993898,0
10/01/2018 23:00,0,0,22.80266525,0
11/01/2018 00:00,0,0,7.294413333,0
11/01/2018 01:00,0,0,19.88694173,0
11/01/2018 02:00,0,0,35.20278008,0
11/01/2018 03:00,0,0,45.29359353,0
11/01/2018 04:00,0,0,49.57836003,0.003000083
11/01/2018 05:00,4.06251,0,56.7451248,0.060000983
11/01/2018 06:00,3.629179667,0,57.81544108,0.0840006
11/01/2018 07:00,4.495836333,8.422918667,57.31367847,0.03300145
11/01/2018 08:00,3.479188667,8.147756667,58.2735604,3.16667E-07
11/01/2018 09:00,0,7.188986,60.92022603,6.215497183
11/01/2018 10:00,4.629289667,0,56.80189617,125.9285081
11/01/2018 11:00,3.970971333,0,51.62274725,302.0769095
11/01/2018 12:00,4.345833333,0,50.54524888,133.3288376
11/01/2018 13:00,0,0,49.88525743,7.355198767
11/01/2018 14:00,0,7.690555667,62.03867852,0
11/01/2018 15:00,0,13.75107133,68.6486512,0
11/01/2018 16:00,0.050118,12.802809,55.93774282,8.12029825
11/01/2018 17:00,0.025119,7.993793,54.24440402,122.9972977
11/01/2018 18:00,0.0126,0,58.4011416,282.4393521
11/01/2018 19:00,0.0126,0,59.7605134,152.2713488
11/01/2018 20:00,0.0126,0,67.21708658,9.56567885
11/01/2018 21:00,0.0126,0,69.33215168,0
11/01/2018 22:00,0.0126,0,58.2632571,0
11/01/2018 23:00,0,0,19.18501593,0
12/01/2018 00:00,0,0,9.916090767,0
12/01/2018 01:00,0,0,29.24443427,0
12/01/2018 02:00,0,0,40.7094363,0
12/01/2018 03:00,0,0,51.41774668,0
12/01/2018 04:00,0,0,51.70126915,0
12/01/2018 05:00,3.995833333,0,54.99929235,0.0000011
12/01/2018 06:00,3.829183667,0,53.76085557,0.060001
12/01/2018 07:00,5.229151667,9.374407333,53.92426752,0.112000133
12/01/2018 08:00,3.729180667,10.03255367,58.90106017,0.0100005
12/01/2018 09:00,0,7.781294,56.78356512,5.060092517
12/01/2018 10:00,4.229298667,0,49.77441485,122.5111438
12/01/2018 11:00,3.904306667,0,50.44107633,307.7813881
12/01/2018 12:00,3.695854333,0,49.12608095,134.9461189
12/01/2018 13:00,0,0,49.9377515,5.0438583
12/01/2018 14:00,0,7.258057667,63.99950722,0
12/01/2018 15:00,0,11.478157,62.21034202,0
12/01/2018 16:00,0.075117,11.248202,47.70359547,7.727148283
12/01/2018 17:00,0.00012,8.284473333,51.39274605,142.7490729
12/01/2018 18:00,0.0126,0,50.79866375,299.7049458
12/01/2018 19:00,0.0126,0,68.64517482,118.2764441
12/01/2018 20:00,0.0126,0,69.16007187,8.244428167
12/01/2018 21:00,0.0126,0,63.17616295,0
12/01/2018 22:00,0.0126,0,53.3760162,0
12/01/2018 23:00,0,0,20.72385833,0
13/01/2018 00:00,0,0,6.184424317,0
13/01/2018 01:00,0,0,22.12777253,0
13/01/2018 02:00,0,0,40.89693635,0
13/01/2018 03:00,0,0,46.71275413,0
13/01/2018 04:00,0,0,51.2030211,2.66667E-07
13/01/2018 05:00,2.779206667,0,54.3605466,0.02400115
13/01/2018 06:00,4.295836333,0,57.36942688,0.11100015
13/01/2018 07:00,4.662492,6.993103667,52.86042895,0.0450008
13/01/2018 08:00,2.862534,9.849279333,53.67023325,0.00000015
13/01/2018 09:00,0,9.006830333,56.44273428,5.09129465
13/01/2018 10:00,4.645952333,0,51.37190442,139.5487038
13/01/2018 11:00,5.779269667,0,51.2985683,297.4128608
13/01/2018 12:00,3.562519,0,56.52355962,125.2862686
13/01/2018 13:00,0,0,52.79691382,8.784142317
13/01/2018 14:00,0,8.328688,62.79951097,0
13/01/2018 15:00,0,11.75407533,62.77034115,0
13/01/2018 16:00,0.100116,11.14480567,49.46025157,5.606330467
13/01/2018 17:00,0.00012,9.27606,47.8152463,116.2936167
13/01/2018 18:00,0.0126,0,42.98341563,297.2538637
13/01/2018 19:00,0.0126,0,52.80951902,146.8735457
13/01/2018 20:00,0.0126,0,65.46300828,9.964728983
13/01/2018 21:00,0.0126,0,71.11665003,0
13/01/2018 22:00,0.0126,0,61.7594124,0
13/01/2018 23:00,0,0,22.75190902,0
14/01/2018 00:00,0,0,0,0
14/01/2018 01:00,0,0,0,0
14/01/2018 02:00,0,0,0,0
14/01/2018 03:00,0,0,0,0
14/01/2018 04:00,0,0,0,5.16667E-07
14/01/2018 05:00,3.679194667,0,0,0.052000883
14/01/2018 06:00,4.629164667,0,0,0.12
14/01/2018 07:00,3.579184667,8.564579333,0,0.010001317
14/01/2018 08:00,3.995837333,10.14742767,0,1.33333E-07
14/01/2018 09:00,0,8.922818667,0,5.18462945
14/01/2018 10:00,4.245956333,0,0,141.4997334
14/01/2018 11:00,3.737635,0,0,303.9280922
14/01/2018 12:00,4.795834333,0,0,118.866106
14/01/2018 13:00,0,0,0,5.972943333
14/01/2018 14:00,0,10.44437033,0,0
14/01/2018 15:00,0,8.848451,0,0
14/01/2018 16:00,0.025119,10.00582,0,7.1648806
14/01/2018 17:00,0.00012,9.287761667,0,130.4690941
14/01/2018 18:00,0.0126,0,0,295.5990789
14/01/2018 19:00,0.0126,0,0,136.4752393
14/01/2018 20:00,0.0126,0,0,8.84694235
14/01/2018 21:00,0.0126,0,0,0
14/01/2018 22:00,0.0126,0,0,0
14/01/2018 23:00,0,0,0,0
15/01/2018 00:00,0,0,6.413595317,0
15/01/2018 01:00,0,0,19.89694813,0
15/01/2018 02:00,0,0,34.02861032,0
15/01/2018 03:00,0,0,46.74608298,0
15/01/2018 04:00,0,0,46.27611593,0.00000025
15/01/2018 05:00,4.529167667,0,51.79888782,0.019001383
15/01/2018 06:00,4.362499,0,54.80752802,0.106000233
15/01/2018 07:00,3.612524,8.023865,55.44452033,0.055001083
15/01/2018 08:00,3.712516,10.47992967,53.25191088,0.0000003
15/01/2018 09:00,0,8.807747667,52.23607617,12.09514193
15/01/2018 10:00,3.337642,0,46.92774168,147.5348472
15/01/2018 11:00,4.320961333,0,45.95274338,286.4289178
15/01/2018 12:00,4.812496,0,48.36441372,125.7392398
15/01/2018 13:00,0,0,52.8360756,6.38605985
15/01/2018 14:00,0,9.157749667,66.88450713,0
15/01/2018 15:00,0,10.28927733,65.58199248,0
15/01/2018 16:00,0.00012,10.63668133,50.44441122,6.29372875
15/01/2018 17:00,0.00012,8.017773667,46.50691338,125.2877397
15/01/2018 18:00,0.0126,0,48.64582707,295.146013
15/01/2018 19:00,0.0126,0,63.73566942,141.7377698
15/01/2018 20:00,0.0126,0,77.15607455,6.3954468
15/01/2018 21:00,0.0126,0,74.22255427,0
15/01/2018 22:00,0.0126,0,61.309504,0
15/01/2018 23:00,0,0,23.66308485,0
16/01/2018 00:00,0,0,8.425257917,0
16/01/2018 01:00,0,0,26.00109935,0
16/01/2018 02:00,0,0,38.9819412,0
16/01/2018 03:00,0,0,38.20527573,0
16/01/2018 04:00,0,0,42.87021028,0.014000717
16/01/2018 05:00,4.345838333,0,49.14521822,0.12
16/01/2018 06:00,3.312524,0,50.730373,0.0540011
16/01/2018 07:00,3.629189667,7.289879333,46.90811183,0.000002
16/01/2018 08:00,3.995843333,11.23904833,54.68690602,4.66667E-07
16/01/2018 09:00,0,8.312851667,55.72690463,11.61117397
16/01/2018 10:00,5.262607,0,54.64773145,146.2948981
16/01/2018 11:00,4.304289667,0,54.49439443,288.6941503
16/01/2018 12:00,3.812515,0,53.03273607,123.9787242
16/01/2018 13:00,0,0,53.34191212,4.09169705
16/01/2018 14:00,0,9.433617,63.38034947,0
16/01/2018 15:00,0,10.37500067,73.33365312,0
16/01/2018 16:00,0.025119,9.822486667,64.15940312,6.683830833
16/01/2018 17:00,0.00012,8.972604667,61.5643988,137.1891554
16/01/2018 18:00,0.0126,0,57.81091015,298.5861272
16/01/2018 19:00,0.0126,0,64.19418238,126.9179864
16/01/2018 20:00,0.0126,0,68.08974783,6.7073776
16/01/2018 21:00,0.0126,0,67.55982715,0
16/01/2018 22:00,0.0126,0,59.7411009,0
16/01/2018 23:00,0,0,24.2674233,0
17/01/2018 00:00,0,0,11.90775433,0
17/01/2018 01:00,0,0,23.93360367,0
17/01/2018 02:00,0,0,37.63443907,0
17/01/2018 03:00,0,0,40.94026047,0
17/01/2018 04:00,0,0,44.36053287,0.0000001
17/01/2018 05:00,4.362505,0,59.01546448,0.065000783
17/01/2018 06:00,3.579184667,0,65.36792618,0.11100015
17/01/2018 07:00,4.412501,10.356029,64.30133455,0.017001217
17/01/2018 08:00,4.479167667,11.447841,61.84356048,0.0000004
17/01/2018 09:00,0,7.697245333,59.65439378,4.91101065
17/01/2018 10:00,3.212648,0,57.10356217,127.3030393
17/01/2018 11:00,3.795970333,0,51.08357442,304.2407588
17/01/2018 12:00,4.795831333,0,49.85107605,132.0944655
17/01/2018 13:00,0,0,52.72525178,5.5672113
17/01/2018 14:00,0,6.651471,61.62368135,0
17/01/2018 15:00,0,12.26145133,60.77533527,0
17/01/2018 16:00,0.00012,8.411890333,49.28025312,5.5977451
17/01/2018 17:00,0.050118,9.492712667,50.33691112,117.4199964
17/01/2018 18:00,0.0126,0,45.10601308,299.3008624
17/01/2018 19:00,0.0126,0,53.61836197,147.9263894
17/01/2018 20:00,0.0126,0,70.219579,7.362914717
17/01/2018 21:00,0.0126,0,71.7288064,0
17/01/2018 22:00,0.0126,0,59.29118942,0
17/01/2018 23:00,0,0,22.8496658,0
18/01/2018 00:00,0,0,8.6210882,0
18/01/2018 01:00,0,0,28.5135832,0
18/01/2018 02:00,0,0,43.28859168,0
18/01/2018 03:00,0,0,47.677762,0
18/01/2018 04:00,0,0,48.34903522,3.83333E-07
18/01/2018 05:00,4.562497,0,49.53655445,0.062000533
18/01/2018 06:00,4.062511,0,51.2348578,0.1140001
18/01/2018 07:00,4.095845333,6.171694,52.87943248,0.018001267
18/01/2018 08:00,3.979179667,10.01002167,59.8035593,3.33333E-07
18/01/2018 09:00,0,10.733415,56.1102302,6.457179083
18/01/2018 10:00,3.870966333,0,58.98106415,136.6633187
18/01/2018 11:00,4.562618,0,54.31190778,296.4072121
18/01/2018 12:00,3.529189667,0,53.39774452,126.3113516
18/01/2018 13:00,0,0,50.59942148,8.183756167
18/01/2018 14:00,0,7.623739,57.27618367,0
18/01/2018 15:00,0,10.43653133,56.68117467,0
18/01/2018 16:00,0.00012,11.395554,50.49274712,4.8255266
18/01/2018 17:00,0.025119,9.316214,48.68441225,137.5308871
18/01/2018 18:00,0.0126,0,48.72332912,303.6545241
18/01/2018 19:00,0.0126,0,59.8730154,122.3530574
18/01/2018 20:00,0.0126,0,71.19325723,6.262728233
18/01/2018 21:00,0.0126,0,75.75531645,0
18/01/2018 22:00,0.0126,0,59.45651113,0
18/01/2018 23:00,0,0,22.50268222,0
19/01/2018 00:00,0,0,7.210264033,0
19/01/2018 01:00,0,0,23.57860185,0
19/01/2018 02:00,0,0,36.34110622,0
19/01/2018 03:00,0,0,45.08609147,0
19/01/2018 04:00,0,0,45.4462864,0.005000733
19/01/2018 05:00,3.695846333,0,50.34847845,0.06900085
19/01/2018 06:00,4.945827333,0,49.8495411,0.089000517
19/01/2018 07:00,3.479190667,8.229660333,50.67810193,0.02100165
19/01/2018 08:00,3.945847333,9.331896333,54.72189765,1.33333E-07
19/01/2018 09:00,0,7.762859667,56.75689207,3.48998065
19/01/2018 10:00,2.887657,0,57.02022453,113.2298829
19/01/2018 11:00,4.51262,0,54.46440233,301.2327095
19/01/2018 12:00,5.145820333,0,53.47523985,148.4419135
19/01/2018 13:00,0,0,53.75691382,7.89384585
19/01/2018 14:00,0,8.012117333,58.5653457,0
19/01/2018 15:00,0,11.72151533,61.93116608,0
19/01/2018 16:00,0.050118,11.595559,50.99607862,8.931696917
19/01/2018 17:00,0.025119,9.524296333,55.00939838,129.9820715
19/01/2018 18:00,0.0126,0,54.12366193,288.0678856
19/01/2018 19:00,0.0126,0,63.14501732,142.2159725
19/01/2018 20:00,0.0126,0,67.41958167,7.519708717
19/01/2018 21:00,0.0126,0,70.11382437,0
19/01/2018 22:00,0.0126,0,59.3598463,0
19/01/2018 23:00,0,0,23.0707426,0
20/01/2018 00:00,0,0,10.92776615,0
20/01/2018 01:00,0,0,26.135269,0
20/01/2018 02:00,0,0,32.74277935,0
20/01/2018 03:00,0,0,38.53609638,0
20/01/2018 04:00,0,0,45.82519108,2.66667E-07
20/01/2018 05:00,3.062532,0,50.81054805,0.052001133
20/01/2018 06:00,3.81252,0,50.32861203,0.12
20/01/2018 07:00,3.129199667,9.143523,50.36418845,0.0080013
20/01/2018 08:00,4.312502,8.14368,53.02606787,0.00000055
20/01/2018 09:00,0,7.518801,54.53856518,4.94946105
20/01/2018 10:00,5.062607,0,56.71440208,126.2961914
20/01/2018 11:00,4.945943333,0,52.38358165,305.4753919
20/01/2018 12:00,4.312504,0,57.19940883,130.1806895
20/01/2018 13:00,0,0,53.60358493,9.393313217
20/01/2018 14:00,0,7.950482667,61.75450983,0
20/01/2018 15:00,0,11.060771,65.56615263,0
20/01/2018 16:00,0.00012,12.45968467,50.58774662,9.36996055
20/01/2018 17:00,0.050118,9.670945,53.34107198,139.6664691
20/01/2018 18:00,0.0126,0,49.08066493,281.8979719
20/01/2018 19:00,0.0126,0,59.46068623,135.8435907
20/01/2018 20:00,0.0126,0,68.41442017,10.61849313
20/01/2018 21:00,0.0126,0,69.59599427,0
20/01/2018 22:00,0.0126,0,61.69367068,0
20/01/2018 23:00,0,0,21.0191851,0
21/01/2018 00:00,0,0,0,0
21/01/2018 01:00,0,0,0,0
21/01/2018 02:00,0,0,0,0
21/01/2018 03:00,0,0,0,0
21/01/2018 04:00,0,0,0,0.0000004
21/01/2018 05:00,4.929165667,0,0,0.03500105
21/01/2018 06:00,3.71252,0,0,0.103000283
21/01/2018 07:00,3.812513,8.166155,0,0.044000817
21/01/2018 08:00,4.262501,9.831617333,0,0
21/01/2018 09:00,0,8.907082333,0,4.927706833
21/01/2018 10:00,3.729298667,0,0,133.9947735
21/01/2018 11:00,3.904300667,0,0,311.3547053
21/01/2018 12:00,4.26251,0,0,120.8656909
21/01/2018 13:00,0,0,0,4.30869265
21/01/2018 14:00,0,8.502874667,0,0
21/01/2018 15:00,0,11.81475067,0,0
21/01/2018 16:00,0.050118,9.894296333,0,4.036348417
21/01/2018 17:00,0.025119,8.493695,0,129.6153282
21/01/2018 18:00,0.0126,0,0,308.8818754
21/01/2018 19:00,0.0126,0,0,128.6293238
21/01/2018 20:00,0.0126,0,0,6.189798817
21/01/2018 21:00,0.0126,0,0,0
21/01/2018 22:00,0.0126,0,0,0
21/01/2018 23:00,0,0,0,0
22/01/2018 00:00,0,0,11.32524508,0
22/01/2018 01:00,0,0,27.12192543,0
22/01/2018 02:00,0,0,33.56027997,0
22/01/2018 03:00,0,0,43.9610974,0
22/01/2018 04:00,0,0,48.87911567,4.83333E-07
22/01/2018 05:00,4.679163667,0,53.86522137,0.0540011
22/01/2018 06:00,4.462508,0,53.50694542,0.12
22/01/2018 07:00,4.245841333,6.889856333,49.1702694,0.008001667
22/01/2018 08:00,4.312506,11.17721267,49.93774322,0
22/01/2018 09:00,0,7.814639333,52.98607418,7.949261167
22/01/2018 10:00,3.145978333,0,55.44190073,118.5775959
22/01/2018 11:00,3.854293667,0,56.38022987,290.004749
22/01/2018 12:00,3.912518,0,58.39189063,150.595978
22/01/2018 13:00,0,0,55.90107672,10.49489387
22/01/2018 14:00,0,6.961559,65.49201638,0
22/01/2018 15:00,0,9.177731667,68.82198877,0
22/01/2018 16:00,0.075117,13.34690867,55.03607675,7.176916133
22/01/2018 17:00,0.00012,10.060954,52.97856905,130.8187927
22/01/2018 18:00,0.0126,0,51.28648953,289.2630012
22/01/2018 19:00,0.0126,0,55.7049387,140.6989074
22/01/2018 20:00,0.0126,0,67.38117395,8.026433
22/01/2018 21:00,0.0126,0,66.18915605,0
22/01/2018 22:00,0.0126,0,59.39801435,0
22/01/2018 23:00,0,0,21.92464928,0
23/01/2018 00:00,0,0,7.791087,0
23/01/2018 01:00,0,0,21.96777823,0
23/01/2018 02:00,0,0,38.38110625,0
23/01/2018 03:00,0,0,46.77275932,0
23/01/2018 04:00,0,0,49.79569923,0.014000317
23/01/2018 05:00,3.779183667,0,50.6473167,0.06000085
23/01/2018 06:00,4.645835333,0,61.69751803,0.067000883
23/01/2018 07:00,3.445858333,8.770213667,58.47075222,0.0420013
23/01/2018 08:00,4.962484,11.72234967,53.29106438,4.33333E-07
23/01/2018 09:00,0,9.810163667,50.6502369,3.802108717
23/01/2018 10:00,4.812613,0,54.16189857,124.5479243
23/01/2018 11:00,3.695974333,0,54.02607082,311.8429866
23/01/2018 12:00,3.295859333,0,53.56190448,127.9579727
23/01/2018 13:00,0,0,57.53440435,6.199793517
23/01/2018 14:00,0,7.680546667,64.19201697,0
23/01/2018 15:00,0,9.564279333,63.20782595,0
23/01/2018 16:00,0.025119,10.36410033,50.86774387,8.791861617
23/01/2018 17:00,0.025119,8.019609333,48.13274235,123.9802917
23/01/2018 18:00,0.0126,0,46.53975258,291.650299
23/01/2018 19:00,0.0126,0,55.89136518,142.018517
23/01/2018 20:00,0.0126,0,65.50549547,9.38586025
23/01/2018 21:00,0.0126,0,68.41066187,0
23/01/2018 22:00,0.0126,0,64.743914,0
23/01/2018 23:00,0,0,24.71949433,0
24/01/2018 00:00,0,0,7.5902589,0
24/01/2018 01:00,0,0,22.99943743,0
24/01/2018 02:00,0,0,37.09944388,0
24/01/2018 03:00,0,0,39.47526975,0
24/01/2018 04:00,0,0,45.06395062,0.005000667
24/01/2018 05:00,3.645849333,0,50.08880782,0.010001833
24/01/2018 06:00,4.979166667,0,55.83185633,0.115000083
24/01/2018 07:00,3.845846333,8.563756,55.26508718,0.05500045
24/01/2018 08:00,3.779185667,9.052760667,49.36024067,0
24/01/2018 09:00,0,8.514602333,49.26441258,9.13565935
24/01/2018 10:00,4.062634,0,55.35607122,138.6999004
24/01/2018 11:00,3.654303667,0,60.84104987,294.9561135
24/01/2018 12:00,4.645823333,0,63.30437457,126.4217924
24/01/2018 13:00,0,0,62.13939143,5.35639645
24/01/2018 14:00,0,9.516798333,67.0286672,0
24/01/2018 15:00,0,9.956645333,70.71198708,0
24/01/2018 16:00,0.025119,8.961888333,53.58774738,7.31581095
24/01/2018 17:00,0.050118,11.30650933,51.36691262,124.4816876
24/01/2018 18:00,0.0126,0,50.70842368,287.4023997
24/01/2018 19:00,0.0126,0,57.96420478,147.4045194
24/01/2018 20:00,0.0126,0,65.21709628,9.847017767
24/01/2018 21:00,0.0126,0,68.06374777,0
24/01/2018 22:00,0.0126,0,63.55107753,0
24/01/2018 23:00,0,0,26.71741723,0
25/01/2018 00:00,0,0,7.226096983,0
25/01/2018 01:00,0,0,18.66111458,0
25/01/2018 02:00,0,0,32.23111738,0
25/01/2018 03:00,0,0,43.22775878,0
25/01/2018 04:00,0,0,44.22853697,0.0000005
25/01/2018 05:00,3.545857333,0,48.86315275,0.028001117
25/01/2018 06:00,3.129190667,0,56.6811795,0.085000583
25/01/2018 07:00,4.26251,7.266295,53.21034887,0.0720008
25/01/2018 08:00,4.529161667,10.100618,53.1327403,0.005000633
25/01/2018 09:00,0,9.829284333,52.51106538,8.066674967
25/01/2018 10:00,3.920966333,0,58.77189065,128.8141565
25/01/2018 11:00,4.679288667,0,55.4702289,293.2987134
25/01/2018 12:00,4.595832333,0,55.40523893,137.9324675
25/01/2018 13:00,0,0,57.8227374,8.706443617
25/01/2018 14:00,0,8.031409,64.64450407,0
25/01/2018 15:00,0,11.82665633,68.87364802,0
25/01/2018 16:00,0.00012,9.70842,53.849415,9.097208817
25/01/2018 17:00,0.025119,8.967765667,47.86525292,144.0733379
25/01/2018 18:00,0.0126,0,49.3980007,289.7810825
25/01/2018 19:00,0.0126,0,60.59077418,127.6608383
25/01/2018 20:00,0.0126,0,71.04382137,6.00394395
25/01/2018 21:00,0.0126,0,65.6790667,0
25/01/2018 22:00,0.0126,0,53.0940902,0
25/01/2018 23:00,0,0,20.24583723,0
26/01/2018 00:00,0,0,11.3319214,0
26/01/2018 01:00,0,0,30.43859327,0
26/01/2018 02:00,0,0,35.7094399,0
26/01/2018 03:00,0,0,41.41859782,0
26/01/2018 04:00,0,0,45.28870912,3.33333E-08
26/01/2018 05:00,4.612501,0,47.29782445,0.03700105
26/01/2018 06:00,4.012509,0,45.15263502,0.12
26/01/2018 07:00,4.679166667,9.233526,43.61560907,0.023001417
26/01/2018 08:00,3.779187667,10.61974867,50.3694061,3.33333E-08
26/01/2018 09:00,0,8.992776667,52.7919037,8.681961367
26/01/2018 10:00,3.354302667,0,53.29940315,126.8946409
26/01/2018 11:00,4.295961333,0,52.72690472,297.9458615
26/01/2018 12:00,3.929178667,0,52.1227406,137.0336661
26/01/2018 13:00,0,0,55.88107905,5.88746035
26/01/2018 14:00,0,8.133975,60.70452108,0
26/01/2018 15:00,0,8.549472333,62.97032483,0
26/01/2018 16:00,0.00012,9.312608667,59.06190137,7.928713483
26/01/2018 17:00,0.025119,10.545866,55.7143952,131.6773752
26/01/2018 18:00,0.0126,0,52.35548078,307.9700412
26/01/2018 19:00,0.0126,0,66.21584473,122.5616908
26/01/2018 20:00,0.0126,0,77.1963094,5.0427278
26/01/2018 21:00,0.0126,0,77.16047292,0
26/01/2018 22:00,0.0126,0,64.32884467,0
26/01/2018 23:00,0,0,29.19042838,0
27/01/2018 00:00,0,0,9.275262183,0
27/01/2018 01:00,0,0,24.01693765,0
27/01/2018 02:00,0,0,37.20526778,0
27/01/2018 03:00,0,0,40.6677601,0
27/01/2018 04:00,0,0,46.51294253,4.33333E-07
27/01/2018 05:00,4.112514,0,56.42837947,0.0000015
27/01/2018 06:00,4.345847333,0,58.30378102,0.06900085
27/01/2018 07:00,4.012507,6.985675667,51.90143802,0.104000267
27/01/2018 08:00,4.395845333,9.484365333,54.00357323,0.0070007
27/01/2018 09:00,0,8.572766667,51.70941192,5.286077867
27/01/2018 10:00,4.295951333,0,51.72357543,122.44688
27/01/2018 11:00,3.479307667,0,53.72023628,292.1426471
27/01/2018 12:00,3.995835333,0,52.65356968,144.8073352
27/01/2018 13:00,0,0,52.49357782,10.19853125
27/01/2018 14:00,0,8.641227,62.15366997,0
27/01/2018 15:00,0,11.49396933,67.08532258,0
27/01/2018 16:00,0.050118,11.52389233,57.54441293,7.254212767
27/01/2018 17:00,0.00012,9.084392333,55.38607408,129.0093118
27/01/2018 18:00,0.0126,0,50.50292353,298.0446607
27/01/2018 19:00,0.0126,0,65.1756771,134.2413564
27/01/2018 20:00,0.0126,0,72.5027526,7.7538114
27/01/2018 21:00,0.0126,0,68.50107707,0
27/01/2018 22:00,0.0126,0,53.92386043,0
27/01/2018 23:00,0,0,21.29807928,0
28/01/2018 00:00,0,0,0,0
28/01/2018 01:00,0,0,0,0
28/01/2018 02:00,0,0,0,0
28/01/2018 03:00,0,0,0,0
28/01/2018 04:00,0,0,0,6.66667E-07
28/01/2018 05:00,3.512525,0,0,0.040001333
28/01/2018 06:00,4.029177667,0,0,0.10500025
28/01/2018 07:00,3.695853333,7.477352333,0,0.035001417
28/01/2018 08:00,3.662513,10.12409133,0,8.33333E-08
28/01/2018 09:00,0,10.49000467,0,6.94067605
28/01/2018 10:00,4.820947333,0,0,119.9599049
28/01/2018 11:00,4.045964333,0,0,304.7416925
28/01/2018 12:00,4.845828333,0,0,136.000998
28/01/2018 13:00,0,0,0,7.316541783
28/01/2018 14:00,0,8.245419667,0,0
28/01/2018 15:00,0,10.82742067,0,0
28/01/2018 16:00,0.025119,9.788387,0,4.9420726
28/01/2018 17:00,0.050118,9.067732667,0,120.3878893
28/01/2018 18:00,0.0126,0,0,309.3592565
28/01/2018 19:00,0.0126,0,0,134.8111367
28/01/2018 20:00,0.0126,0,0,5.557994167
28/01/2018 21:00,0.0126,0,0,0
28/01/2018 22:00,0.0126,0,0,0
28/01/2018 23:00,0,0,0,0
29/01/2018 00:00,0,0,8.3027583,0
29/01/2018 01:00,0,0,23.06526703,0
29/01/2018 02:00,0,0,36.70109888,0
29/01/2018 03:00,0,0,45.81775478,0
29/01/2018 04:00,0,0,45.42678698,3.33333E-08
29/01/2018 05:00,4.212508,0,50.05988288,0.038001083
29/01/2018 06:00,3.862517,0,53.9564427,0.12
29/01/2018 07:00,4.345837333,8.434552333,51.56086232,0.02700075
29/01/2018 08:00,3.745847333,11.93219367,54.30940388,0
29/01/2018 09:00,0,8.304656333,57.24856015,8.900497083
29/01/2018 10:00,3.929297667,0,55.55105947,123.0538443
29/01/2018 11:00,4.070965333,0,57.37605958,307.4825077
29/01/2018 12:00,4.445836333,0,56.78356092,130.6039884
29/01/2018 13:00,0,0,53.50857377,7.097408233
29/01/2018 14:00,0,7.769775333,58.09952112,0
29/01/2018 15:00,0,9.495040667,58.73366703,0
29/01/2018 16:00,0.075117,11.43129833,45.89525483,5.478944617
29/01/2018 17:00,0.00012,8.033834,48.0677466,136.7940178
29/01/2018 18:00,0.0126,0,51.24890973,302.8490425
29/01/2018 19:00,0.0126,0,60.04461097,125.2793741
29/01/2018 20:00,0.0126,0,71.48091495,5.036808883
29/01/2018 21:00,0.0126,0,70.4864828,0
29/01/2018 22:00,0.0126,0,55.17311612,0
29/01/2018 23:00,0,0,18.50086123,0
30/01/2018 00:00,0,0,9.516085667,0
30/01/2018 01:00,0,0,22.48693353,0
30/01/2018 02:00,0,0,34.2011043,0
30/01/2018 03:00,0,0,43.53775532,0
30/01/2018 04:00,0,0,46.4391097,5.66667E-07
30/01/2018 05:00,3.329190667,0,56.38661825,0.059000633
30/01/2018 06:00,4.395839333,0,56.82300717,0.115000083
30/01/2018 07:00,3.595858333,6.966536,48.7161847,0.01300105
30/01/2018 08:00,4.262504,9.066943333,44.60524495,0
30/01/2018 09:00,0,9.991115,50.67107228,8.68269095
30/01/2018 10:00,4.670950333,0,54.17773777,129.1868247
30/01/2018 11:00,4.387623,0,57.41689782,290.2819675
30/01/2018 12:00,4.045840333,0,59.7219007,140.0788175
30/01/2018 13:00,0,0,55.60024633,7.650628217
30/01/2018 14:00,0,8.01362,70.77115638,0
30/01/2018 15:00,0,11.02888133,75.14113977,0
30/01/2018 16:00,0.00012,11.285773,57.30774822,6.16772825
30/01/2018 17:00,0.00012,9.546730333,55.3919131,127.1916882
30/01/2018 18:00,0.0126,0,49.57510073,301.2980462
30/01/2018 19:00,0.0126,0,61.5412864,132.696433
30/01/2018 20:00,0.0126,0,66.54726873,7.77829375
30/01/2018 21:00,0.0126,0,64.07817063,0
30/01/2018 22:00,0.0126,0,54.51700822,0
30/01/2018 23:00,0,0,22.16066388,0
31/01/2018 00:00,0,0,6.782756917,0
31/01/2018 01:00,0,0,25.51442753,0
31/01/2018 02:00,0,0,34.41610422,0
31/01/2018 03:00,0,0,45.44775112,0
31/01/2018 04:00,0,0,51.14169155,0
31/01/2018 05:00,4.445842333,0,58.00386903,0.060000583
31/01/2018 06:00,3.345857333,0,57.75768022,0.115000083
31/01/2018 07:00,4.479170667,9.162854667,58.07468037,0.0120007
31/01/2018 08:00,4.145843333,9.903525,54.27773347,0
31/01/2018 09:00,0,7.452869667,51.6085687,4.14644085
31/01/2018 10:00,3.820963333,0,44.98357985,122.5526379
31/01/2018 11:00,4.245961333,0,43.0560877,302.3354932
31/01/2018 12:00,4.179168667,0,44.86441477,140.2172674
31/01/2018 13:00,0,0,46.81024985,8.1440421
31/01/2018 14:00,0,8.307884667,54.99368502,0
31/01/2018 15:00,0,12.24362133,64.65531958,0
31/01/2018 16:00,0.00012,11.20166333,52.56524247,5.451427267
31/01/2018 17:00,0.025119,7.447205333,52.02190257,138.2432649
31/01/2018 18:00,0.0126,0,51.54133085,309.5168582
31/01/2018 19:00,0.0126,0,60.46710863,117.739128
31/01/2018 20:00,0.0126,0,71.68625613,3.950128567
31/01/2018 21:00,0.0126,0,67.53749707,0
31/01/2018 22:00,0.0126,0,57.24033608,0
31/01/2018 23:00,0,0,21.76166997,0
01/02/2018 00:00,0,0,5.3377758,0
01/02/2018 01:00,0,0,19.84694768,0
01/02/2018 02:00,0,0,34.22026972,0
01/02/2018 03:00,0,0,38.67193268,0
01/02/2018 04:00,0,0,48.0320305,0
01/02/2018 05:00,3.262525,0,52.16729343,0.013001133
01/02/2018 06:00,2.929196667,0,56.77476452,0.110000167
01/02/2018 07:00,5.212488,7.623825,48.99352523,0.05700085
01/02/2018 08:00,4.062505,11.133425,47.41525185,0
01/02/2018 09:00,0,8.944373333,49.5894146,4.653292683
01/02/2018 10:00,4.237624,0,52.40106997,125.461173
01/02/2018 11:00,4.68763,0,54.41607178,296.7598625
01/02/2018 12:00,4.245839333,0,57.8044012,143.4396528
01/02/2018 13:00,0,0,58.07774468,6.293466033
01/02/2018 14:00,0,7.296344,67.58867653,0
01/02/2018 15:00,0,10.86909433,72.53281985,0
01/02/2018 16:00,0.00012,10.818091,55.84524555,6.5271656
01/02/2018 17:00,0.050118,8.745288667,54.56773347,148.2129516
01/02/2018 18:00,0.0126,0,52.21565757,304.2073432
01/02/2018 19:00,0.0126,0,60.96927982,112.4941821
01/02/2018 20:00,0.0126,0,70.1155003,4.426442567
01/02/2018 21:00,0.0126,0,64.56532487,0
01/02/2018 22:00,0.0126,0,56.05052092,0
01/02/2018 23:00,0,0,25.92967258,0
02/02/2018 00:00,0,0,10.17859613,0
02/02/2018 01:00,0,0,27.8077733,0
02/02/2018 02:00,0,0,37.57526983,0
02/02/2018 03:00,0,0,42.42692313,0
02/02/2018 04:00,0,0,44.79052787,0.001000033
02/02/2018 05:00,5.51249,0,47.94637933,0.085000433
02/02/2018 06:00,3.979179667,0,52.97602832,0.089000517
02/02/2018 07:00,4.312512,7.833886,54.99901225,0.005001567
02/02/2018 08:00,4.195830333,10.573439,54.52190598,0
02/02/2018 09:00,0,9.181136,54.30024013,5.8945785
02/02/2018 10:00,3.895967333,0,55.2402439,125.648892
02/02/2018 11:00,2.83765,0,50.20775285,293.0864961
02/02/2018 12:00,3.929177667,0,51.0852438,142.2704309
02/02/2018 13:00,0,0,49.0852578,9.2926578
02/02/2018 14:00,0,8.562841667,62.02701715,0
02/02/2018 15:00,0,8.633528,65.15033117,0
02/02/2018 16:00,0.00012,13.30785,58.27525323,10.57306245
02/02/2018 17:00,0.025119,7.842671667,60.67107093,145.761268
02/02/2018 18:00,0.0126,0,60.47390268,295.1620987
02/02/2018 19:00,0.0126,0,72.37634522,119.6521591
02/02/2018 20:00,0.0126,0,82.63557417,4.8273917
02/02/2018 21:00,0.0126,0,75.39465338,0
02/02/2018 22:00,0.0126,0,60.42475113,0
02/02/2018 23:00,0,0,22.28034295,0
03/02/2018 00:00,0,0,6.956928017,0
03/02/2018 01:00,0,0,24.49110227,0
03/02/2018 02:00,0,0,33.7560992,0
03/02/2018 03:00,0,0,38.23859077,0
03/02/2018 04:00,0,0,42.53045313,0.0100001
03/02/2018 05:00,4.8625,0,53.05212692,0.062000967
03/02/2018 06:00,4.629163667,0,56.1355177,0.082000633
03/02/2018 07:00,4.312506,8.296258,58.87475345,0.028001533
03/02/2018 08:00,3.395855333,9.795961,57.96605867,0.0000005
03/02/2018 09:00,0,8.115260667,51.78023445,6.324191317
03/02/2018 10:00,4.462619,0,51.83273462,119.0793249
03/02/2018 11:00,3.487643,0,51.67440543,303.9614932
03/02/2018 12:00,3.51252,0,52.61273632,139.0837567
03/02/2018 13:00,0,0,55.8252432,7.323531333
03/02/2018 14:00,0,7.830572667,71.44282693,0
03/02/2018 15:00,0,10.08499367,74.19864968,0
03/02/2018 16:00,0.025119,11.608184,56.38941452,5.12122555
03/02/2018 17:00,0.00012,9.743407,51.61191678,148.7414607
03/02/2018 18:00,0.0126,0,47.51976222,298.2601452
03/02/2018 19:00,0.0126,0,58.09177168,115.8011611
03/02/2018 20:00,0.0126,0,67.58026832,7.075125067
03/02/2018 21:00,0.0126,0,63.49000598,0
03/02/2018 22:00,0.0126,0,53.10043412,0
03/02/2018 23:00,0,0,23.77600742,0
04/02/2018 00:00,0,0,0,0
04/02/2018 01:00,0,0,0,0
04/02/2018 02:00,0,0,0,0
04/02/2018 03:00,0,0,0,0
04/02/2018 04:00,0,0,0,0.001000667
04/02/2018 05:00,5.212498,0,0,0.005001917
04/02/2018 06:00,3.895848333,0,0,0.059001017
04/02/2018 07:00,4.329164667,10.955745,0,0.115000083
04/02/2018 08:00,3.395857333,11.60984467,0,0.0060002
04/02/2018 09:00,0,8.576158,0,5.331977683
04/02/2018 10:00,4.345957333,0,0,126.4000888
04/02/2018 11:00,3.637631,0,0,305.6621915
04/02/2018 12:00,3.845850333,0,0,133.9968182
04/02/2018 13:00,0,0,0,5.762863983
04/02/2018 14:00,0,6.963055667,0,0
04/02/2018 15:00,0,8.439523333,0,0
04/02/2018 16:00,0.00012,9.277520667,0,5.5513067
04/02/2018 17:00,0.025119,10.08935533,0,124.7100236
04/02/2018 18:00,0.0126,0,0,310.9506218
04/02/2018 19:00,0.0126,0,0,129.992972
04/02/2018 20:00,0.0126,0,0,3.880411617
04/02/2018 21:00,0.0126,0,0,0
04/02/2018 22:00,0.0126,0,0,0
04/02/2018 23:00,0,0,0,0
05/02/2018 00:00,0,0,10.56858415,0
05/02/2018 01:00,0,0,26.80860272,0
05/02/2018 02:00,0,0,36.05777953,0
05/02/2018 03:00,0,0,41.18776863,0
05/02/2018 04:00,0,0,45.43111693,4.66667E-07
05/02/2018 05:00,4.195840333,0,55.09845463,0.034001033
05/02/2018 06:00,4.162505,0,54.5348676,0.094000433
05/02/2018 07:00,3.512521,6.334072,46.95494887,0.0520011
05/02/2018 08:00,3.395860333,10.171035,48.43358222,0.0000001
05/02/2018 09:00,0,9.396808333,47.34357582,6.223675717
05/02/2018 10:00,3.770966333,0,49.63107013,136.02502
05/02/2018 11:00,5.354269667,0,53.21022513,302.9197755
05/02/2018 12:00,4.245845333,0,55.76439648,127.4952886
05/02/2018 13:00,0,0,55.28858197,4.505409933
05/02/2018 14:00,0,7.645483667,67.43783727,0
05/02/2018 15:00,0,10.713271,73.52197912,0
05/02/2018 16:00,0.00012,12.25888633,58.25274227,4.996831217
05/02/2018 17:00,0.050118,9.219150333,58.35773458,133.8232902
05/02/2018 18:00,0.0126,0,57.39299543,306.6716066
05/02/2018 19:00,0.0126,0,69.18368402,125.9465734
05/02/2018 20:00,0.0126,0,71.95509455,4.64631295
05/02/2018 21:00,0.0126,0,71.18581763,0
05/02/2018 22:00,0.0126,0,58.2001758,0
05/02/2018 23:00,0,0,21.66725687,0
06/02/2018 00:00,0,0,6.0444321,0
06/02/2018 01:00,0,0,17.9144509,0
06/02/2018 02:00,0,0,30.59528652,0
06/02/2018 03:00,0,0,40.79942913,0
06/02/2018 04:00,0,0,49.6977784,3.33333E-08
06/02/2018 05:00,4.412504,0,54.1455411,0.012001383
06/02/2018 06:00,4.262518,0,53.58386122,0.113000117
06/02/2018 07:00,4.362505,7.908005667,48.71701787,0.0550008
06/02/2018 08:00,3.729185667,10.63744667,57.35273222,0
06/02/2018 09:00,0,9.650009667,56.35856463,9.698058767
06/02/2018 10:00,4.429285667,0,55.16107105,136.878938
06/02/2018 11:00,4.087625,0,55.32357552,303.9341413
06/02/2018 12:00,3.379183667,0,54.92190357,118.2802918
06/02/2018 13:00,0,0,51.75441595,5.2784269
06/02/2018 14:00,0,7.992141333,63.0203456,0
06/02/2018 15:00,0,10.113274,66.87699555,0
06/02/2018 16:00,0.025119,11.25419333,59.06440687,12.63319227
06/02/2018 17:00,0.00012,7.239611333,54.87606882,138.9604671
06/02/2018 18:00,0.0126,0,55.85182842,287.5736012
06/02/2018 19:00,0.0126,0,73.51726787,130.6008069
06/02/2018 20:00,0.0126,0,80.48698198,7.347409183
06/02/2018 21:00,0.0126,0,71.23332525,0
06/02/2018 22:00,0.0126,0,59.07501472,0
06/02/2018 23:00,0,0,24.88441065,0
07/02/2018 00:00,0,0,9.865252883,0
07/02/2018 01:00,0,0,25.00360643,0
07/02/2018 02:00,0,0,31.05861878,0
07/02/2018 03:00,0,0,37.10361037,0
07/02/2018 04:00,0,0,42.58554258,0
07/02/2018 05:00,4.129171667,0,50.02762693,1.78333E-06
07/02/2018 06:00,2.612539,0,51.61769738,0.094000433
07/02/2018 07:00,5.079159667,10.19008767,46.36762273,0.087000183
07/02/2018 08:00,4.762498,11.41213467,45.02775385,0
07/02/2018 09:00,0,8.048831,47.42441932,6.957108933
07/02/2018 10:00,4.162625,0,52.9885752,141.462486
07/02/2018 11:00,3.845972333,0,53.87857525,292.620631
07/02/2018 12:00,4.045842333,0,53.98940037,129.9771257
07/02/2018 13:00,0,0,56.07940828,7.9095468
07/02/2018 14:00,0,8.183726,65.91617602,0
07/02/2018 15:00,0,9.968517,71.85031993,0
07/02/2018 16:00,0.050118,8.491119,60.26189912,4.914580283
07/02/2018 17:00,0.00012,9.470976,63.4710531,126.3161133
07/02/2018 18:00,0.0126,0,64.54972827,294.4163809
07/02/2018 19:00,0.0126,0,75.54700452,139.4207737
07/02/2018 20:00,0.0126,0,75.80066585,10.39989658
07/02/2018 21:00,0.0126,0,70.68440398,0
07/02/2018 22:00,0.0126,0,60.41434767,0
07/02/2018 23:00,0,0,26.6216658,0
08/02/2018 00:00,0,0,9.07692665,0
08/02/2018 01:00,0,0,25.04610083,0
08/02/2018 02:00,0,0,29.62194713,0
08/02/2018 03:00,0,0,41.78775927,0
08/02/2018 04:00,0,0,51.45643772,1.66667E-08
08/02/2018 05:00,4.279171667,0,54.62346428,0.031001067
08/02/2018 06:00,4.479169667,0,54.51704395,0.06900085
08/02/2018 07:00,3.645860333,9.229447333,53.53518888,0.060000867
08/02/2018 08:00,5.112482,11.583105,57.06440437,0.020000133
08/02/2018 09:00,0,8.300351667,54.25940225,6.488442283
08/02/2018 10:00,3.11265,0,48.21691072,129.6594033
08/02/2018 11:00,4.004290667,0,49.19774605,294.7152309
08/02/2018 12:00,4.029182667,0,55.3452308,137.7178612
08/02/2018 13:00,0,0,56.33690732,7.589025517
08/02/2018 14:00,0,8.833679,65.75201052,0
08/02/2018 15:00,0,10.968319,66.89533018,0
08/02/2018 16:00,0.00012,8.451036,55.39607932,7.057823217
08/02/2018 17:00,0.025119,8.386089,55.95607142,124.9331063
08/02/2018 18:00,0.0126,0,49.93732932,294.9472967
08/02/2018 19:00,0.0126,0,58.76776572,138.7697693
08/02/2018 20:00,0.0126,0,73.8329733,9.885593417
08/02/2018 21:00,0.0126,0,75.42373273,0
08/02/2018 22:00,0.0126,0,62.06384782,0
08/02/2018 23:00,0,0,26.89241178,0
09/02/2018 00:00,0,0,7.814412967,0
09/02/2018 01:00,0,0,27.9477524,0
09/02/2018 02:00,0,0,42.67691765,0
09/02/2018 03:00,0,0,48.08357265,0
09/02/2018 04:00,0,0,52.72268297,0.022000067
09/02/2018 05:00,4.079173667,0,53.07088292,0.060001
09/02/2018 06:00,4.629158667,0,51.70468858,0.014001767
09/02/2018 07:00,3.395857333,7.831245,45.05185207,0.060000533
09/02/2018 08:00,4.395836333,11.947981,48.89107148,0.027000033
09/02/2018 09:00,0,6.902281333,57.5860577,5.39551555
09/02/2018 10:00,4.229295667,0,61.22605392,136.9226406
09/02/2018 11:00,3.920972333,0,57.22022257,301.74961
09/02/2018 12:00,4.012513,0,57.5702253,123.4282383
09/02/2018 13:00,0,0,59.37273973,7.088759717
09/02/2018 14:00,0,6.589737333,65.23617853,0
09/02/2018 15:00,0,12.11903833,68.21698698,0
09/02/2018 16:00,0.025119,10.330777,48.45358908,8.59741175
09/02/2018 17:00,0.00012,10.130916,45.857751,127.01306
09/02/2018 18:00,0.0126,0,46.04250605,302.2496431
09/02/2018 19:00,0.0126,0,54.72787745,132.6663363
09/02/2018 20:00,0.0126,0,63.21592062,5.745759367
09/02/2018 21:00,0.0126,0,54.51702353,0
09/02/2018 22:00,0.0126,0,45.8154447,0
09/02/2018 23:00,0,0,19.55534202,0
10/02/2018 00:00,0,0,9.3635897,0
10/02/2018 01:00,0,0,25.20943858,0
10/02/2018 02:00,0,0,37.79193473,0
10/02/2018 03:00,0,0,42.45358315,0
10/02/2018 04:00,0,0,43.6037832,0.001000617
10/02/2018 05:00,3.829181667,0,46.66338198,0.060001
10/02/2018 06:00,3.295851333,0,51.59378353,0.064000933
10/02/2018 07:00,4.245844333,7.988864,52.05210552,0.055001
10/02/2018 08:00,3.86251,11.70471267,56.52773618,1.33333E-07
10/02/2018 09:00,0,8.807723667,59.35939572,6.075062917
10/02/2018 10:00,4.320969333,0,59.09439243,108.6629672
10/02/2018 11:00,4.71261,0,56.42523147,292.3792815
10/02/2018 12:00,4.345842333,0,53.85024302,157.1768625
10/02/2018 13:00,0,0,48.21359485,13.64071568
10/02/2018 14:00,0,6.330933667,62.80866955,0
10/02/2018 15:00,0,10.093352,61.00533383,0
10/02/2018 16:00,0.00012,11.930345,53.44108837,8.151295867
10/02/2018 17:00,0.075117,8.828644,50.01275027,129.1765245
10/02/2018 18:00,0.0126,0,54.23099645,295.2529152
10/02/2018 19:00,0.0126,0,69.72468063,133.8089225
10/02/2018 20:00,0.0126,0,76.61874332,8.8205624
10/02/2018 21:00,0.0126,0,77.40332418,0
10/02/2018 22:00,0.0126,0,54.58077267,0
10/02/2018 23:00,0,0,20.23817583,0
11/02/2018 00:00,0,0,0,0
11/02/2018 01:00,0,0,0,0
11/02/2018 02:00,0,0,0,0
11/02/2018 03:00,0,0,0,0
11/02/2018 04:00,0,0,0,0.00000045
11/02/2018 05:00,2.912537,0,0,0.034001083
11/02/2018 06:00,4.012506,0,0,0.1080002
11/02/2018 07:00,4.329176667,6.382406333,0,0.041001183
11/02/2018 08:00,4.362501,10.15685033,0,1.66667E-07
11/02/2018 09:00,0,10.41930833,0,6.237974517
11/02/2018 10:00,4.545955333,0,0,128.5972078
11/02/2018 11:00,4.595955333,0,0,297.2217462
11/02/2018 12:00,3.829178667,0,0,137.1488833
11/02/2018 13:00,0,0,0,6.098077033
11/02/2018 14:00,0,8.111251,0,0
11/02/2018 15:00,0,9.03592,0,0
11/02/2018 16:00,0.075117,12.15465967,0,6.906425983
11/02/2018 17:00,0.025119,9.035023667,0,126.5442217
11/02/2018 18:00,0.0126,0,0,303.2739587
11/02/2018 19:00,0.0126,0,0,131.3565858
11/02/2018 20:00,0.0126,0,0,7.0431894
11/02/2018 21:00,0.0126,0,0,0
11/02/2018 22:00,0.0126,0,0,0
11/02/2018 23:00,0,0,0,0
12/02/2018 00:00,0,0,9.296926833,0
12/02/2018 01:00,0,0,26.57610607,0
12/02/2018 02:00,0,0,36.36026595,0
12/02/2018 03:00,0,0,40.66859563,0
12/02/2018 04:00,0,0,45.13578325,3.33333E-08
12/02/2018 05:00,4.045843333,0,54.30579502,0.00000175
12/02/2018 06:00,3.729180667,0,56.23095507,0.0720008
12/02/2018 07:00,4.629164667,6.907410333,53.92219073,0.107000217
12/02/2018 08:00,3.812515,11.49145933,54.48691078,0.001000583
12/02/2018 09:00,0,8.665236667,59.0135701,6.75454725
12/02/2018 10:00,4.68762,0,59.03439393,141.9755847
12/02/2018 11:00,3.929302667,0,57.80855695,296.9374114
12/02/2018 12:00,3.779182667,0,55.2510591,123.1634098
12/02/2018 13:00,0,0,51.8027513,4.6065958
12/02/2018 14:00,0,7.565420667,58.62618092,0
12/02/2018 15:00,0,10.20670633,62.63198837,0
12/02/2018 16:00,0.050118,10.67902333,52.75357673,7.487651967
12/02/2018 17:00,0.025119,9.339414333,51.72440705,133.7133926
12/02/2018 18:00,0.0126,0,49.33715978,293.7147815
12/02/2018 19:00,0.0126,0,58.47076663,134.9147844
12/02/2018 20:00,0.0126,0,72.16350503,6.37149275
12/02/2018 21:00,0.0126,0,64.3011681,0
12/02/2018 22:00,0.0126,0,58.55049712,0
12/02/2018 23:00,0,0,23.59758608,0
13/02/2018 00:00,0,0,8.837757867,0
13/02/2018 01:00,0,0,25.71192935,0
13/02/2018 02:00,0,0,35.72527655,0
13/02/2018 03:00,0,0,39.38359992,0
13/02/2018 04:00,0,0,41.6176249,2.66667E-07
13/02/2018 05:00,3.479183667,0,47.30088427,0.07500075
13/02/2018 06:00,4.479166667,0,52.70477653,0.103000283
13/02/2018 07:00,4.212507,6.815594667,50.56493145,0.0020015
13/02/2018 08:00,3.979179667,10.47899833,51.98356223,0.00000045
13/02/2018 09:00,0,8.316271,51.41274175,5.8945124
13/02/2018 10:00,3.912638,0,51.8119133,130.8066893
13/02/2018 11:00,4.404291667,0,53.04441277,290.1619495
13/02/2018 12:00,4.145842333,0,52.06440897,140.9600166
13/02/2018 13:00,0,0,51.16525143,6.894575567
13/02/2018 14:00,0,7.241469,64.64867735,0
13/02/2018 15:00,0,13.36955067,70.19532127,0
13/02/2018 16:00,0.025119,10.358382,59.69356892,7.588630667
13/02/2018 17:00,0.050118,9.348488,56.6902341,148.8781
13/02/2018 18:00,0.0126,0,56.63649127,299.2700284
13/02/2018 19:00,0.0126,0,65.16342665,115.1283132
13/02/2018 20:00,0.0126,0,78.12289687,4.333310167
13/02/2018 21:00,0.0126,0,76.18889817,0
13/02/2018 22:00,0.0126,0,59.9316856,0
13/02/2018 23:00,0,0,21.46176465,0
14/02/2018 00:00,0,0,7.098596933,0
14/02/2018 01:00,0,0,22.66110898,0
14/02/2018 02:00,0,0,31.98111755,0
14/02/2018 03:00,0,0,41.10776332,0
14/02/2018 04:00,0,0,46.82353117,0.0030002
14/02/2018 05:00,4.262511,0,50.39863707,0.060000433
14/02/2018 06:00,4.095838333,0,54.30134103,0.086000567
14/02/2018 07:00,4.795820333,7.390501667,48.29793177,0.035001233
14/02/2018 08:00,3.962518,11.62998067,48.4835799,1.33333E-07
14/02/2018 09:00,0,6.317314333,51.04441107,7.65987685
14/02/2018 10:00,3.704304667,0,54.86190118,144.2933692
14/02/2018 11:00,3.204313667,0,59.54689163,306.5683913
14/02/2018 12:00,4.612502,0,64.0885502,114.0420822
14/02/2018 13:00,0,0,62.12939973,4.059695383
14/02/2018 14:00,0,6.802136333,67.63366555,0
14/02/2018 15:00,0,12.95213867,69.57281862,0
14/02/2018 16:00,0.050118,11.49985767,57.63357527,4.466563633
14/02/2018 17:00,0.00012,9.125115667,48.58108042,117.1216297
14/02/2018 18:00,0.0126,0,46.18776953,299.9420266
14/02/2018 19:00,0.0126,0,59.25037443,143.4268549
14/02/2018 20:00,0.0126,0,70.7200013,10.53455072
14/02/2018 21:00,0.0126,0,67.63400805,0
14/02/2018 22:00,0.0126,0,54.17618172,0
14/02/2018 23:00,0,0,20.91592747,0
15/02/2018 00:00,0,0,8.7602457,0
15/02/2018 01:00,0,0,26.44525975,0
15/02/2018 02:00,0,0,37.6602668,0
15/02/2018 03:00,0,0,41.57192077,0
15/02/2018 04:00,0,0,43.40028582,0.00000035
15/02/2018 05:00,4.779167667,0,49.74555005,0.04800085
15/02/2018 06:00,3.729183667,0,54.16301888,0.12
15/02/2018 07:00,3.612517,9.075113667,55.89317977,0.020001367
15/02/2018 08:00,4.21251,9.715047667,53.67107287,0.0000006
15/02/2018 09:00,0,9.022689667,51.65357712,5.59887945
15/02/2018 10:00,3.637636,0,55.9577404,131.755805
15/02/2018 11:00,3.995965333,0,55.2810759,300.4356096
15/02/2018 12:00,4.645829333,0,58.83273065,131.8527893
15/02/2018 13:00,0,0,59.95690607,5.621166667
15/02/2018 14:00,0,7.178275667,69.41283073,0
15/02/2018 15:00,0,10.488291,68.12699608,0
15/02/2018 16:00,0.050118,11.180727,54.4302546,5.442078433
15/02/2018 17:00,0.025119,8.702776667,54.2610859,131.1860261
15/02/2018 18:00,0.0126,0,54.38533895,300.4551616
15/02/2018 19:00,0.0126,0,67.3757807,129.9022719
15/02/2018 20:00,0.0126,0,77.62584922,8.310495983
15/02/2018 21:00,0.0126,0,73.1081577,0
15/02/2018 22:00,0.0126,0,63.10691138,0
15/02/2018 23:00,0,0,25.90265963,0
16/02/2018 00:00,0,0,7.956079683,0
16/02/2018 01:00,0,0,23.2352665,0
16/02/2018 02:00,0,0,35.5811064,0
16/02/2018 03:00,0,0,43.83775778,0
16/02/2018 04:00,0,0,51.43968597,0
16/02/2018 05:00,4.579167667,0,59.96403688,0.003001417
16/02/2018 06:00,3.779179667,0,59.14318115,0.08700055
16/02/2018 07:00,3.712515,8.392792667,57.03059662,0.0910003
16/02/2018 08:00,4.862497,10.690779,57.11273515,0.00300015
16/02/2018 09:00,0,8.787597667,59.27356618,7.8308465
16/02/2018 10:00,3.512639,0,57.93189598,120.0101255
16/02/2018 11:00,3.987638,0,59.32522642,292.8186823
16/02/2018 12:00,4.229170667,0,58.50856338,148.0222206
16/02/2018 13:00,0,0,55.07441353,8.15183145
16/02/2018 14:00,0,7.587235333,62.21369615,0
16/02/2018 15:00,0,11.103285,62.11200083,0
16/02/2018 16:00,0.00012,11.155751,42.32276823,5.894376033
16/02/2018 17:00,0.025119,7.139733333,45.81192218,129.7458228
16/02/2018 18:00,0.0126,0,51.56875632,307.8361405
16/02/2018 19:00,0.0126,0,61.70169835,128.4428737
16/02/2018 20:00,0.0126,0,71.036491,5.215890583
16/02/2018 21:00,0.0126,0,71.73573528,0
16/02/2018 22:00,0.0126,0,56.75135035,0
16/02/2018 23:00,0,0,20.99576943,0
17/02/2018 00:00,0,0,9.45691845,0
17/02/2018 01:00,0,0,22.97860142,0
17/02/2018 02:00,0,0,33.66860978,0
17/02/2018 03:00,0,0,43.57025355,0
17/02/2018 04:00,0,0,45.66244668,1.66667E-08
17/02/2018 05:00,4.429166667,0,52.45954143,0.034000833
17/02/2018 06:00,3.395856333,0,54.81569502,0.088000533
17/02/2018 07:00,4.862494,8.760388667,52.08910117,0.058000617
17/02/2018 08:00,3.295862333,11.890457,49.56357685,1.66667E-07
17/02/2018 09:00,0,8.124534333,46.0935806,5.442209317
17/02/2018 10:00,3.512638,0,51.4794045,138.8733302
17/02/2018 11:00,4.429288667,0,59.92605963,296.2366461
17/02/2018 12:00,4.712502,0,55.034399,126.8726932
17/02/2018 13:00,0,0,52.69691048,7.815875267
17/02/2018 14:00,0,7.677333333,59.51451495,0
17/02/2018 15:00,0,10.72906433,64.12448897,0
17/02/2018 16:00,0.00012,10.19237667,51.31108775,3.78721055
17/02/2018 17:00,0.050118,7.882914667,56.48773165,126.496091
17/02/2018 18:00,0.0126,0,57.18965505,311.993186
17/02/2018 19:00,0.0126,0,66.11602858,128.6399215
17/02/2018 20:00,0.0126,0,72.048833,5.192808983
17/02/2018 21:00,0.0126,0,75.40090368,0
17/02/2018 22:00,0.0126,0,61.80926883,0
17/02/2018 23:00,0,0,25.29992572,0
18/02/2018 00:00,0,0,0,0
18/02/2018 01:00,0,0,0,0
18/02/2018 02:00,0,0,0,0
18/02/2018 03:00,0,0,0,0
18/02/2018 04:00,0,0,0,0.00400045
18/02/2018 05:00,4.31251,0,0,0.077000367
18/02/2018 06:00,4.645833333,0,0,0.086000567
18/02/2018 07:00,3.662516,8.090444667,0,0.013001367
18/02/2018 08:00,3.845849333,10.69409733,0,0.0000005
18/02/2018 09:00,0,9.611808333,0,3.9585761
18/02/2018 10:00,3.670972333,0,0,115.3470271
18/02/2018 11:00,4.562621,0,0,292.8549309
18/02/2018 12:00,3.912507,0,0,154.2571597
18/02/2018 13:00,0,0,0,8.831241433
18/02/2018 14:00,0,7.827907667,0,0
18/02/2018 15:00,0,10.60665433,0,0
18/02/2018 16:00,0.00012,11.283183,0,5.239065833
18/02/2018 17:00,0.075117,7.766292,0,152.0559701
18/02/2018 18:00,0.0126,0,0,302.8069434
18/02/2018 19:00,0.0126,0,0,110.7129467
18/02/2018 20:00,0.0126,0,0,5.5902939
18/02/2018 21:00,0.0126,0,0,0
18/02/2018 22:00,0.0126,0,0,0
18/02/2018 23:00,0,0,0,0
19/02/2018 00:00,0,0,7.970256217,0
19/02/2018 01:00,0,0,22.69610037,0
19/02/2018 02:00,0,0,38.55860295,0
19/02/2018 03:00,0,0,41.126928,0
19/02/2018 04:00,0,0,43.38903503,0.00000035
19/02/2018 05:00,4.429179667,0,49.88864068,0.022001417
19/02/2018 06:00,4.662494,0,54.03994443,0.101000317
19/02/2018 07:00,3.629181667,8.182938667,48.59910345,0.057001017
19/02/2018 08:00,3.912514,10.65904233,48.19441048,0
19/02/2018 09:00,0,9.821031,50.23023973,6.5039449
19/02/2018 10:00,3.887635,0,54.7169001,132.749022
19/02/2018 11:00,4.145960333,0,58.968558,294.3613131
19/02/2018 12:00,3.945844333,0,56.06022413,133.6154913
19/02/2018 13:00,0,0,53.01107485,7.894177917
19/02/2018 14:00,0,8.610308667,63.765342,0
19/02/2018 15:00,0,10.03167333,69.28366,0
19/02/2018 16:00,0.00012,10.52497967,60.01273953,9.068676533
19/02/2018 17:00,0.075117,7.631292,60.18689152,139.9637353
19/02/2018 18:00,0.0126,0,53.28065388,297.6557804
19/02/2018 19:00,0.0126,0,59.82284937,123.173307
19/02/2018 20:00,0.0126,0,64.99517827,5.98715995
19/02/2018 21:00,0.0126,0,63.4897413,0
19/02/2018 22:00,0.0126,0,56.43334493,0
19/02/2018 23:00,0,0,23.99042065,0
20/02/2018 00:00,0,0,6.335255417,0
20/02/2018 01:00,0,0,23.33193048,0
20/02/2018 02:00,0,0,35.32360888,0
20/02/2018 03:00,0,0,42.51609398,0
20/02/2018 04:00,0,0,46.6862744,1.66667E-07
20/02/2018 05:00,3.662514,0,50.02588162,0.0780007
20/02/2018 06:00,4.495830333,0,48.4735354,0.097000383
20/02/2018 07:00,4.362508,8.730386667,46.07569003,0.00500175
20/02/2018 08:00,4.295838333,12.23469267,49.05023962,4.16667E-07
20/02/2018 09:00,0,9.618608,54.501063,6.5279604
20/02/2018 10:00,3.895972333,0,56.08606022,117.1922238
20/02/2018 11:00,4.06263,0,56.0793953,290.6430477
20/02/2018 12:00,3.862515,0,57.11272832,149.1097453
20/02/2018 13:00,0,0,48.93191798,13.04066052
20/02/2018 14:00,0,6.104089,55.36201718,0
20/02/2018 15:00,0,10.11760067,60.13366803,0
20/02/2018 16:00,0.025119,10.08236367,51.06608728,10.00287922
20/02/2018 17:00,0.025119,8.760121667,51.14690668,149.0736009
20/02/2018 18:00,0.0126,0,53.22665187,296.3884463
20/02/2018 19:00,0.0126,0,70.4674204,115.6229249
20/02/2018 20:00,0.0126,0,74.06958243,5.496491533
20/02/2018 21:00,0.0126,0,66.05234423,0
20/02/2018 22:00,0.0126,0,61.25091422,0
20/02/2018 23:00,0,0,26.42142328,0
21/02/2018 00:00,0,0,12.30940755,0
21/02/2018 01:00,0,0,30.16525125,0
21/02/2018 02:00,0,0,36.6236006,0
21/02/2018 03:00,0,0,43.07109142,0
21/02/2018 04:00,0,0,50.0301144,0
21/02/2018 05:00,3.295861333,0,57.23020505,0.030000533
21/02/2018 06:00,4.745834333,0,59.62319165,0.107000217
21/02/2018 07:00,5.112486,8.22637,58.75542803,0.043001133
21/02/2018 08:00,4.462508,10.453486,51.08357103,0.0000006
21/02/2018 09:00,0,7.932869667,51.67190512,5.847943
21/02/2018 10:00,4.587623,0,58.07440542,138.4077352
21/02/2018 11:00,3.145981333,0,56.28606842,301.9944946
21/02/2018 12:00,3.312513,0,54.40690837,123.9238369
21/02/2018 13:00,0,0,52.88358398,4.55896175
21/02/2018 14:00,0,8.878515,61.08201853,0
21/02/2018 15:00,0,12.050458,62.8553255,0
21/02/2018 16:00,0.025119,10.65663633,50.28358972,5.86688135
21/02/2018 17:00,0.00012,7.68123,53.84440198,122.4686281
21/02/2018 18:00,0.0126,0,52.04374793,304.9918255
21/02/2018 19:00,0.0126,0,63.00903263,134.9695718
21/02/2018 20:00,0.0126,0,70.02667235,6.8398275
21/02/2018 21:00,0.0126,0,67.65750127,0
21/02/2018 22:00,0.0126,0,58.73983607,0
21/02/2018 23:00,0,0,24.0033423,0
22/02/2018 00:00,0,0,8.578597683,0
22/02/2018 01:00,0,0,26.11027422,0
22/02/2018 02:00,0,0,36.51194147,0
22/02/2018 03:00,0,0,45.14358822,0
22/02/2018 04:00,0,0,49.48277168,0.0000001
22/02/2018 05:00,4.212506,0,58.76045882,0.093000117
22/02/2018 06:00,4.295840333,0,58.48627795,0.0900005
22/02/2018 07:00,3.429189667,8.700419667,52.0047691,1.53333E-06
22/02/2018 08:00,3.779182667,10.10419833,52.3118984,4.83333E-07
22/02/2018 09:00,0,6.803832,53.89189862,7.994630683
22/02/2018 10:00,4.220957333,0,48.93191325,131.4286203
22/02/2018 11:00,4.629289667,0,49.49858372,297.1464477
22/02/2018 12:00,4.095841333,0,53.71607715,131.6665221
22/02/2018 13:00,0,0,52.01941748,7.5898311
22/02/2018 14:00,0,8.055485667,60.56952268,0
22/02/2018 15:00,0,11.393181,65.06699983,0
22/02/2018 16:00,0.00012,11.70388433,49.89691652,3.818675717
22/02/2018 17:00,0.025119,9.165998,53.3752377,133.7492896
22/02/2018 18:00,0.0126,0,51.5182548,310.6666882
22/02/2018 19:00,0.0126,0,61.19794453,123.3068197
22/02/2018 20:00,0.0126,0,71.60023743,5.3868592
22/02/2018 21:00,0.0126,0,65.60657717,0
22/02/2018 22:00,0.0126,0,59.06265488,0
22/02/2018 23:00,0,0,23.20966692,0
23/02/2018 00:00,0,0,8.196086567,0
23/02/2018 01:00,0,0,23.85443545,0
23/02/2018 02:00,0,0,35.27860825,0
23/02/2018 03:00,0,0,42.36442565,0
23/02/2018 04:00,0,0,40.1335353,0
23/02/2018 05:00,3.829183667,0,46.27922302,0.069000483
23/02/2018 06:00,5.429140667,0,50.33111195,0.1140001
23/02/2018 07:00,4.079185667,7.872142333,46.26860455,0.0060019
23/02/2018 08:00,3.645856333,10.30756067,52.3877387,4.66667E-07
23/02/2018 09:00,0,7.538039667,56.252728,6.511331183
23/02/2018 10:00,4.087627,0,54.53355695,131.3251926
23/02/2018 11:00,3.520975333,0,56.63022637,306.7779405
23/02/2018 12:00,4.045839333,0,55.37689728,126.0662777
23/02/2018 13:00,0,0,53.5585866,4.2314652
23/02/2018 14:00,0,7.177260333,63.35118995,0
23/02/2018 15:00,0,11.86631133,62.98699952,0
23/02/2018 16:00,0.00012,12.020534,52.86440522,10.05011278
23/02/2018 17:00,0.050118,8.547732667,52.3227347,139.8545846
23/02/2018 18:00,0.0126,0,50.57299297,294.0961456
23/02/2018 19:00,0.0126,0,58.69479415,125.3253111
23/02/2018 20:00,0.0126,0,71.4010819,6.020442367
23/02/2018 21:00,0.0126,0,74.04431077,0
23/02/2018 22:00,0.0126,0,58.02810047,0
23/02/2018 23:00,0,0,19.6878538,0
24/02/2018 00:00,0,0,9.228589567,0
24/02/2018 01:00,0,0,24.57276073,0
24/02/2018 02:00,0,0,34.64777293,0
24/02/2018 03:00,0,0,47.7669159,0
24/02/2018 04:00,0,0,50.49210102,0.00500045
24/02/2018 05:00,4.445831333,0,54.61228977,0.0020014
24/02/2018 06:00,3.479182667,0,57.44684727,0.077000717
24/02/2018 07:00,3.695859333,7.576258,56.64651275,0.0900005
24/02/2018 08:00,4.762496,10.24988267,56.57689988,0.013000467
24/02/2018 09:00,0,11.025947,51.60690225,7.92511395
24/02/2018 10:00,4.312623,0,49.71940627,147.0058932
24/02/2018 11:00,3.929298667,0,51.30856898,293.0406633
24/02/2018 12:00,4.012517,0,53.35773433,122.7161132
24/02/2018 13:00,0,0,53.63858055,5.966028017
24/02/2018 14:00,0,7.564731333,62.22952128,0
24/02/2018 15:00,0,9.905051667,64.73783043,0
24/02/2018 16:00,0.050118,10.24164233,53.39775287,8.772578617
24/02/2018 17:00,0.00012,8.896055,51.89191625,133.8114744
24/02/2018 18:00,0.0126,0,54.16074263,294.2136644
24/02/2018 19:00,0.0126,0,63.04944202,129.4502739
24/02/2018 20:00,0.0126,0,73.68390372,6.832445533
24/02/2018 21:00,0.0126,0,69.96257533,0
24/02/2018 22:00,0.0126,0,53.34177288,0
24/02/2018 23:00,0,0,26.16283497,0
25/02/2018 00:00,0,0,0,0
25/02/2018 01:00,0,0,0,0
25/02/2018 02:00,0,0,0,0
25/02/2018 03:00,0,0,0,0
25/02/2018 04:00,0,0,0,1.83333E-07
25/02/2018 05:00,4.395835333,0,0,1.61667E-06
25/02/2018 06:00,4.629169667,0,0,0.100000333
25/02/2018 07:00,3.712524,7.396364,0,0.08000065
25/02/2018 08:00,3.245851333,10.17159333,0,3.83333E-07
25/02/2018 09:00,0,9.344413333,0,4.209114517
25/02/2018 10:00,4.304289667,0,0,120.3768998
25/02/2018 11:00,4.16263,0,0,301.1512284
25/02/2018 12:00,4.162509,0,0,140.5252668
25/02/2018 13:00,0,0,0,9.03280945
25/02/2018 14:00,0,7.256624,0,0
25/02/2018 15:00,0,8.856866333,0,0
25/02/2018 16:00,0.025119,12.028131,0,7.347476117
25/02/2018 17:00,0.050118,10.135741,0,139.5858482
25/02/2018 18:00,0.0126,0,0,299.7584435
25/02/2018 19:00,0.0126,0,0,123.0831388
25/02/2018 20:00,0.0126,0,0,5.466228433
25/02/2018 21:00,0.0126,0,0,0
25/02/2018 22:00,0.0126,0,0,0
25/02/2018 23:00,0,0,0,0
26/02/2018 00:00,0,0,8.291103783,0
26/02/2018 01:00,0,0,24.41027498,0
26/02/2018 02:00,0,0,36.37444165,0
26/02/2018 03:00,0,0,42.0577613,0
26/02/2018 04:00,0,0,44.62278422,0.00600025
26/02/2018 05:00,4.262512,0,48.00656675,0.047001117
26/02/2018 06:00,3.612521,0,47.67871173,0.082000633
26/02/2018 07:00,3.879178667,7.00386,54.73576365,0.05100115
26/02/2018 08:00,3.812526,11.145842,55.71856585,4.66667E-07
26/02/2018 09:00,0,9.794248333,55.63272757,8.48711065
26/02/2018 10:00,4.362621,0,57.20939198,124.7840787
26/02/2018 11:00,4.712608,0,54.29856895,292.464231
26/02/2018 12:00,3.995841333,0,52.58523685,142.2895866
26/02/2018 13:00,0,0,54.97940685,8.87082605
26/02/2018 14:00,0,9.458679,67.92198873,0
26/02/2018 15:00,0,7.979423333,66.60532575,0
26/02/2018 16:00,0.025119,12.29220667,51.80441315,7.278426817
26/02/2018 17:00,0.025119,7.666184,56.4135719,138.2259186
26/02/2018 18:00,0.0126,0,50.35841847,294.907862
26/02/2018 19:00,0.0126,0,63.06753268,127.4078251
26/02/2018 20:00,0.0126,0,72.20459838,7.12914465
26/02/2018 21:00,0.0126,0,65.40466623,0
26/02/2018 22:00,0.0126,0,58.09890697,0
26/02/2018 23:00,0,0,22.35676985,0
27/02/2018 00:00,0,0,8.4144342,0
27/02/2018 01:00,0,0,26.32109633,0
27/02/2018 02:00,0,0,42.49358058,0
27/02/2018 03:00,0,0,53.13940352,0
27/02/2018 04:00,0,0,54.67892958,0.00000005
27/02/2018 05:00,3.795847333,0,58.64937612,0.016001667
27/02/2018 06:00,3.445851333,0,53.60153038,0.116000067
27/02/2018 07:00,5.379154667,7.453902,51.55085927,0.0480012
27/02/2018 08:00,3.512527,9.074316333,55.08190525,6.66667E-07
27/02/2018 09:00,0,9.722012333,52.78023843,8.081310533
27/02/2018 10:00,4.320960333,0,55.77440948,126.9173887
27/02/2018 11:00,4.104294667,0,54.47524688,301.201176
27/02/2018 12:00,4.079172667,0,53.06607595,135.0118558
27/02/2018 13:00,0,0,56.38607963,4.982264967
27/02/2018 14:00,0,8.629426333,70.44782907,0
27/02/2018 15:00,0,11.24640633,70.43532382,0
27/02/2018 16:00,0.025119,9.683396,59.62274485,10.75701527
27/02/2018 17:00,0.025119,9.817588667,55.99774202,150.5225971
27/02/2018 18:00,0.0126,0,51.22626078,283.7298557
27/02/2018 19:00,0.0126,0,64.35486925,122.1747949
27/02/2018 20:00,0.0126,0,70.64800807,9.4938967
27/02/2018 21:00,0.0126,0,63.90658555,0
27/02/2018 22:00,0.0126,0,52.78768937,0
27/02/2018 23:00,0,0,18.40859315,0
28/02/2018 00:00,0,0,7.503597267,0
28/02/2018 01:00,0,0,22.91777627,0
28/02/2018 02:00,0,0,34.89194445,0
28/02/2018 03:00,0,0,39.11359347,0
28/02/2018 04:00,0,0,39.08528978,0
28/02/2018 05:00,4.245833333,0,43.91481763,0.050000767
28/02/2018 06:00,4.279178667,0,45.90453855,0.094000433
28/02/2018 07:00,4.079177667,8.147837667,45.79277515,0.036001067
28/02/2018 08:00,3.695853333,10.64167933,51.11023387,5.66667E-07
28/02/2018 09:00,0,8.628026667,52.74773445,5.0833099
28/02/2018 10:00,3.970966333,0,54.81357355,133.4798536
28/02/2018 11:00,4.395955333,0,51.51857618,305.6734227
28/02/2018 12:00,3.945844333,0,55.83106735,126.9128753
28/02/2018 13:00,0,0,62.55023367,6.145379733
28/02/2018 14:00,0,7.408198667,68.27617585,0
28/02/2018 15:00,0,13.78333133,68.33949002,0
28/02/2018 16:00,0.075117,8.812719667,60.8219074,3.497363417
28/02/2018 17:00,0.00012,7.400403667,56.94356938,131.6552354
28/02/2018 18:00,0.0126,0,60.55241005,305.7893079
28/02/2018 19:00,0.0126,0,72.17533293,127.0695743
28/02/2018 20:00,0.0126,0,76.97240833,8.0886956
28/02/2018 21:00,0.0126,0,68.21591117,0
28/02/2018 22:00,0.0126,0,58.84943215,0
28/02/2018 23:00,0,0,27.09300463,0
01/03/2018 00:00,0,0,8.367772917,0
01/03/2018 01:00,0,0,24.04194298,0
01/03/2018 02:00,0,0,33.32028207,0
01/03/2018 03:00,0,0,39.81443185,0
01/03/2018 04:00,0,0,42.71044973,0.0000001
01/03/2018 05:00,4.162512,0,49.25688622,0.078000433
01/03/2018 06:00,3.562519,0,52.85494022,0.095000417
01/03/2018 07:00,3.829185667,10.66007567,50.55651887,0.00700165
01/03/2018 08:00,4.4625,9.895893,58.42023413,0.00000035
01/03/2018 09:00,0,9.435972,56.20357293,6.715362567
01/03/2018 10:00,4.162619,0,55.48440458,135.6197559
01/03/2018 11:00,4.870954333,0,53.49107103,305.0992582
01/03/2018 12:00,3.562519,0,54.2744035,125.4649574
01/03/2018 13:00,0,0,59.77107255,3.466163783
01/03/2018 14:00,0,6.813898,67.61783677,0
01/03/2018 15:00,0,13.01465367,70.01699195,0
01/03/2018 16:00,0.075117,8.717601667,64.9827246,6.824129083
01/03/2018 17:00,0.00012,6.198108667,62.58939107,125.6863592
01/03/2018 18:00,0.0126,0,54.89173543,297.1141304
01/03/2018 19:00,0.0126,0,60.89502463,139.7475359
01/03/2018 20:00,0.0126,0,69.79660567,6.467598867
01/03/2018 21:00,0.0126,0,72.29416433,0
01/03/2018 22:00,0.0126,0,61.52383443,0
01/03/2018 23:00,0,0,20.89317955,0
02/03/2018 00:00,0,0,7.866082017,0
02/03/2018 01:00,0,0,24.72277252,0
02/03/2018 02:00,0,0,36.66277195,0
02/03/2018 03:00,0,0,42.06859368,0
02/03/2018 04:00,0,0,50.36994107,3.16667E-07
02/03/2018 05:00,4.145843333,0,57.33897095,0.051001133
02/03/2018 06:00,3.512517,0,55.34503877,0.11700005
02/03/2018 07:00,4.462504,8.084631333,53.06585535,0.014001617
02/03/2018 08:00,3.745848333,11.43960867,63.16272285,5.33333E-07
02/03/2018 09:00,0,10.265834,60.61523125,6.628675033
02/03/2018 10:00,4.46263,0,56.54523292,118.5830603
02/03/2018 11:00,4.679280667,0,52.55690517,301.1949935
02/03/2018 12:00,3.629184667,0,57.41606007,142.4321288
02/03/2018 13:00,0,0,54.22189998,7.2459618
02/03/2018 14:00,0,7.966263,59.4003403,0
02/03/2018 15:00,0,9.467638667,60.8245068,0
02/03/2018 16:00,0.00012,8.778628,50.33441913,6.72234545
02/03/2018 17:00,0.050118,8.918595,56.91190332,124.8329759
02/03/2018 18:00,0.0126,0,56.82849623,287.5978016
02/03/2018 19:00,0.0126,0,66.34126802,145.8772173
02/03/2018 20:00,0.0126,0,73.89082245,8.924908717
02/03/2018 21:00,0.0126,0,72.30866133,0
02/03/2018 22:00,0.0126,0,58.67959947,0
02/03/2018 23:00,0,0,27.78818175,0
03/03/2018 00:00,0,0,11.01608758,0
03/03/2018 01:00,0,0,21.20194562,0
03/03/2018 02:00,0,0,26.96029413,0
03/03/2018 03:00,0,0,33.96777402,0
03/03/2018 04:00,0,0,40.15204173,1.66667E-07
03/03/2018 05:00,3.629189667,0,46.37755492,0.006001567
03/03/2018 06:00,4.095845333,0,48.62236322,0.097000383
03/03/2018 07:00,4.529166667,8.580444667,54.58126653,0.0830001
03/03/2018 08:00,4.6125,11.20136033,57.40273597,0.0000006
03/03/2018 09:00,0,8.242751667,59.4810623,9.963160233
03/03/2018 10:00,4.245962333,0,58.10773018,139.725982
03/03/2018 11:00,3.504305667,0,51.55190717,292.5893644
03/03/2018 12:00,3.995839333,0,54.99773085,124.0921574
03/03/2018 13:00,0,0,52.45190485,9.26837515
03/03/2018 14:00,0,7.064760333,63.87783868,0
03/03/2018 15:00,0,8.692697667,70.54614882,0
03/03/2018 16:00,0.025119,11.663161,58.54273177,5.3170809
03/03/2018 17:00,0.050118,9.349369333,55.73356865,135.0911565
03/03/2018 18:00,0.0126,0,58.23923952,299.7632309
03/03/2018 19:00,0.0126,0,68.41443398,129.7877245
03/03/2018 20:00,0.0126,0,76.71266075,7.5703434
03/03/2018 21:00,0.0126,0,70.89666538,0
03/03/2018 22:00,0.0126,0,59.39459353,0
03/03/2018 23:00,0,0,22.05267167,0
04/03/2018 00:00,0,0,0,0
04/03/2018 01:00,0,0,0,0
04/03/2018 02:00,0,0,0,0
04/03/2018 03:00,0,0,0,0
04/03/2018 04:00,0,0,0,0.00200065
04/03/2018 05:00,3.595849333,0,0,0.089000517
04/03/2018 06:00,4.645836333,0,0,0.098000367
04/03/2018 07:00,3.412512,8.829537333,0,0.00100165
04/03/2018 08:00,3.429195667,10.76988667,0,8.33333E-08
04/03/2018 09:00,0,7.517970667,0,9.44872735
04/03/2018 10:00,4.629289667,0,0,125.6094563
04/03/2018 11:00,4.062631,0,0,282.4397037
04/03/2018 12:00,4.812496,0,0,148.9521455
04/03/2018 13:00,0,0,0,10.20464458
04/03/2018 14:00,0,8.610304667,0,0
04/03/2018 15:00,0,10.56731267,0,0
04/03/2018 16:00,0.050118,9.414287333,0,6.84002235
04/03/2018 17:00,0.050118,8.877851667,0,131.2235219
04/03/2018 18:00,0.0126,0,0,299.6997622
04/03/2018 19:00,0.0126,0,0,131.8790386
04/03/2018 20:00,0.0126,0,0,6.9098793
04/03/2018 21:00,0.0126,0,0,0
04/03/2018 22:00,0.0126,0,0,0
04/03/2018 23:00,0,0,0,0
05/03/2018 00:00,0,0,8.72359065,0
05/03/2018 01:00,0,0,33.44108133,0
05/03/2018 02:00,0,0,38.54860002,0
05/03/2018 03:00,0,0,44.88025685,0
05/03/2018 04:00,0,0,50.944436,0.009000617
05/03/2018 05:00,4.445841333,0,50.97946875,0.12
05/03/2018 06:00,4.362509,0,54.90711703,0.05100115
05/03/2018 07:00,3.362532,6.172448333,54.92234993,0.000002
05/03/2018 08:00,4.579159667,9.805865,51.40107388,5.66667E-07
05/03/2018 09:00,0,7.538742,47.0902471,3.474349217
05/03/2018 10:00,5.020933333,0,46.47691118,129.3760756
05/03/2018 11:00,3.387643,0,49.09023455,301.3195933
05/03/2018 12:00,3.479189667,0,58.68105827,132.4745404
05/03/2018 13:00,0,0,56.96107227,7.854129333
05/03/2018 14:00,0,8.915316667,60.85367575,0
05/03/2018 15:00,0,12.04385733,63.79948938,0
05/03/2018 16:00,0.00012,11.66732867,50.47275373,7.7139607
05/03/2018 17:00,0.050118,8.776028,48.485253,127.6302757
05/03/2018 18:00,0.0126,0,51.91517167,293.3603815
05/03/2018 19:00,0.0126,0,59.0593655,139.9089864
05/03/2018 20:00,0.0126,0,67.38199428,8.84614695
05/03/2018 21:00,0.0126,0,72.35938388,0
05/03/2018 22:00,0.0126,0,52.94052365,0
05/03/2018 23:00,0,0,17.03776323,0
06/03/2018 00:00,0,0,7.400258567,0
06/03/2018 01:00,0,0,21.4952773,0
06/03/2018 02:00,0,0,33.00278488,0
06/03/2018 03:00,0,0,43.33109243,0
06/03/2018 04:00,0,0,46.79236087,0.001000517
06/03/2018 05:00,4.229167667,0,55.07797017,0.060001
06/03/2018 06:00,3.862512,0,60.78070475,0.076000733
06/03/2018 07:00,4.695831333,7.480425667,58.86801812,0.043001133
06/03/2018 08:00,4.212505,12.09479167,52.25441307,6.66667E-08
06/03/2018 09:00,0,9.619393333,50.48941137,10.61038018
06/03/2018 10:00,3.529311667,0,53.66856422,150.6928321
06/03/2018 11:00,3.887635,0,55.70106508,274.2177915
06/03/2018 12:00,4.195846333,0,59.5285546,130.2790261
06/03/2018 13:00,0,0,63.10356307,10.71342913
06/03/2018 14:00,0,7.153071667,69.56032977,0
06/03/2018 15:00,0,9.397662667,68.47448397,0
06/03/2018 16:00,0.050118,11.14465967,53.22442095,5.7385107
06/03/2018 17:00,0.025119,8.012071333,51.4410827,115.821084
06/03/2018 18:00,0.0126,0,48.63184222,306.0091087
06/03/2018 19:00,0.0126,0,60.29368885,140.7964389
06/03/2018 20:00,0.0126,0,68.97658205,9.463697967
06/03/2018 21:00,0.0126,0,64.32258597,0
06/03/2018 22:00,0.0126,0,55.41159233,0
06/03/2018 23:00,0,0,20.36559005,0
07/03/2018 00:00,0,0,8.941084983,0
07/03/2018 01:00,0,0,21.302772,0
07/03/2018 02:00,0,0,37.83026822,0
07/03/2018 03:00,0,0,46.99274912,0
07/03/2018 04:00,0,0,49.59069083,4.16667E-07
07/03/2018 05:00,4.029177667,0,52.12038955,0.00000195
07/03/2018 06:00,4.162511,0,60.6135198,0.091000483
07/03/2018 07:00,4.429169667,7.624710333,59.26409292,0.090000267
07/03/2018 08:00,4.062511,10.27507367,56.79273683,0
07/03/2018 09:00,0,7.264535333,60.5435613,6.785143583
07/03/2018 10:00,3.495973333,0,53.76857522,132.7404202
07/03/2018 11:00,3.529304667,0,51.61440682,287.5036825
07/03/2018 12:00,4.929160667,0,51.02107277,137.2936552
07/03/2018 13:00,0,0,49.63275643,11.27649432
07/03/2018 14:00,0,10.095964,57.33952842,0
07/03/2018 15:00,0,9.596606333,61.05949695,0
07/03/2018 16:00,0.00012,10.12678633,47.49441522,5.94161535
07/03/2018 17:00,0.050118,10.30418933,49.14440462,141.9087003
07/03/2018 18:00,0.0126,0,49.97239988,298.6723952
07/03/2018 19:00,0.0126,0,60.13710083,124.2225578
07/03/2018 20:00,0.0126,0,68.55675355,5.949594417
07/03/2018 21:00,0.0126,0,69.08874613,0
07/03/2018 22:00,0.0126,0,59.9975105,0
07/03/2018 23:00,0,0,25.94874812,0
08/03/2018 00:00,0,0,7.285250633,0
08/03/2018 01:00,0,0,21.75110087,0
08/03/2018 02:00,0,0,38.20860232,0
08/03/2018 03:00,0,0,46.78358555,0
08/03/2018 04:00,0,0,48.5490285,0.0070003
08/03/2018 05:00,4.029178667,0,52.40770825,0.060001
08/03/2018 06:00,3.929187667,0,56.69759332,0.05700105
08/03/2018 07:00,4.395846333,8.355240667,60.24542222,0.05600095
08/03/2018 08:00,3.41252,10.758295,59.82189847,0.0000001
08/03/2018 09:00,0,9.046931333,53.706906,5.566808967
08/03/2018 10:00,4.087621,0,51.04024272,140.1504167
08/03/2018 11:00,4.329286667,0,52.83024132,307.6310578
08/03/2018 12:00,4.479166667,0,51.88941112,117.7152884
08/03/2018 13:00,0,0,51.36775478,3.934957217
08/03/2018 14:00,0,8.549302333,59.63285052,0
08/03/2018 15:00,0,8.359501333,60.13699867,0
08/03/2018 16:00,0.00012,9.839246333,47.67941638,7.62109665
08/03/2018 17:00,0.025119,9.899358333,49.20356828,128.6411972
08/03/2018 18:00,0.0126,0,55.46122967,309.4733881
08/03/2018 19:00,0.0126,0,59.9196878,127.0636598
08/03/2018 20:00,0.0126,0,69.18058935,3.560159883
08/03/2018 21:00,0.0126,0,70.56490485,0
08/03/2018 22:00,0.0126,0,55.5905979,0
08/03/2018 23:00,0,0,19.13035388,0
09/03/2018 00:00,0,0,8.526101333,0
09/03/2018 01:00,0,0,25.32027348,0
09/03/2018 02:00,0,0,38.38859815,0
09/03/2018 03:00,0,0,45.5260877,0
09/03/2018 04:00,0,0,46.63778233,0
09/03/2018 05:00,4.812496,0,50.20456767,0.013000917
09/03/2018 06:00,2.862534,0,60.59261147,0.12
09/03/2018 07:00,3.862515,9.030311667,55.74327217,0.050000817
09/03/2018 08:00,3.995842333,10.65922033,55.8677361,1.66667E-08
09/03/2018 09:00,0,8.896938333,51.99439995,6.426440883
09/03/2018 10:00,3.870973333,0,54.41272505,130.7920497
09/03/2018 11:00,3.487633,0,49.28024408,300.9225107
09/03/2018 12:00,5.795812333,0,52.46358162,128.5658097
09/03/2018 13:00,0,0,55.22441562,8.698062633
09/03/2018 14:00,0,7.901287,64.2403471,0
09/03/2018 15:00,0,9.560025667,66.06866415,0
09/03/2018 16:00,0.00012,10.52231367,48.12276112,4.902890517
09/03/2018 17:00,0.00012,8.397761667,48.05774253,148.3638626
09/03/2018 18:00,0.0126,0,53.15225078,293.7160643
09/03/2018 19:00,0.0126,0,65.26086902,120.1144749
09/03/2018 20:00,0.0126,0,76.38023625,8.964162917
09/03/2018 21:00,0.0126,0,75.03814277,0
09/03/2018 22:00,0.0126,0,59.32259045,0
09/03/2018 23:00,0,0,23.26852155,0
10/03/2018 00:00,0,0,12.2544098,0
10/03/2018 01:00,0,0,35.08525113,0
10/03/2018 02:00,0,0,49.87775937,0
10/03/2018 03:00,0,0,54.49524438,0
10/03/2018 04:00,0,0,54.20176528,0.008000433
10/03/2018 05:00,4.412507,0,52.73363097,0.064000933
10/03/2018 06:00,4.062514,0,50.0606928,0.092000467
10/03/2018 07:00,4.862492,6.442301333,44.20352948,0.026001183
10/03/2018 08:00,4.129174667,11.283215,48.9419124,0
10/03/2018 09:00,0,10.07422533,48.29107903,9.479796733
10/03/2018 10:00,3.270975333,0,48.83273227,142.1298465
10/03/2018 11:00,4.479292667,0,51.71272905,299.1719109
10/03/2018 12:00,3.445851333,0,50.7294018,119.1113859
10/03/2018 13:00,0,0,50.63524753,5.12940405
10/03/2018 14:00,0,7.024017,53.4495351,0
10/03/2018 15:00,0,10.73898833,58.21951063,0
10/03/2018 16:00,0.025119,11.073167,47.55358597,8.54152675
10/03/2018 17:00,0.00012,8.355305667,48.85941438,130.6711391
10/03/2018 18:00,0.0126,0,46.48882817,304.8159751
10/03/2018 19:00,0.0126,0,61.59868155,126.9885601
10/03/2018 20:00,0.0126,0,76.61315918,6.472943483
10/03/2018 21:00,0.0126,0,71.44282352,0
10/03/2018 22:00,0.0126,0,57.7790062,0
10/03/2018 23:00,0,0,24.51624217,0
11/03/2018 00:00,0,0,0,0
11/03/2018 01:00,0,0,0,0
11/03/2018 02:00,0,0,0,0
11/03/2018 03:00,0,0,0,0
11/03/2018 04:00,0,0,0,1.33333E-07
11/03/2018 05:00,3.545849333,0,0,0.05400065
11/03/2018 06:00,3.795844333,0,0,0.083000617
11/03/2018 07:00,4.312507,8.492105333,0,0.045001
11/03/2018 08:00,4.045850333,8.929375333,0,0
11/03/2018 09:00,0,7.843804,0,6.551180967
11/03/2018 10:00,4.729288667,0,0,135.2023681
11/03/2018 11:00,4.304285667,0,0,304.8716744
11/03/2018 12:00,3.879183667,0,0,122.0489911
11/03/2018 13:00,0,0,0,6.19939185
11/03/2018 14:00,0,8.960284667,0,0
11/03/2018 15:00,0,9.355054667,0,0
11/03/2018 16:00,0.025119,10.215753,0,5.231060317
11/03/2018 17:00,0.050118,10.44748567,0,128.6065394
11/03/2018 18:00,0.0126,0,0,294.4749294
11/03/2018 19:00,0.0126,0,0,138.9943857
11/03/2018 20:00,0.0126,0,0,9.909344
11/03/2018 21:00,0.0126,0,0,0
11/03/2018 22:00,0.0126,0,0,0
11/03/2018 23:00,0,0,0,0
12/03/2018 00:00,0,0,10.71942138,0
12/03/2018 01:00,0,0,26.09276313,0
12/03/2018 02:00,0,0,35.01526632,0
12/03/2018 03:00,0,0,44.27608437,0
12/03/2018 04:00,0,0,50.4422747,0
12/03/2018 05:00,4.229167667,0,59.5412895,0.010001367
12/03/2018 06:00,3.895847333,0,64.37476228,0.1080002
12/03/2018 07:00,5.079161667,8.042828667,56.49110242,0.0620005
12/03/2018 08:00,3.979176667,10.83235867,54.73357258,0
12/03/2018 09:00,0,7.166399,56.3660748,8.316279833
12/03/2018 10:00,4.179292667,0,57.8777408,126.8338445
12/03/2018 11:00,3.670974333,0,58.11356217,289.0032152
12/03/2018 12:00,3.579188667,0,51.17356858,144.0760351
12/03/2018 13:00,0,0,49.63524668,7.878674433
12/03/2018 14:00,0,8.923663,58.93284825,0
12/03/2018 15:00,0,11.55900733,62.56950673,0
12/03/2018 16:00,0.025119,10.47666033,57.39274355,6.551644033
12/03/2018 17:00,0.050118,7.973632,54.06523962,131.5328906
12/03/2018 18:00,0.0126,0,50.5607425,302.3267753
12/03/2018 19:00,0.0126,0,59.83309938,130.4494898
12/03/2018 20:00,0.0126,0,66.31034685,5.5674759
12/03/2018 21:00,0.0126,0,66.54658448,0
12/03/2018 22:00,0.0126,0,47.91618425,0
12/03/2018 23:00,0,0,19.40108863,0
13/03/2018 00:00,0,0,9.471095617,0
13/03/2018 01:00,0,0,26.3085928,0
13/03/2018 02:00,0,0,35.75277328,0
13/03/2018 03:00,0,0,45.78775818,0
13/03/2018 04:00,0,0,54.05943817,0.00100055
13/03/2018 05:00,3.562517,0,59.5057879,0.047001217
13/03/2018 06:00,3.979182667,0,60.59292232,0.070000833
13/03/2018 07:00,4.079170667,7.828869,54.87734105,0.060000667
13/03/2018 08:00,4.129176667,9.434192333,53.28106918,0.0040005
13/03/2018 09:00,0,8.989451333,50.16690877,4.591287233
13/03/2018 10:00,4.337625,0,52.60273703,102.8911472
13/03/2018 11:00,4.479293667,0,55.9302302,301.7333764
13/03/2018 12:00,4.045843333,0,56.09606435,159.5838001
13/03/2018 13:00,0,0,52.00941697,8.0503809
13/03/2018 14:00,0,8.889387333,64.35533782,0
13/03/2018 15:00,0,12.85460467,66.39782115,0
13/03/2018 16:00,0.00012,10.56660533,51.90109188,6.50516295
13/03/2018 17:00,0.075117,6.494763333,48.57441508,127.1427422
13/03/2018 18:00,0.0126,0,46.89800172,293.4436481
13/03/2018 19:00,0.0126,0,54.44377857,139.6195878
13/03/2018 20:00,0.0126,0,69.60667987,10.19686267
13/03/2018 21:00,0.0126,0,66.92826047,0
13/03/2018 22:00,0.0126,0,58.24193407,0
13/03/2018 23:00,0,0,23.25758613,0
14/03/2018 00:00,0,0,9.3969215,0
14/03/2018 01:00,0,0,27.2444322,0
14/03/2018 02:00,0,0,41.20609462,0
14/03/2018 03:00,0,0,47.93274873,0
14/03/2018 04:00,0,0,52.85801687,3.66667E-07
14/03/2018 05:00,4.895825333,0,55.77363827,0.040000733
14/03/2018 06:00,3.295857333,0,58.24361318,0.068000867
14/03/2018 07:00,3.579182667,9.23597,51.36060488,0.060001
14/03/2018 08:00,4.295840333,9.597499667,48.5077416,0.014000367
14/03/2018 09:00,0,8.762086333,47.95108057,11.42311123
14/03/2018 10:00,3.937644,0,52.04273673,147.4949312
14/03/2018 11:00,3.845970333,0,52.60274127,288.3817505
14/03/2018 12:00,4.762489,0,49.69358213,121.6956092
14/03/2018 13:00,0,0,52.41108082,7.98710885
14/03/2018 14:00,0,7.476406,62.35534205,0
14/03/2018 15:00,0,12.25479367,70.12198615,0
14/03/2018 16:00,0.025119,10.930597,60.55191163,4.481926333
14/03/2018 17:00,0.050118,6.973005667,59.24024225,117.5757639
14/03/2018 18:00,0.0126,0,58.29366612,300.6053258
14/03/2018 19:00,0.0126,0,65.63936835,145.2926567
14/03/2018 20:00,0.0126,0,73.69940993,9.011528517
14/03/2018 21:00,0.0126,0,75.17905987,0
14/03/2018 22:00,0.0126,0,58.911346,0
14/03/2018 23:00,0,0,24.09667523,0
15/03/2018 00:00,0,0,9.314414233,0
15/03/2018 01:00,0,0,27.46608793,0
15/03/2018 02:00,0,0,37.19193197,0
15/03/2018 03:00,0,0,43.51525853,0
15/03/2018 04:00,0,0,46.99102568,0.024000683
15/03/2018 05:00,3.929179667,0,56.12679437,0.11700005
15/03/2018 06:00,4.062511,0,53.60860813,0.03900135
15/03/2018 07:00,4.695833333,9.840252667,50.37677787,0.000002
15/03/2018 08:00,3.445852333,10.77250767,50.54941773,3.16667E-07
15/03/2018 09:00,0,9.772699667,55.23690435,4.9420771
15/03/2018 10:00,3.645971333,0,56.0677365,130.0872218
15/03/2018 11:00,5.16261,0,52.86691265,306.5761746
15/03/2018 12:00,3.695850333,0,55.32024017,127.8506116
15/03/2018 13:00,0,0,53.02275263,5.89418365
15/03/2018 14:00,0,8.146172,60.81952132,0
15/03/2018 15:00,0,10.243341,62.7794977,0
15/03/2018 16:00,0.050118,7.201163,57.7985705,8.182961217
15/03/2018 17:00,0.00012,8.091880333,60.16439425,140.673304
15/03/2018 18:00,0.0126,0,63.83355523,298.0712959
15/03/2018 19:00,0.0126,0,67.42068407,123.8614105
15/03/2018 20:00,0.0126,0,72.96299677,5.855331083
15/03/2018 21:00,0.0126,0,70.87615663,0
15/03/2018 22:00,0.0126,0,60.35751785,0
15/03/2018 23:00,0,0,26.10582793,0
16/03/2018 00:00,0,0,6.934434817,0
16/03/2018 01:00,0,0,22.75111333,0
16/03/2018 02:00,0,0,37.57694177,0
16/03/2018 03:00,0,0,43.50192155,0
16/03/2018 04:00,0,0,48.97577297,0.002000533
16/03/2018 05:00,4.329165667,0,55.15653973,0.060000567
16/03/2018 06:00,4.462505,0,58.53235735,0.083000617
16/03/2018 07:00,4.045843333,7.251403,53.06935515,0.0350013
16/03/2018 08:00,3.479191667,11.10650033,53.55440802,4.66667E-07
16/03/2018 09:00,0,9.453355,50.41441778,5.723013567
16/03/2018 10:00,4.312623,0,51.58691547,130.166124
16/03/2018 11:00,4.037634,0,53.9985731,296.6212303
16/03/2018 12:00,3.995844333,0,54.82690227,132.0177068
16/03/2018 13:00,0,0,53.00025247,10.29126133
16/03/2018 14:00,0,8.922829667,65.11367758,0
16/03/2018 15:00,0,11.45989567,65.803663,0
16/03/2018 16:00,0.025119,8.268614,51.72858133,7.221811033
16/03/2018 17:00,0.00012,8.984389333,51.19690688,109.2332484
16/03/2018 18:00,0.0126,0,52.20973412,302.0633601
16/03/2018 19:00,0.0126,0,64.29992838,149.3830296
16/03/2018 20:00,0.0126,0,73.17464623,8.112846217
16/03/2018 21:00,0.0126,0,79.12512818,0
16/03/2018 22:00,0.0126,0,61.93592065,0
16/03/2018 23:00,0,0,27.78850202,0
17/03/2018 00:00,0,0,10.1185927,0
17/03/2018 01:00,0,0,26.5152641,0
17/03/2018 02:00,0,0,32.66694623,0
17/03/2018 03:00,0,0,40.81443302,0
17/03/2018 04:00,0,0,42.98421022,0.00000015
17/03/2018 05:00,4.6125,0,51.27438682,0.0740006
17/03/2018 06:00,3.145855333,0,59.8777671,0.100000333
17/03/2018 07:00,4.229171667,7.961132,60.01975713,0.006001567
17/03/2018 08:00,3.945840333,10.60424733,50.72941198,0.0000002
17/03/2018 09:00,0,9.051901333,51.59190777,5.426178267
17/03/2018 10:00,4.579294667,0,52.87440805,119.6893643
17/03/2018 11:00,4.204294667,0,55.92273568,297.3688956
17/03/2018 12:00,3.945850333,0,52.12857302,144.51908
17/03/2018 13:00,0,0,52.05524618,6.542863433
17/03/2018 14:00,0,8.941976333,57.99951175,0
17/03/2018 15:00,0,10.55228467,62.5286644,0
17/03/2018 16:00,0.025119,8.668593,54.08774915,4.521181933
17/03/2018 17:00,0.00012,8.976964333,53.64773897,125.578241
17/03/2018 18:00,0.0126,0,57.82774095,301.6100926
17/03/2018 19:00,0.0126,0,64.82860547,136.4597076
17/03/2018 20:00,0.0126,0,69.91250348,8.152226083
17/03/2018 21:00,0.0126,0,70.29732867,0
17/03/2018 22:00,0.0126,0,59.98867495,0
17/03/2018 23:00,0,0,23.37841667,0
18/03/2018 00:00,0,0,0,0
18/03/2018 01:00,0,0,0,0
18/03/2018 02:00,0,0,0,0
18/03/2018 03:00,0,0,0,0
18/03/2018 04:00,0,0,0,1.33333E-07
18/03/2018 05:00,4.145841333,0,0,0.001001983
18/03/2018 06:00,3.462521,0,0,0.079000683
18/03/2018 07:00,4.845834333,8.670201667,0,0.08900005
18/03/2018 08:00,4.612495,10.89241867,0,0.011000417
18/03/2018 09:00,0,9.693457,0,8.17524425
18/03/2018 10:00,3.612638,0,0,122.4727595
18/03/2018 11:00,3.812634,0,0,297.4767281
18/03/2018 12:00,4.145844333,0,0,139.5728959
18/03/2018 13:00,0,0,0,8.878277317
18/03/2018 14:00,0,6.773923,0,0
18/03/2018 15:00,0,10.04185433,0,0
18/03/2018 16:00,0.025119,10.29165333,0,7.753147733
18/03/2018 17:00,0.025119,8.057731667,0,140.2485156
18/03/2018 18:00,0.0126,0,0,301.3724433
18/03/2018 19:00,0.0126,0,0,121.3926986
18/03/2018 20:00,0.0126,0,0,5.53640985
18/03/2018 21:00,0.0126,0,0,0
18/03/2018 22:00,0.0126,0,0,0
18/03/2018 23:00,0,0,0,0
19/03/2018 00:00,0,0,9.503585067,0
19/03/2018 01:00,0,0,26.80693763,0
19/03/2018 02:00,0,0,35.24694527,0
19/03/2018 03:00,0,0,37.26776335,0
19/03/2018 04:00,0,0,46.88627695,3.83333E-07
19/03/2018 05:00,4.429173667,0,53.47170042,0.02700155
19/03/2018 06:00,4.612492,0,53.51752657,0.097000383
19/03/2018 07:00,3.695858333,8.161126,52.13018763,0.056001067
19/03/2018 08:00,4.812494,9.985908,53.29190638,7.33333E-07
19/03/2018 09:00,0,7.165619667,53.94773403,4.607459417
19/03/2018 10:00,3.954299667,0,54.50272577,131.4048909
19/03/2018 11:00,3.354312667,0,55.6977346,301.3410756
19/03/2018 12:00,3.779177667,0,51.86107943,130.1415706
19/03/2018 13:00,0,0,51.25692242,8.151898717
19/03/2018 14:00,0,6.557386333,62.46367147,0
19/03/2018 15:00,0,12.702793,68.89698718,0
19/03/2018 16:00,0.050118,11.945487,60.03023363,4.997095567
19/03/2018 17:00,0.00012,8.419638333,56.82356432,132.1816578
19/03/2018 18:00,0.0126,0,52.6638346,313.3548709
19/03/2018 19:00,0.0126,0,64.21119053,119.663865
19/03/2018 20:00,0.0126,0,71.01342463,5.6762423
19/03/2018 21:00,0.0126,0,64.85842637,0
19/03/2018 22:00,0.0126,0,56.67152225,0
19/03/2018 23:00,0,0,19.87217227,0
20/03/2018 00:00,0,0,5.0210952,0
20/03/2018 01:00,0,0,18.39861658,0
20/03/2018 02:00,0,0,33.84444632,0
20/03/2018 03:00,0,0,44.83025818,0
20/03/2018 04:00,0,0,50.07368437,0
20/03/2018 05:00,3.562517,0,55.38154672,0.05600045
20/03/2018 06:00,4.245837333,0,62.07925882,0.109000183
20/03/2018 07:00,4.479180667,6.858071667,59.67266635,0.015000933
20/03/2018 08:00,3.812518,11.41897933,57.91939585,0
20/03/2018 09:00,0,10.10008767,55.68440235,8.5580263
20/03/2018 10:00,4.095957333,0,56.24106782,134.5535527
20/03/2018 11:00,5.362606,0,58.30273235,297.5390613
20/03/2018 12:00,3.029193667,0,59.9235622,130.2179567
20/03/2018 13:00,0,0,57.30023937,5.036015883
20/03/2018 14:00,0,7.730579667,63.83201513,0
20/03/2018 15:00,0,11.32974867,66.23449805,0
20/03/2018 16:00,0.050118,10.095797,51.31608052,6.480198183
20/03/2018 17:00,0.050118,6.957199333,49.62440907,135.1883441
20/03/2018 18:00,0.0126,0,50.15291003,301.9688105
20/03/2018 19:00,0.0126,0,52.93302068,126.723788
20/03/2018 20:00,0.0126,0,60.9065879,4.372424717
20/03/2018 21:00,0.0126,0,62.02242763,0
20/03/2018 22:00,0.0126,0,54.69127227,0
20/03/2018 23:00,0,0,23.37651447,0
21/03/2018 00:00,0,0,7.220253383,0
21/03/2018 01:00,0,0,26.61860553,0
21/03/2018 02:00,0,0,36.25444593,0
21/03/2018 03:00,0,0,45.81859002,0
21/03/2018 04:00,0,0,48.05211035,0.006000367
21/03/2018 05:00,4.912493,0,54.93596028,0.041001317
21/03/2018 06:00,3.629191667,0,61.550938,0.085000583
21/03/2018 07:00,3.712517,7.155564667,64.00007723,0.055001017
21/03/2018 08:00,4.645830333,10.293407,63.10021158,5.33333E-07
21/03/2018 09:00,0,9.502044333,63.13771647,8.37002515
21/03/2018 10:00,3.920966333,0,62.90272323,136.9529672
21/03/2018 11:00,3.920966333,0,61.89771867,301.6650607
21/03/2018 12:00,3.895843333,0,54.72106553,122.2883372
21/03/2018 13:00,0,0,48.01359342,5.543057967
21/03/2018 14:00,0,7.472151333,51.1462006,0
21/03/2018 15:00,0,10.173143,55.61867323,0
21/03/2018 16:00,0.050118,10.49403933,45.45192318,6.115185017
21/03/2018 17:00,0.00012,9.285137667,44.6127539,144.5354221
21/03/2018 18:00,0.0126,0,45.85458115,292.0169831
21/03/2018 19:00,0.0126,0,59.80659658,125.7281754
21/03/2018 20:00,0.0126,0,69.1438218,5.784544183
21/03/2018 21:00,0.0126,0,71.24807753,0
21/03/2018 22:00,0.0126,0,57.5246691,0
21/03/2018 23:00,0,0,20.82358745,0
22/03/2018 00:00,0,0,9.708582767,0
22/03/2018 01:00,0,0,24.66526378,0
22/03/2018 02:00,0,0,36.54359848,0
22/03/2018 03:00,0,0,40.44276052,0
22/03/2018 04:00,0,0,49.24544173,0
22/03/2018 05:00,4.329175667,0,55.55163268,0.044001033
22/03/2018 06:00,4.729167667,0,61.17927422,0.109000183
22/03/2018 07:00,4.112509,7.576324,64.31616698,0.032001467
22/03/2018 08:00,4.362504,8.243625,56.58023113,5.66667E-07
22/03/2018 09:00,0,8.014670333,55.77939745,4.989444733
22/03/2018 10:00,3.037646,0,50.02107678,126.9388085
22/03/2018 11:00,4.679285667,0,53.34774088,299.5614769
22/03/2018 12:00,3.412519,0,54.73523295,137.3637726
22/03/2018 13:00,0,0,53.7869108,7.4024938
22/03/2018 14:00,0,7.092274333,63.0236797,0
22/03/2018 15:00,0,10.72658733,63.1970082,0
22/03/2018 16:00,0.025119,14.30439967,47.11026112,6.36146155
22/03/2018 17:00,0.00012,9.186561333,50.65691063,136.2410254
22/03/2018 18:00,0.0126,0,51.3117489,286.1516
22/03/2018 19:00,0.0126,0,59.06117708,138.0387341
22/03/2018 20:00,0.0126,0,68.30523967,7.823994967
22/03/2018 21:00,0.0126,0,66.05914977,0
22/03/2018 22:00,0.0126,0,56.30527302,0
22/03/2018 23:00,0,0,26.1072465,0
23/03/2018 00:00,0,0,8.186928,0
23/03/2018 01:00,0,0,26.1802712,0
23/03/2018 02:00,0,0,33.24527997,0
23/03/2018 03:00,0,0,33.85027202,0
23/03/2018 04:00,0,0,41.40295373,4.16667E-07
23/03/2018 05:00,5.295824333,0,53.21963007,0.05600075
23/03/2018 06:00,4.329170667,0,58.07117807,0.10500025
23/03/2018 07:00,3.479191667,8.272132333,54.37834118,0.0240016
23/03/2018 08:00,4.029178667,9.694927667,49.23857762,0.0000007
23/03/2018 09:00,0,7.482206333,48.54607802,6.81647875
23/03/2018 10:00,3.554300667,0,45.49941962,121.6224446
23/03/2018 11:00,4.245958333,0,51.75607343,300.2662442
23/03/2018 12:00,3.729182667,0,52.08274338,140.5548666
23/03/2018 13:00,0,0,50.71857867,5.957111633
23/03/2018 14:00,0,9.396722333,61.56534818,0
23/03/2018 15:00,0,10.24991667,62.64365982,0
23/03/2018 16:00,0.025119,12.06975167,52.1869115,8.191410483
23/03/2018 17:00,0.00012,8.399648333,54.13356567,137.9717874
23/03/2018 18:00,0.0126,0,53.01582002,298.0525954
23/03/2018 19:00,0.0126,0,61.9322688,125.9761732
23/03/2018 20:00,0.0126,0,70.03432972,5.543322417
23/03/2018 21:00,0.0126,0,66.79599672,0
23/03/2018 22:00,0.0126,0,59.72591802,0
23/03/2018 23:00,0,0,29.00933083,0
24/03/2018 00:00,0,0,7.531085933,0
24/03/2018 01:00,0,0,26.35609557,0
24/03/2018 02:00,0,0,37.57027542,0
24/03/2018 03:00,0,0,44.984423,0
24/03/2018 04:00,0,0,42.91862222,0.00000035
24/03/2018 05:00,2.795868333,0,49.30547257,0.080000383
24/03/2018 06:00,5.445821333,0,53.03461972,0.097000383
24/03/2018 07:00,4.679165667,8.404520333,49.64886225,0.003001783
24/03/2018 08:00,3.879177667,8.758439,49.71274685,4.83333E-07
24/03/2018 09:00,0,7.657152333,50.1544139,9.92504715
24/03/2018 10:00,3.837631,0,53.19524283,127.024443
24/03/2018 11:00,4.670954333,0,52.26273622,281.1426039
24/03/2018 12:00,3.329189667,0,52.47356788,148.8268834
24/03/2018 13:00,0,0,53.60190718,11.47646562
24/03/2018 14:00,0,7.812091333,64.85866932,0
24/03/2018 15:00,0,12.015341,68.22281922,0
24/03/2018 16:00,0.025119,10.40672333,52.08524277,8.4349593
24/03/2018 17:00,0.025119,9.275341667,56.55105682,136.5907175
24/03/2018 18:00,0.0126,0,59.79655032,306.4469093
24/03/2018 19:00,0.0126,0,68.07876288,120.794676
24/03/2018 20:00,0.0126,0,72.01258978,4.98911435
24/03/2018 21:00,0.0126,0,68.5844097,0
24/03/2018 22:00,0.0126,0,54.82818372,0
24/03/2018 23:00,0,0,25.06640578,0
25/03/2018 00:00,0,0,0,0
25/03/2018 01:00,0,0,0,0
25/03/2018 02:00,0,0,0,0
25/03/2018 03:00,0,0,0,0
25/03/2018 04:00,0,0,0,6.66667E-08
25/03/2018 05:00,3.879180667,0,0,0.0510009
25/03/2018 06:00,3.212523,0,0,0.12
25/03/2018 07:00,4.679166667,8.603645,0,0.01000145
25/03/2018 08:00,4.045843333,10.755711,0,1.66667E-08
25/03/2018 09:00,0,9.022991667,0,10.67451062
25/03/2018 10:00,4.095957333,0,0,146.2139303
25/03/2018 11:00,4.254300667,0,0,292.8543306
25/03/2018 12:00,4.445837333,0,0,121.7509579
25/03/2018 13:00,0,0,0,4.449794933
25/03/2018 14:00,0,7.564601333,0,0
25/03/2018 15:00,0,11.23488667,0,0
25/03/2018 16:00,0.025119,11.41883833,0,8.320177833
25/03/2018 17:00,0.050118,6.433898,0,135.859838
25/03/2018 18:00,0.0126,0,0,295.5545128
25/03/2018 19:00,0.0126,0,0,128.5038766
25/03/2018 20:00,0.0126,0,0,6.92591065
25/03/2018 21:00,0.0126,0,0,0
25/03/2018 22:00,0.0126,0,0,0
25/03/2018 23:00,0,0,0,0
26/03/2018 00:00,0,0,7.56277275,0
26/03/2018 01:00,0,0,21.70112138,0
26/03/2018 02:00,0,0,34.86861108,0
26/03/2018 03:00,0,0,44.06358845,0
26/03/2018 04:00,0,0,55.04618175,0
26/03/2018 05:00,4.495835333,0,58.59543895,0.042000583
26/03/2018 06:00,4.079176667,0,59.86475697,0.118000033
26/03/2018 07:00,3.945852333,7.375596667,58.25509002,0.025000617
26/03/2018 08:00,4.945828333,9.739959667,55.2669083,0
26/03/2018 09:00,0,8.139599333,55.02024078,4.30230935
26/03/2018 10:00,4.370955333,0,58.19440105,127.7359226
26/03/2018 11:00,2.820984333,0,50.74440535,308.0883391
26/03/2018 12:00,3.979175667,0,48.37857273,130.9374026
26/03/2018 13:00,0,0,52.18275077,4.9968978
26/03/2018 14:00,0,6.050641667,58.4003511,0
26/03/2018 15:00,0,11.61877633,62.9519882,0
26/03/2018 16:00,0.025119,12.10890933,50.05942553,6.980058483
26/03/2018 17:00,0.025119,9.406941333,52.89524178,124.1497433
26/03/2018 18:00,0.0126,0,50.89316272,298.7599127
26/03/2018 19:00,0.0126,0,58.18285627,138.9333018
26/03/2018 20:00,0.0126,0,74.5314216,7.6284119
26/03/2018 21:00,0.0126,0,71.38198573,0
26/03/2018 22:00,0.0126,0,58.43716608,0
26/03/2018 23:00,0,0,21.13751135,0
27/03/2018 00:00,0,0,5.57109715,0
27/03/2018 01:00,0,0,20.08361103,0
27/03/2018 02:00,0,0,35.23360613,0
27/03/2018 03:00,0,0,38.32859553,0
27/03/2018 04:00,0,0,45.36652722,0.015000667
27/03/2018 05:00,4.462509,0,52.36446853,0.060001
27/03/2018 06:00,2.779197667,0,55.57619323,0.070000833
27/03/2018 07:00,3.412516,8.241066,53.52076578,0.035001017
27/03/2018 08:00,3.779182667,10.43494667,57.78439958,2.33333E-07
27/03/2018 09:00,0,8.042065333,55.40439938,5.88659545
27/03/2018 10:00,4.637625,0,50.90774413,125.6253578
27/03/2018 11:00,5.287606,0,46.57108337,297.2823453
27/03/2018 12:00,4.279171667,0,52.25440818,138.8807154
27/03/2018 13:00,0,0,56.76607148,8.3308455
27/03/2018 14:00,0,8.135475667,67.16283588,0
27/03/2018 15:00,0,10.120841,69.1361532,0
27/03/2018 16:00,0.00012,10.90400533,57.2044116,8.751473233
27/03/2018 17:00,0.050118,8.843673,58.32856638,122.7594543
27/03/2018 18:00,0.0126,0,60.09047617,301.7104292
27/03/2018 19:00,0.0126,0,62.90585382,137.3680195
27/03/2018 20:00,0.0126,0,68.76593,6.011461183
27/03/2018 21:00,0.0126,0,59.85035255,0
27/03/2018 22:00,0.0126,0,52.68791955,0
27/03/2018 23:00,0,0,20.62808257,0
28/03/2018 00:00,0,0,9.344431433,0
28/03/2018 01:00,0,0,23.43526537,0
28/03/2018 02:00,0,0,35.9686003,0
28/03/2018 03:00,0,0,43.66524958,0
28/03/2018 04:00,0,0,49.71610198,0.006000733
28/03/2018 05:00,4.745828333,0,59.55603825,0.0900005
28/03/2018 06:00,3.812516,0,57.3024373,0.095000417
28/03/2018 07:00,3.16253,7.315374667,51.86026998,0.007001817
28/03/2018 08:00,3.879181667,8.503687,51.4160732,0.0000005
28/03/2018 09:00,0,9.161812333,54.33773658,4.910677717
28/03/2018 10:00,4.33762,0,52.58523812,130.7563425
28/03/2018 11:00,4.620956333,0,55.42440095,302.9354088
28/03/2018 12:00,4.079175667,0,62.31772765,128.4236393
28/03/2018 13:00,0,0,63.44357263,8.831639733
28/03/2018 14:00,0,8.783775,66.49534897,0
28/03/2018 15:00,0,11.55892333,63.22700445,0
28/03/2018 16:00,0.050118,11.45154933,52.34358907,7.910145467
28/03/2018 17:00,0.00012,8.156926333,50.88358487,130.8420236
28/03/2018 18:00,0.0126,0,52.21024438,295.1259449
28/03/2018 19:00,0.0126,0,60.61310337,132.8597763
28/03/2018 20:00,0.0126,0,71.12950865,7.90521605
28/03/2018 21:00,0.0126,0,65.24241408,0
28/03/2018 22:00,0.0126,0,51.7820943,0
28/03/2018 23:00,0,0,20.80234115,0
29/03/2018 00:00,0,0,11.3494129,0
29/03/2018 01:00,0,0,24.75943273,0
29/03/2018 02:00,0,0,30.7169445,0
29/03/2018 03:00,0,0,37.87525827,0
29/03/2018 04:00,0,0,47.1463518,0.00000045
29/03/2018 05:00,4.545831333,0,52.6407921,0.032001267
29/03/2018 06:00,3.862518,0,54.7576918,0.12
29/03/2018 07:00,4.062508,8.059559333,48.16009883,0.0360014
29/03/2018 08:00,3.712515,10.55149333,48.59190303,8.83333E-07
29/03/2018 09:00,0,8.680313667,52.92856962,4.895643383
29/03/2018 10:00,3.662647,0,57.08439707,109.3324666
29/03/2018 11:00,5.745929333,0,56.1793973,312.5176211
29/03/2018 12:00,2.995861333,0,53.82190072,146.1452786
29/03/2018 13:00,0,0,55.32107118,5.24642645
29/03/2018 14:00,0,6.949837333,60.30785303,0
29/03/2018 15:00,0,9.628473,59.44451612,0
29/03/2018 16:00,0.075117,12.235473,45.156101,13.976797
29/03/2018 17:00,0.025119,8.614499333,44.68025818,142.6515207
29/03/2018 18:00,0.0126,0,47.97375508,275.6781254
29/03/2018 19:00,0.0126,0,60.03768112,134.6280854
29/03/2018 20:00,0.0126,0,76.00516577,10.68840993
29/03/2018 21:00,0.0126,0,73.44865855,0
29/03/2018 22:00,0.0126,0,64.72407187,0
29/03/2018 23:00,0,0,25.79400133,0
30/03/2018 00:00,0,0,9.413597633,0
30/03/2018 01:00,0,0,25.00277543,0
30/03/2018 02:00,0,0,34.88110678,0
30/03/2018 03:00,0,0,44.42691473,0
30/03/2018 04:00,0,0,47.68235053,1.03333E-06
30/03/2018 05:00,4.229170667,0,51.636797,0.044001267
30/03/2018 06:00,3.629187667,0,56.96068285,0.0960004
30/03/2018 07:00,4.079168667,7.087267333,55.99050987,0.04000085
30/03/2018 08:00,4.529168667,9.565133667,50.17690922,0
30/03/2018 09:00,0,8.995916,51.3585697,10.74422825
30/03/2018 10:00,3.870970333,0,51.00024072,142.0802155
30/03/2018 11:00,4.020968333,0,46.79024663,292.7892627
30/03/2018 12:00,4.279173667,0,47.90108042,122.8326633
30/03/2018 13:00,0,0,47.8285935,6.419458867
30/03/2018 14:00,0,7.496395,57.69702803,0
30/03/2018 15:00,0,11.278232,65.47783445,0
30/03/2018 16:00,0.025119,10.34734567,57.45106552,7.151761433
30/03/2018 17:00,0.025119,9.839327333,54.1810672,137.1713721
30/03/2018 18:00,0.0126,0,55.20657883,303.4906086
30/03/2018 19:00,0.0126,0,68.1257611,122.9411628
30/03/2018 20:00,0.0126,0,74.09601698,4.216563217
30/03/2018 21:00,0.0126,0,70.88933103,0
30/03/2018 22:00,0.0126,0,61.5434123,0
30/03/2018 23:00,0,0,21.59348598,0
31/03/2018 00:00,0,0,7.406075033,0
31/03/2018 01:00,0,0,26.28859035,0
31/03/2018 02:00,0,0,40.75775862,0
31/03/2018 03:00,0,0,49.04857502,0
31/03/2018 04:00,0,0,53.85093192,0.017000417
31/03/2018 05:00,4.062507,0,56.89604647,0.104000267
31/03/2018 06:00,4.662496,0,57.08769323,0.0660009
31/03/2018 07:00,4.229173667,7.524658333,58.71567165,1.56667E-06
31/03/2018 08:00,3.912516,10.183284,56.11356683,0
31/03/2018 09:00,0,9.144390333,51.8652366,5.722609133
31/03/2018 10:00,3.754307667,0,51.26190948,130.2049676
31/03/2018 11:00,3.887624,0,47.97941818,288.0861845
31/03/2018 12:00,4.129183667,0,49.43524782,142.7476018
31/03/2018 13:00,0,0,49.3044189,11.17351255
31/03/2018 14:00,0,7.313082667,60.67701437,0
31/03/2018 15:00,0,13.07211567,67.65699732,0
31/03/2018 16:00,0.025119,10.15745367,53.99275298,6.8392281
31/03/2018 17:00,0.025119,7.736198,53.92774643,132.7851046
31/03/2018 18:00,0.0126,0,55.39300463,293.5703316
31/03/2018 19:00,0.0126,0,61.0181828,134.9793367
31/03/2018 20:00,0.0126,0,64.80832958,7.36363955
31/03/2018 21:00,0.0126,0,63.76017188,0
31/03/2018 22:00,0.0126,0,56.76226822,0
31/03/2018 23:00,0,0,19.92141398,0
01/04/2018 00:00,0,0,0,0
01/04/2018 01:00,0,0,0,0
01/04/2018 02:00,0,0,0,0
01/04/2018 03:00,0,0,0,0
01/04/2018 04:00,0,0,0,0
01/04/2018 05:00,4.379168667,0,0,0.050001117
01/04/2018 06:00,4.329171667,0,0,0.086000567
01/04/2018 07:00,3.595853333,6.063988,0,0.044001267
01/04/2018 08:00,4.062509,10.51407533,0,8.33333E-07
01/04/2018 09:00,0,9.064371333,0,6.1841628
01/04/2018 10:00,3.562645,0,0,134.4165252
01/04/2018 11:00,4.245954333,0,0,303.3646918
01/04/2018 12:00,4.412508,0,0,127.5753298
01/04/2018 13:00,0,0,0,4.785680383
01/04/2018 14:00,0,7.946394,0,0
01/04/2018 15:00,0,11.490625,0,0
01/04/2018 16:00,0.025119,11.49899033,0,7.604724867
01/04/2018 17:00,0.075117,7.797885667,0,125.41239
01/04/2018 18:00,0.0126,0,0,295.765331
01/04/2018 19:00,0.0126,0,0,139.7443402
01/04/2018 20:00,0.0126,0,0,7.792328383
01/04/2018 21:00,0.0126,0,0,0
01/04/2018 22:00,0.0126,0,0,0
01/04/2018 23:00,0,0,0,0
02/04/2018 00:00,0,0,6.883592417,0
02/04/2018 01:00,0,0,20.4227712,0
02/04/2018 02:00,0,0,33.58277767,0
02/04/2018 03:00,0,0,47.3210872,0
02/04/2018 04:00,0,0,55.52493562,5.33333E-07
02/04/2018 05:00,4.645835333,0,57.04170935,0.0230014
02/04/2018 06:00,4.195842333,0,61.00218357,0.113000117
02/04/2018 07:00,4.295837333,7.710309667,53.25359687,0.047000967
02/04/2018 08:00,4.195833333,9.520925,49.73607822,1.33333E-07
02/04/2018 09:00,0,8.053003667,47.66358022,6.8867248
02/04/2018 10:00,3.879303667,0,46.21774765,120.1358778
02/04/2018 11:00,3.687638,0,48.10524748,289.0759997
02/04/2018 12:00,3.762517,0,53.55358118,148.0392984
02/04/2018 13:00,0,0,60.6060718,11.93036177
02/04/2018 14:00,0,8.435436667,68.7936677,0
02/04/2018 15:00,0,11.63811,72.92947622,0
02/04/2018 16:00,0.025119,10.89155433,54.79940998,5.96522865
02/04/2018 17:00,0.00012,8.271965333,50.95106877,115.1212485
02/04/2018 18:00,0.0126,0,48.69540952,304.1478746
02/04/2018 19:00,0.0126,0,59.67659492,141.4863864
02/04/2018 20:00,0.0126,0,70.32409603,8.98758155
02/04/2018 21:00,0.0126,0,69.7588296,0
02/04/2018 22:00,0.0126,0,58.62609983,0
02/04/2018 23:00,0,0,24.35174785,0
03/04/2018 00:00,0,0,6.945265983,0
03/04/2018 01:00,0,0,20.53944638,0
03/04/2018 02:00,0,0,32.74527403,0
03/04/2018 03:00,0,0,41.2227578,0
03/04/2018 04:00,0,0,44.65186282,0
03/04/2018 05:00,4.279172667,0,51.98170213,0.016001167
03/04/2018 06:00,3.979186667,0,60.35175045,0.12
03/04/2018 07:00,3.762514,7.232977667,55.76576037,0.044001167
03/04/2018 08:00,3.579189667,9.600909,53.71774242,0.00000035
03/04/2018 09:00,0,9.959274333,61.38356417,6.199992883
03/04/2018 10:00,4.96261,0,60.64356843,146.1497972
03/04/2018 11:00,4.445953333,0,58.13857172,300.0446429
03/04/2018 12:00,3.629181667,0,55.67274195,116.9436294
03/04/2018 13:00,0,0,56.33440953,6.160407717
03/04/2018 14:00,0,7.22152,68.4445029,0
03/04/2018 15:00,0,11.025632,70.37448717,0
03/04/2018 16:00,0.025119,10.935687,51.45858567,5.590099067
03/04/2018 17:00,0.025119,8.656089,50.69107997,128.6511238
03/04/2018 18:00,0.0126,0,52.30375322,294.7270648
03/04/2018 19:00,0.0126,0,63.260613,139.3936567
03/04/2018 20:00,0.0126,0,75.83143165,8.261397067
03/04/2018 21:00,0.0126,0,69.21242388,0
03/04/2018 22:00,0.0126,0,54.61667145,0
03/04/2018 23:00,0,0,19.86325412,0
04/04/2018 00:00,0,0,7.1335894,0
04/04/2018 01:00,0,0,19.94277045,0
04/04/2018 02:00,0,0,30.15528217,0
04/04/2018 03:00,0,0,42.60608972,0
04/04/2018 04:00,0,0,48.00535953,0.01000035
04/04/2018 05:00,3.945839333,0,57.00120873,0.101000317
04/04/2018 06:00,3.512518,0,62.55817872,0.073000783
04/04/2018 07:00,4.829169667,8.239466333,56.13876028,0.000002
04/04/2018 08:00,4.629165667,10.44169633,54.7318996,0.00000095
04/04/2018 09:00,0,8.903667,53.6919054,5.840092583
04/04/2018 10:00,3.912631,0,53.16190435,147.863682
04/04/2018 11:00,4.862614,0,50.18357788,300.430561
04/04/2018 12:00,2.945870333,0,50.11940845,116.4058273
04/04/2018 13:00,0,0,51.12941315,6.356463283
04/04/2018 14:00,0,7.122349333,60.9386809,0
04/04/2018 15:00,0,11.433078,64.86367118,0
04/04/2018 16:00,0.00012,9.159363333,49.97025585,9.291858483
04/04/2018 17:00,0.050118,8.870881,51.86357048,143.3093978
04/04/2018 18:00,0.0126,0,57.1269853,287.9420504
04/04/2018 19:00,0.0126,0,66.79609368,127.5390874
04/04/2018 20:00,0.0126,0,75.35648755,7.815607967
04/04/2018 21:00,0.0126,0,70.67307267,0
04/04/2018 22:00,0.0126,0,55.9110164,0
04/04/2018 23:00,0,0,24.29418005,0
05/04/2018 00:00,0,0,8.086926417,0
05/04/2018 01:00,0,0,24.55443337,0
05/04/2018 02:00,0,0,33.69610793,0
05/04/2018 03:00,0,0,45.78608045,0
05/04/2018 04:00,0,0,48.90352505,0.00500045
05/04/2018 05:00,3.479185667,0,55.82995897,0.084000233
05/04/2018 06:00,4.395839333,0,55.85218718,0.09900035
05/04/2018 07:00,4.329164667,8.511113,53.38776202,0.007001167
05/04/2018 08:00,3.679189667,10.12744567,54.3069021,0
05/04/2018 09:00,0,8.712837667,52.60190645,6.44879195
05/04/2018 10:00,4.829282667,0,51.89107703,115.63081
05/04/2018 11:00,3.854299667,0,49.05858043,303.0610758
05/04/2018 12:00,4.095845333,0,48.04274585,140.1524868
05/04/2018 13:00,0,0,51.43108213,8.698461667
05/04/2018 14:00,0,9.418483,60.84452073,0
05/04/2018 15:00,0,10.090954,63.22616393,0
05/04/2018 16:00,0.025119,10.96415333,49.42358793,3.411814283
05/04/2018 17:00,0.00012,6.845468667,53.65524528,139.5472739
05/04/2018 18:00,0.0126,0,56.66407275,301.5223945
05/04/2018 19:00,0.0126,0,68.23351067,124.4580429
05/04/2018 20:00,0.0126,0,77.09158488,7.697595017
05/04/2018 21:00,0.0126,0,69.07707058,0
05/04/2018 22:00,0.0126,0,60.3919306,0
05/04/2018 23:00,0,0,25.12315703,0
06/04/2018 00:00,0,0,9.56441985,0
06/04/2018 01:00,0,0,25.0819374,0
06/04/2018 02:00,0,0,40.4694324,0
06/04/2018 03:00,0,0,43.94942047,0
06/04/2018 04:00,0,0,50.37519667,0.001000183
06/04/2018 05:00,3.729177667,0,57.57295697,0.060000533
06/04/2018 06:00,4.245843333,0,58.29935855,0.034001433
06/04/2018 07:00,4.129174667,9.356963333,58.33593042,0.060000667
06/04/2018 08:00,3.779184667,11.725471,58.90689607,0.02500015
06/04/2018 09:00,0,8.676862333,52.43607152,6.348147483
06/04/2018 10:00,3.112645,0,57.00689802,131.8850594
06/04/2018 11:00,4.762615,0,55.89440028,303.6291912
06/04/2018 12:00,4.829169667,0,49.18107787,128.4350862
06/04/2018 13:00,0,0,50.18274857,6.949659267
06/04/2018 14:00,0,8.030423667,70.1328297,0
06/04/2018 15:00,0,9.83836,66.50449215,0
06/04/2018 16:00,0.075117,8.985196667,49.11774963,6.5276942
06/04/2018 17:00,0.025119,7.906338,52.3877369,120.2096155
06/04/2018 18:00,0.0126,0,51.47699533,298.0254108
06/04/2018 19:00,0.0126,0,57.15853597,143.20062
06/04/2018 20:00,0.0126,0,65.49726238,8.206715967
06/04/2018 21:00,0.0126,0,61.51634192,0
06/04/2018 22:00,0.0126,0,49.40427642,0
06/04/2018 23:00,0,0,19.5910043,0
07/04/2018 00:00,0,0,6.544424583,0
07/04/2018 01:00,0,0,19.4886122,0
07/04/2018 02:00,0,0,32.3452831,0
07/04/2018 03:00,0,0,40.53193625,0
07/04/2018 04:00,0,0,45.88394462,0
07/04/2018 05:00,4.345830333,0,49.64472278,0.00400165
07/04/2018 06:00,4.462509,0,54.77827908,0.0840006
07/04/2018 07:00,3.879184667,7.472240333,55.75234982,0.086000567
07/04/2018 08:00,3.879175667,10.40744867,52.32190817,0.0060007
07/04/2018 09:00,0,7.552203333,52.04023845,7.401698083
07/04/2018 10:00,4.354292667,0,52.23940403,131.6125734
07/04/2018 11:00,3.412639,0,54.3285674,307.8322234
07/04/2018 12:00,4.329175667,0,58.55023077,123.3504086
07/04/2018 13:00,0,0,57.8527374,4.5284958
07/04/2018 14:00,0,8.368679,64.7720015,0
07/04/2018 15:00,0,8.956652333,68.10115242,0
07/04/2018 16:00,0.025119,12.263007,53.36690317,4.937230183
07/04/2018 17:00,0.00012,9.646039,51.45856485,119.5583166
07/04/2018 18:00,0.0126,0,53.75724863,297.1235295
07/04/2018 19:00,0.0126,0,64.11054015,147.7448111
07/04/2018 20:00,0.0126,0,74.80251345,7.05815945
07/04/2018 21:00,0.0126,0,75.75131057,0
07/04/2018 22:00,0.0126,0,59.79549763,0
07/04/2018 23:00,0,0,23.8267477,0
08/04/2018 00:00,0,0,0,0
08/04/2018 01:00,0,0,0,0
08/04/2018 02:00,0,0,0,0
08/04/2018 03:00,0,0,0,0
08/04/2018 04:00,0,0,0,0.00100035
08/04/2018 05:00,3.229194667,0,0,0.016001517
08/04/2018 06:00,4.229174667,0,0,0.08100065
08/04/2018 07:00,4.429161667,8.296334,0,0.074000767
08/04/2018 08:00,5.345816333,10.13260267,0,0.00900075
08/04/2018 09:00,0,7.012982667,0,8.5815078
08/04/2018 10:00,3.679308667,0,0,118.5541725
08/04/2018 11:00,4.379293667,0,0,298.275829
08/04/2018 12:00,3.395856333,0,0,144.4266815
08/04/2018 13:00,0,0,0,3.96609755
08/04/2018 14:00,0,8.498692,0,0
08/04/2018 15:00,0,10.68471467,0,0
08/04/2018 16:00,0.00012,10.62899033,0,9.154758683
08/04/2018 17:00,0.00012,9.856917333,0,134.5074056
08/04/2018 18:00,0.0126,0,0,307.611258
08/04/2018 19:00,0.0126,0,0,121.9145467
08/04/2018 20:00,0.0126,0,0,3.497498567
08/04/2018 21:00,0.0126,0,0,0
08/04/2018 22:00,0.0126,0,0,0
08/04/2018 23:00,0,0,0,0
09/04/2018 00:00,0,0,8.511932083,0
09/04/2018 01:00,0,0,25.77444062,0
09/04/2018 02:00,0,0,29.7161154,0
09/04/2018 03:00,0,0,38.01109718,0
09/04/2018 04:00,0,0,41.06779133,0.00000035
09/04/2018 05:00,4.112502,0,48.12555072,1.68333E-06
09/04/2018 06:00,4.895835333,0,53.81003002,0.06900085
09/04/2018 07:00,3.145860333,8.412993667,54.62150603,0.095000017
09/04/2018 08:00,3.629188667,9.572529667,56.10022338,0.016
09/04/2018 09:00,0,9.808225,51.46773433,7.862377483
09/04/2018 10:00,4.195960333,0,52.27273077,130.8229837
09/04/2018 11:00,3.979291667,0,55.45439585,306.8601092
09/04/2018 12:00,4.679169667,0,53.66440257,124.7613873
09/04/2018 13:00,0,0,52.01858038,4.902889417
09/04/2018 14:00,0,5.991571,63.16201095,0
09/04/2018 15:00,0,9.704952667,71.52198058,0
09/04/2018 16:00,0.050118,11.77403233,53.49108198,6.19986285
09/04/2018 17:00,0.00012,9.139458333,51.65774407,148.6561309
09/04/2018 18:00,0.0126,0,49.99542057,308.4131733
09/04/2018 19:00,0.0126,0,67.95408885,109.0758657
09/04/2018 20:00,0.0126,0,72.33550195,4.598210717
09/04/2018 21:00,0.0126,0,63.53509388,0
09/04/2018 22:00,0.0126,0,60.98059915,0
09/04/2018 23:00,0,0,27.15092898,0
10/04/2018 00:00,0,0,11.0319096,0
10/04/2018 01:00,0,0,34.94941952,0
10/04/2018 02:00,0,0,42.89110218,0
10/04/2018 03:00,0,0,47.21358637,0
10/04/2018 04:00,0,0,52.12235568,2.66667E-07
10/04/2018 05:00,5.429154667,0,59.01562265,0.062000967
10/04/2018 06:00,3.595858333,0,59.84152698,0.118000033
10/04/2018 07:00,4.679165667,9.865123667,58.06251765,0.007001683
10/04/2018 08:00,2.795871333,11.63905233,57.21189993,0.00000045
10/04/2018 09:00,0,7.872901667,54.85939855,6.816209767
10/04/2018 10:00,4.312615,0,52.62607522,129.4950853
10/04/2018 11:00,3.912636,0,55.5077393,294.0582307
10/04/2018 12:00,3.912507,0,56.65940195,137.2197348
10/04/2018 13:00,0,0,54.51358065,7.620828133
10/04/2018 14:00,0,6.478106667,62.8720163,0
10/04/2018 15:00,0,10.698098,66.51365467,0
10/04/2018 16:00,0.025119,9.412598667,52.5452454,9.053509033
10/04/2018 17:00,0.025119,8.426246,46.89774468,138.6563683
10/04/2018 18:00,0.0126,0,45.10276497,302.0748766
10/04/2018 19:00,0.0126,0,61.19519465,121.3405012
10/04/2018 20:00,0.0126,0,74.91683053,4.387725367
10/04/2018 21:00,0.0126,0,66.19100337,0
10/04/2018 22:00,0.0126,0,55.92258423,0
10/04/2018 23:00,0,0,21.01583283,0
11/04/2018 00:00,0,0,10.03192525,0
11/04/2018 01:00,0,0,29.60192807,0
11/04/2018 02:00,0,0,34.5011121,0
11/04/2018 03:00,0,0,38.84193537,0
11/04/2018 04:00,0,0,42.0736189,0
11/04/2018 05:00,4.779160667,0,46.89248058,0.003000983
11/04/2018 06:00,3.645858333,0,48.52670433,0.112000133
11/04/2018 07:00,5.162482,7.025553667,55.11818515,0.06800065
11/04/2018 08:00,3.895845333,9.760829,55.62024615,0.00000005
11/04/2018 09:00,0,9.505903,58.85690753,8.2298004
11/04/2018 10:00,3.295974333,0,56.20689983,152.7097295
11/04/2018 11:00,3.920974333,0,56.82939382,304.4096573
11/04/2018 12:00,3.962512,0,55.48107068,108.3931509
11/04/2018 13:00,0,0,54.05774507,2.5531105
11/04/2018 14:00,0,8.069583333,60.08035313,0
11/04/2018 15:00,0,11.65903133,64.80700025,0
11/04/2018 16:00,0.025119,10.53658133,51.31441772,4.101209233
11/04/2018 17:00,0.00012,8.567881667,53.63440392,117.2413776
11/04/2018 18:00,0.0126,0,57.5613285,306.5669913
11/04/2018 19:00,0.0126,0,70.61585228,139.7503858
11/04/2018 20:00,0.0126,0,77.97808773,9.096809617
11/04/2018 21:00,0.0126,0,83.97872212,0
11/04/2018 22:00,0.0126,0,68.00388955,0
11/04/2018 23:00,0,0,24.52582835,0
12/04/2018 00:00,0,0,8.70442715,0
12/04/2018 01:00,0,0,21.38194015,0
12/04/2018 02:00,0,0,34.57110865,0
12/04/2018 03:00,0,0,42.2444221,0
12/04/2018 04:00,0,0,47.54827242,0.00000025
12/04/2018 05:00,4.129181667,0,55.53678587,0.053001117
12/04/2018 06:00,4.162515,0,56.8793406,0.062000967
12/04/2018 07:00,4.512502,7.677126333,54.2969267,0.060000483
12/04/2018 08:00,4.545828333,9.873315,52.536073,0.010000233
12/04/2018 09:00,0,9.746824333,54.07773622,9.221679667
12/04/2018 10:00,3.512638,0,52.64857205,124.8360409
12/04/2018 11:00,4.087626,0,56.6868962,293.5421306
12/04/2018 12:00,3.712516,0,51.06023975,136.7562543
12/04/2018 13:00,0,0,49.84858223,9.59667795
12/04/2018 14:00,0,7.223875,57.78035128,0
12/04/2018 15:00,0,10.93496267,58.8970017,0
12/04/2018 16:00,0.025119,10.50236867,54.07524443,6.808559617
12/04/2018 17:00,0.00012,8.335309667,52.1402361,137.9805212
12/04/2018 18:00,0.0126,0,52.00824482,303.0541426
12/04/2018 19:00,0.0126,0,62.945361,123.7987093
12/04/2018 20:00,0.0126,0,66.11460142,4.786477533
12/04/2018 21:00,0.0126,0,65.82899885,0
12/04/2018 22:00,0.0126,0,54.33043143,0
12/04/2018 23:00,0,0,18.954423,0
13/04/2018 00:00,0,0,6.366098383,0
13/04/2018 01:00,0,0,21.05527583,0
13/04/2018 02:00,0,0,34.27444253,0
13/04/2018 03:00,0,0,40.66359983,0
13/04/2018 04:00,0,0,43.99328122,8.33333E-08
13/04/2018 05:00,4.612505,0,51.6543848,0.073000233
13/04/2018 06:00,3.512523,0,52.63894388,0.095000417
13/04/2018 07:00,3.729181667,9.313684,55.73791773,0.012001383
13/04/2018 08:00,4.512495,10.805653,60.87772395,3.83333E-07
13/04/2018 09:00,0,8.776965333,60.11690283,5.309626817
13/04/2018 10:00,4.245962333,0,60.02523625,121.5865755
13/04/2018 11:00,4.162624,0,64.85022277,297.5381942
13/04/2018 12:00,3.862517,0,58.9618941,143.1548022
13/04/2018 13:00,0,0,54.84607828,7.230458633
13/04/2018 14:00,0,6.572313333,61.80201793,0
13/04/2018 15:00,0,10.318139,65.47449018,0
13/04/2018 16:00,0.025119,10.14255067,50.69524807,4.388595617
13/04/2018 17:00,0.025119,8.400367667,50.1094084,115.85665
13/04/2018 18:00,0.0126,0,51.378906,296.5872306
13/04/2018 19:00,0.0126,0,64.20184845,148.5093186
13/04/2018 20:00,0.0126,0,68.99359243,9.650162567
13/04/2018 21:00,0.0126,0,68.47715847,0
13/04/2018 22:00,0.0126,0,52.68693022,0
13/04/2018 23:00,0,0,19.23567963,0
14/04/2018 00:00,0,0,6.56109345,0
14/04/2018 01:00,0,0,23.1761071,0
14/04/2018 02:00,0,0,35.80610415,0
14/04/2018 03:00,0,0,45.88858197,0
14/04/2018 04:00,0,0,46.55719953,2.66667E-07
14/04/2018 05:00,4.529171667,0,49.92028908,0.001001583
14/04/2018 06:00,4.695831333,0,54.03736158,0.103000283
14/04/2018 07:00,4.762496,8.226169,57.03385388,0.076000633
14/04/2018 08:00,4.079172667,9.703518,59.92856048,0
14/04/2018 09:00,0,8.682057333,53.18690452,7.339626083
14/04/2018 10:00,3.645970333,0,53.37857322,123.9078307
14/04/2018 11:00,2.854320667,0,54.30856755,305.0998585
14/04/2018 12:00,4.045846333,0,53.89440295,134.4354657
14/04/2018 13:00,0,0,51.84857397,4.903158567
14/04/2018 14:00,0,7.592129333,59.48701312,0
14/04/2018 15:00,0,10.93398433,65.64615865,0
14/04/2018 16:00,0.025119,9.702508667,55.7235858,3.779494167
14/04/2018 17:00,0.050118,9.760111667,57.17940713,122.753062
14/04/2018 18:00,0.0126,0,54.20191388,305.3868744
14/04/2018 19:00,0.0126,0,63.35595358,136.9994561
14/04/2018 20:00,0.0126,0,77.10991768,6.707112517
14/04/2018 21:00,0.0126,0,74.1549979,0
14/04/2018 22:00,0.0126,0,64.14466163,0
14/04/2018 23:00,0,0,25.57116337,0
15/04/2018 00:00,0,0,0,0
15/04/2018 01:00,0,0,0,0
15/04/2018 02:00,0,0,0,0
15/04/2018 03:00,0,0,0,0
15/04/2018 04:00,0,0,0,3.83333E-07
15/04/2018 05:00,4.012512,0,0,0.04000085
15/04/2018 06:00,5.079156667,0,0,0.12
15/04/2018 07:00,3.929178667,7.258953,0,0.020001583
15/04/2018 08:00,4.562496,10.62985267,0,0
15/04/2018 09:00,0,9.421034,0,6.43403335
15/04/2018 10:00,3.379311667,0,0,144.8181881
15/04/2018 11:00,3.345980333,0,0,301.4570917
15/04/2018 12:00,4.329172667,0,0,117.0497264
15/04/2018 13:00,0,0,0,6.434226533
15/04/2018 14:00,0,8.344553333,0,0
15/04/2018 15:00,0,11.30385133,0,0
15/04/2018 16:00,0.025119,8.351964333,0,5.166942317
15/04/2018 17:00,0.025119,9.340196667,0,117.7598617
15/04/2018 18:00,0.0126,0,0,312.2265056
15/04/2018 19:00,0.0126,0,0,132.5938684
15/04/2018 20:00,0.0126,0,0,7.2847442
15/04/2018 21:00,0.0126,0,0,0
15/04/2018 22:00,0.0126,0,0,0
15/04/2018 23:00,0,0,0,0
16/04/2018 00:00,0,0,8.901093817,0
16/04/2018 01:00,0,0,27.43609565,0
16/04/2018 02:00,0,0,36.10193625,0
16/04/2018 03:00,0,0,49.38274092,0
16/04/2018 04:00,0,0,54.62109538,0.0000003
16/04/2018 05:00,4.079179667,0,59.9017814,0.050000633
16/04/2018 06:00,4.379170667,0,59.38093937,0.12
16/04/2018 07:00,4.062512,8.799354333,54.15435652,0.010001583
16/04/2018 08:00,3.045855333,11.48897133,49.62691777,3.16667E-07
16/04/2018 09:00,0,7.524545333,50.0052495,6.535480283
16/04/2018 10:00,4.645950333,0,50.88691327,125.0772574
16/04/2018 11:00,4.079298667,0,45.91275272,305.1697749
16/04/2018 12:00,4.345841333,0,50.89107623,131.970139
16/04/2018 13:00,0,0,44.07858565,5.605929817
16/04/2018 14:00,0,8.245337667,54.65451355,0
16/04/2018 15:00,0,9.001970333,64.3053202,0
16/04/2018 16:00,0.025119,10.11493767,50.33107448,8.502414833
16/04/2018 17:00,0.025119,9.094537333,50.82190048,126.8190912
16/04/2018 18:00,0.0126,0,45.38925305,290.9771326
16/04/2018 19:00,0.0126,0,57.59169748,143.8601376
16/04/2018 20:00,0.0126,0,67.57009205,7.660747617
16/04/2018 21:00,0.0126,0,68.4622321,0
16/04/2018 22:00,0.0126,0,57.21967535,0
16/04/2018 23:00,0,0,23.29609783,0
17/04/2018 00:00,0,0,8.162754133,0
17/04/2018 01:00,0,0,22.16276788,0
17/04/2018 02:00,0,0,30.49360933,0
17/04/2018 03:00,0,0,33.28193297,0
17/04/2018 04:00,0,0,45.79044445,1.66667E-08
17/04/2018 05:00,3.81251,0,54.20522245,0.022001333
17/04/2018 06:00,3.845854333,0,53.20712313,0.097000383
17/04/2018 07:00,3.762517,8.166272,53.67618692,0.061000517
17/04/2018 08:00,4.395843333,11.30236467,56.3935687,5.83333E-07
17/04/2018 09:00,0,6.919601333,62.32272025,4.731063867
17/04/2018 10:00,2.762649,0,58.9968938,135.2613695
17/04/2018 11:00,4.937616,0,58.09189947,308.1533404
17/04/2018 12:00,5.145817333,0,60.99605487,121.324678
17/04/2018 13:00,0,0,57.54189842,4.935291367
17/04/2018 14:00,0,7.548125667,64.4820076,0
17/04/2018 15:00,0,10.928241,67.00616478,0
17/04/2018 16:00,0.025119,9.732453667,53.38108882,8.08936325
17/04/2018 17:00,0.00012,9.674259333,49.39858073,125.8192091
17/04/2018 18:00,0.0126,0,49.54908345,298.1205142
17/04/2018 19:00,0.0126,0,56.67136505,138.867074
17/04/2018 20:00,0.0126,0,66.97609087,6.435695033
17/04/2018 21:00,0.0126,0,68.57732083,0
17/04/2018 22:00,0.0126,0,54.41908808,0
17/04/2018 23:00,0,0,20.14008922,0
18/04/2018 00:00,0,0,9.45942185,0
18/04/2018 01:00,0,0,24.93693803,0
18/04/2018 02:00,0,0,37.9294354,0
18/04/2018 03:00,0,0,41.63776125,0
18/04/2018 04:00,0,0,43.413956,4.16667E-07
18/04/2018 05:00,3.945845333,0,54.69912798,0.061000433
18/04/2018 06:00,3.445857333,0,55.2706989,0.11700005
18/04/2018 07:00,3.179188667,7.920543667,54.29001662,0.004001283
18/04/2018 08:00,4.295842333,11.14904333,57.03856768,0
18/04/2018 09:00,0,7.578818,54.75524033,4.379807983
18/04/2018 10:00,4.912612,0,56.51273652,118.3056424
18/04/2018 11:00,4.237624,0,58.5527379,305.254591
18/04/2018 12:00,4.645837333,0,59.94106912,139.3831853
18/04/2018 13:00,0,0,53.52608067,8.612774933
18/04/2018 14:00,0,7.521338,62.18700817,0
18/04/2018 15:00,0,11.67972367,62.09282932,0
18/04/2018 16:00,0.00012,10.525587,52.47690785,9.565079433
18/04/2018 17:00,0.025119,8.708633,52.11691097,130.4577606
18/04/2018 18:00,0.0126,0,52.9869924,297.1113117
18/04/2018 19:00,0.0126,0,60.53260252,130.6290734
18/04/2018 20:00,0.0126,0,67.32283823,6.816412567
18/04/2018 21:00,0.0126,0,67.82565265,0
18/04/2018 22:00,0.0126,0,61.36475467,0
18/04/2018 23:00,0,0,22.38110623,0
19/04/2018 00:00,0,0,8.931923533,0
19/04/2018 01:00,0,0,28.68192577,0
19/04/2018 02:00,0,0,38.85276668,0
19/04/2018 03:00,0,0,45.23609158,0
19/04/2018 04:00,0,0,47.46670225,0.0000001
19/04/2018 05:00,3.645857333,0,52.54822333,0.049000667
19/04/2018 06:00,5.012502,0,58.37952878,0.08100065
19/04/2018 07:00,4.029171667,8.217037333,55.45168025,0.050000667
19/04/2018 08:00,3.629186667,8.908455,51.81273625,4.16667E-07
19/04/2018 09:00,0,7.666295,53.00440275,8.50261185
19/04/2018 10:00,4.179297667,0,47.78357915,130.4302212
19/04/2018 11:00,3.879288667,0,47.82357942,294.2978666
19/04/2018 12:00,4.262504,0,53.6327344,133.4461905
19/04/2018 13:00,0,0,53.35774922,9.439013483
19/04/2018 14:00,0,9.060235667,64.7270201,0
19/04/2018 15:00,0,10.31249667,67.19866388,0
19/04/2018 16:00,0.050118,10.50406833,53.13358298,5.6761093
19/04/2018 17:00,0.00012,9.656091,54.44524372,128.006806
19/04/2018 18:00,0.0126,0,57.0229118,299.1275275
19/04/2018 19:00,0.0126,0,68.49002187,134.5133721
19/04/2018 20:00,0.0126,0,74.49974447,7.06641315
19/04/2018 21:00,0.0126,0,69.37073175,0
19/04/2018 22:00,0.0126,0,55.72541932,0
19/04/2018 23:00,0,0,22.78640887,0
20/04/2018 00:00,0,0,9.85441895,0
20/04/2018 01:00,0,0,28.37276077,0
20/04/2018 02:00,0,0,40.86276315,0
20/04/2018 03:00,0,0,44.39275367,0
20/04/2018 04:00,0,0,44.43844685,6.66667E-08
20/04/2018 05:00,3.729176667,0,51.53888342,0.0530007
20/04/2018 06:00,5.129161667,0,56.9292735,0.0900005
20/04/2018 07:00,3.245861333,7.867258333,53.95960062,0.03700085
20/04/2018 08:00,3.662515,9.575877,57.32023293,0
20/04/2018 09:00,0,8.451999333,53.64774093,6.332375417
20/04/2018 10:00,3.995963333,0,48.905242,121.7879397
20/04/2018 11:00,4.120967333,0,47.86857812,296.8854628
20/04/2018 12:00,4.729163667,0,46.33024678,141.7167367
20/04/2018 13:00,0,0,46.28942248,10.44712612
20/04/2018 14:00,0,9.155320667,56.54452123,0
20/04/2018 15:00,0,11.18230067,58.58116957,0
20/04/2018 16:00,0.025119,8.924237333,49.2202457,7.08177555
20/04/2018 17:00,0.050118,9.701758333,55.88356287,125.5903562
20/04/2018 18:00,0.0126,0,59.63107055,300.61746
20/04/2018 19:00,0.0126,0,67.41935287,137.2022732
20/04/2018 20:00,0.0126,0,76.59048433,4.8645109
20/04/2018 21:00,0.0126,0,66.54775617,0
20/04/2018 22:00,0.0126,0,54.94677215,0
20/04/2018 23:00,0,0,25.09583398,0
21/04/2018 00:00,0,0,10.3619208,0
21/04/2018 01:00,0,0,26.32360393,0
21/04/2018 02:00,0,0,36.42443773,0
21/04/2018 03:00,0,0,42.27276435,0
21/04/2018 04:00,0,0,42.2231248,0
21/04/2018 05:00,4.362508,0,43.08640963,0.03400075
21/04/2018 06:00,4.779164667,0,47.96479005,0.12
21/04/2018 07:00,3.979180667,6.821474,47.68769527,0.026001217
21/04/2018 08:00,4.479172667,10.28393233,50.42523587,0
21/04/2018 09:00,0,6.733179667,51.72773318,5.192750033
21/04/2018 10:00,3.379307667,0,53.9402344,125.5060116
21/04/2018 11:00,3.579298667,0,54.72107143,301.0049923
21/04/2018 12:00,4.079175667,0,56.04440215,138.7275813
21/04/2018 13:00,0,0,54.85607672,5.215958233
21/04/2018 14:00,0,8.614576333,68.51867118,0
21/04/2018 15:00,0,11.11652033,74.65364617,0
21/04/2018 16:00,0.050118,10.75911033,59.25941657,4.122363583
21/04/2018 17:00,0.00012,10.590773,55.06357718,124.3252568
21/04/2018 18:00,0.0126,0,54.37316927,299.8074111
21/04/2018 19:00,0.0126,0,69.24242805,142.1222679
21/04/2018 20:00,0.0126,0,80.3225585,5.981061017
21/04/2018 21:00,0.0126,0,76.11756505,0
21/04/2018 22:00,0.0126,0,60.57283655,0
21/04/2018 23:00,0,0,22.6689866,0
22/04/2018 00:00,0,0,0,0
22/04/2018 01:00,0,0,0,0
22/04/2018 02:00,0,0,0,0
22/04/2018 03:00,0,0,0,0
22/04/2018 04:00,0,0,0,7.66667E-07
22/04/2018 05:00,4.045839333,0,0,0.0720008
22/04/2018 06:00,4.545831333,0,0,0.09900035
22/04/2018 07:00,4.779165667,8.217792667,0,0.009001333
22/04/2018 08:00,3.812519,10.00929933,0,0
22/04/2018 09:00,0,10.09003667,0,9.8855946
22/04/2018 10:00,3.937632,0,0,133.4076023
22/04/2018 11:00,3.645973333,0,0,288.906501
22/04/2018 12:00,3.895846333,0,0,135.9911514
22/04/2018 13:00,0,0,0,8.4242448
22/04/2018 14:00,0,7.235508667,0,0
22/04/2018 15:00,0,9.94088,0,0
22/04/2018 16:00,0.00012,9.777565667,0,7.5958282
22/04/2018 17:00,0.025119,9.34104,0,131.2916615
22/04/2018 18:00,0.0126,0,0,294.512162
22/04/2018 19:00,0.0126,0,0,135.7195376
22/04/2018 20:00,0.0126,0,0,7.449861633
22/04/2018 21:00,0.0126,0,0,0
22/04/2018 22:00,0.0126,0,0,0
22/04/2018 23:00,0,0,0,0
23/04/2018 00:00,0,0,7.341929117,0
23/04/2018 01:00,0,0,23.24026762,0
23/04/2018 02:00,0,0,35.48360443,0
23/04/2018 03:00,0,0,46.93857913,0
23/04/2018 04:00,0,0,53.11976942,0
23/04/2018 05:00,4.512507,0,52.19503677,0.03100055
23/04/2018 06:00,4.745835333,0,49.63877233,0.12
23/04/2018 07:00,3.662517,7.987877667,48.20744742,0.037000783
23/04/2018 08:00,4.129178667,11.128304,52.02940805,0
23/04/2018 09:00,0,6.726467,55.90024145,7.987514983
23/04/2018 10:00,3.879289667,0,57.58440313,140.2277896
23/04/2018 11:00,3.145984333,0,57.96106585,301.478061
23/04/2018 12:00,4.562496,0,52.51273847,124.079771
23/04/2018 13:00,0,0,48.4219162,4.03647475
23/04/2018 14:00,0,7.809606333,59.7420166,0
23/04/2018 15:00,0,11.32641933,65.7061558,0
23/04/2018 16:00,0.025119,10.34239467,52.86441947,6.36337365
23/04/2018 17:00,0.025119,9.514356333,52.01940475,125.0984212
23/04/2018 18:00,0.0126,0,51.6211501,299.106929
23/04/2018 19:00,0.0126,0,60.05568847,137.2167696
23/04/2018 20:00,0.0126,0,69.80518688,6.59774385
23/04/2018 21:00,0.0126,0,76.85507688,0
23/04/2018 22:00,0.0126,0,68.85749935,0
23/04/2018 23:00,0,0,24.32533723,0
24/04/2018 00:00,0,0,9.35775635,0
24/04/2018 01:00,0,0,33.15025188,0
24/04/2018 02:00,0,0,35.95944028,0
24/04/2018 03:00,0,0,37.17110653,0
24/04/2018 04:00,0,0,43.44620397,1.33333E-07
24/04/2018 05:00,3.712519,0,52.64954978,0.018001583
24/04/2018 06:00,4.495843333,0,51.36153402,0.100000333
24/04/2018 07:00,4.279171667,6.641527,48.97102292,0.062000967
24/04/2018 08:00,4.762502,8.796839333,48.76690908,8.66667E-07
24/04/2018 09:00,0,8.962635667,52.2060744,7.480260533
24/04/2018 10:00,4.162623,0,51.31607835,129.7747078
24/04/2018 11:00,4.162623,0,53.83440182,302.2970435
24/04/2018 12:00,3.062526,0,53.58439972,129.6851408
24/04/2018 13:00,0,0,54.79107675,6.8161429
24/04/2018 14:00,0,10.06670333,67.22117475,0
24/04/2018 15:00,0,9.990995,73.45114498,0
24/04/2018 16:00,0.050118,11.48893233,61.05190335,7.0268252
24/04/2018 17:00,0.00012,9.266870333,56.21189632,140.1340523
24/04/2018 18:00,0.0126,0,51.7752429,299.8702272
24/04/2018 19:00,0.0126,0,66.58960027,124.1666457
24/04/2018 20:00,0.0126,0,76.32216823,6.441744033
24/04/2018 21:00,0.0126,0,71.2445609,0
24/04/2018 22:00,0.0126,0,54.67535537,0
24/04/2018 23:00,0,0,25.90557667,0
25/04/2018 00:00,0,0,11.3269258,0
25/04/2018 01:00,0,0,25.60860822,0
25/04/2018 02:00,0,0,41.03193757,0
25/04/2018 03:00,0,0,47.67858923,0
25/04/2018 04:00,0,0,51.02378148,2.83333E-07
25/04/2018 05:00,3.845853333,0,61.15794788,0.059001017
25/04/2018 06:00,4.229178667,0,57.29135993,0.034001433
25/04/2018 07:00,4.229167667,8.966148,50.68868525,0.060001
25/04/2018 08:00,3.312525,12.84136633,49.07191257,0.027000533
25/04/2018 09:00,0,9.711906333,52.9677346,5.9029648
25/04/2018 10:00,5.162599,0,50.16691003,109.6573195
25/04/2018 11:00,3.645969333,0,49.57274987,293.1753809
25/04/2018 12:00,4.162517,0,52.07857917,157.6116601
25/04/2018 13:00,0,0,54.68358532,9.06547755
25/04/2018 14:00,0,5.131668,66.90784767,0
25/04/2018 15:00,0,10.19731667,69.4328243,0
25/04/2018 16:00,0.025119,10.74402533,55.38274418,10.49557625
25/04/2018 17:00,0.075117,7.381328,55.43689457,145.1330656
25/04/2018 18:00,0.0126,0,55.2108118,288.8090184
25/04/2018 19:00,0.0126,0,61.6491009,123.3403914
25/04/2018 20:00,0.0126,0,69.15708318,9.041259433
25/04/2018 21:00,0.0126,0,62.92483562,0
25/04/2018 22:00,0.0126,0,57.78092285,0
25/04/2018 23:00,0,0,25.1512458,0
26/04/2018 00:00,0,0,8.41442155,0
26/04/2018 01:00,0,0,25.88942508,0
26/04/2018 02:00,0,0,34.464435,0
26/04/2018 03:00,0,0,43.06692415,0
26/04/2018 04:00,0,0,50.40526938,5.83333E-07
26/04/2018 05:00,3.36253,0,57.2097034,0.05800055
26/04/2018 06:00,4.629160667,0,57.9097701,0.080000667
26/04/2018 07:00,5.079156667,7.065567667,50.9871917,0.043000933
26/04/2018 08:00,3.712519,11.195674,49.62358243,0.0000002
26/04/2018 09:00,0,6.872259333,50.76525135,3.0755282
26/04/2018 10:00,3.795968333,0,51.41691473,116.34716
26/04/2018 11:00,4.254295667,0,55.47357312,302.2338431
26/04/2018 12:00,3.779178667,0,52.73607445,145.0027163
26/04/2018 13:00,0,0,54.0419205,9.229594867
26/04/2018 14:00,0,8.053001667,64.46866955,0
26/04/2018 15:00,0,10.353278,67.14532353,0
26/04/2018 16:00,0.025119,10.97231967,55.50107475,6.824861583
26/04/2018 17:00,0.050118,10.220824,55.82772592,135.5357059
26/04/2018 18:00,0.0126,0,52.41540857,309.4387388
26/04/2018 19:00,0.0126,0,60.98535248,123.0133887
26/04/2018 20:00,0.0126,0,70.01142552,3.185293733
26/04/2018 21:00,0.0126,0,66.6923259,0
26/04/2018 22:00,0.0126,0,60.81766355,0
26/04/2018 23:00,0,0,26.53041977,0
27/04/2018 00:00,0,0,10.32359477,0
27/04/2018 01:00,0,0,31.40942823,0
27/04/2018 02:00,0,0,39.74360132,0
27/04/2018 03:00,0,0,44.89525837,0
27/04/2018 04:00,0,0,48.37803463,0.0000003
27/04/2018 05:00,4.179180667,0,50.9130655,1.76667E-06
27/04/2018 06:00,3.879178667,0,54.48778092,0.05700105
27/04/2018 07:00,3.529182667,8.926947333,48.23419773,0.116000067
27/04/2018 08:00,5.112495,11.20900733,48.01275218,0.0070004
27/04/2018 09:00,0,7.796029,48.03441688,6.886791567
27/04/2018 10:00,3.129318667,0,50.99524235,125.1064566
27/04/2018 11:00,4.162625,0,56.1335599,297.1186955
27/04/2018 12:00,4.645827333,0,59.18855558,141.0380483
27/04/2018 13:00,0,0,57.79691033,6.8551269
27/04/2018 14:00,0,8.227930667,65.68117155,0
27/04/2018 15:00,0,12.153135,63.01033925,0
27/04/2018 16:00,0.025119,9.280148667,54.16774888,7.08188035
27/04/2018 17:00,0.025119,7.552956667,53.85023942,128.597776
27/04/2018 18:00,0.0126,0,55.5955715,300.1429936
27/04/2018 19:00,0.0126,0,63.4262665,135.6090042
27/04/2018 20:00,0.0126,0,72.92015177,6.363113183
27/04/2018 21:00,0.0126,0,64.12207048,0
27/04/2018 22:00,0.0126,0,54.24126657,0
27/04/2018 23:00,0,0,20.24759908,0
28/04/2018 00:00,0,0,8.2002522,0
28/04/2018 01:00,0,0,21.80193037,0
28/04/2018 02:00,0,0,33.57027282,0
28/04/2018 03:00,0,0,43.50358765,0
28/04/2018 04:00,0,0,50.80169552,1.66667E-07
28/04/2018 05:00,4.262503,0,60.05561103,0.062000467
28/04/2018 06:00,3.879180667,0,60.28602358,0.115000083
28/04/2018 07:00,4.062508,8.108911,58.97291688,0.014001233
28/04/2018 08:00,4.279176667,9.892446667,59.52188915,4.16667E-07
28/04/2018 09:00,0,10.31171033,57.6652238,7.292794817
28/04/2018 10:00,4.545953333,0,60.66771968,127.7421083
28/04/2018 11:00,3.962626,0,60.71022567,296.7611966
28/04/2018 12:00,3.645860333,0,57.07106457,136.3080682
28/04/2018 13:00,0,0,53.76524928,8.229728467
28/04/2018 14:00,0,6.821459,58.20369003,0
28/04/2018 15:00,0,8.920942,60.92618,0
28/04/2018 16:00,0.00012,11.63220867,49.42693178,5.11480675
28/04/2018 17:00,0.050118,9.018567,46.37192693,136.2285707
28/04/2018 18:00,0.0126,0,49.12700383,295.5607805
28/04/2018 19:00,0.0126,0,60.83902107,131.1771706
28/04/2018 20:00,0.0126,0,70.66618298,7.16014315
28/04/2018 21:00,0.0126,0,72.91332572,0
28/04/2018 22:00,0.0126,0,60.6604282,0
28/04/2018 23:00,0,0,24.76791338,0
29/04/2018 00:00,0,0,0,0
29/04/2018 01:00,0,0,0,0
29/04/2018 02:00,0,0,0,0
29/04/2018 03:00,0,0,0,0
29/04/2018 04:00,0,0,0,2.33333E-07
29/04/2018 05:00,5.179150667,0,0,0.029001483
29/04/2018 06:00,3.395855333,0,0,0.107000217
29/04/2018 07:00,3.895846333,7.824600333,0,0.0480007
29/04/2018 08:00,3.979182667,10.11750267,0,0
29/04/2018 09:00,0,8.059509333,0,7.21482805
29/04/2018 10:00,4.320966333,0,0,125.3971759
29/04/2018 11:00,4.395955333,0,0,305.0929422
29/04/2018 12:00,3.495850333,0,0,130.2749589
29/04/2018 13:00,0,0,0,7.10473215
29/04/2018 14:00,0,9.336902333,0,0
29/04/2018 15:00,0,10.20410233,0,0
29/04/2018 16:00,0.00012,10.76408233,0,5.715161517
29/04/2018 17:00,0.025119,8.067976667,0,128.5392414
29/04/2018 18:00,0.0126,0,0,297.4409781
29/04/2018 19:00,0.0126,0,0,134.5891209
29/04/2018 20:00,0.0126,0,0,9.019108567
29/04/2018 21:00,0.0126,0,0,0
29/04/2018 22:00,0.0126,0,0,0
29/04/2018 23:00,0,0,0,0
30/04/2018 00:00,0,0,7.519417267,0
30/04/2018 01:00,0,0,21.03611152,0
30/04/2018 02:00,0,0,32.4561162,0
30/04/2018 03:00,0,0,44.20275578,0
30/04/2018 04:00,0,0,46.3036102,2.33333E-07
30/04/2018 05:00,4.762497,0,53.18954722,1.76667E-06
30/04/2018 06:00,3.495852333,0,61.82526012,0.101000317
30/04/2018 07:00,3.312522,7.468945,61.56008862,0.079000183
30/04/2018 08:00,3.195859333,10.49225167,61.2902276,0
30/04/2018 09:00,0,8.553544,61.09106488,5.762262917
30/04/2018 10:00,3.695970333,0,58.79273593,142.6000501
30/04/2018 11:00,4.945949333,0,54.81940408,286.8595348
30/04/2018 12:00,5.229157667,0,50.76856997,128.5421261
30/04/2018 13:00,0,0,50.12691445,12.0708591
30/04/2018 14:00,0,7.388998,60.96201193,0
30/04/2018 15:00,0,10.770521,66.94115248,0
30/04/2018 16:00,0.00012,12.52733867,56.67107383,8.597016233
30/04/2018 17:00,0.050118,7.357184333,55.8527394,142.6220032
30/04/2018 18:00,0.0126,0,58.12615928,296.7617806
30/04/2018 19:00,0.0126,0,70.49225485,120.6385794
30/04/2018 20:00,0.0126,0,73.44101143,6.582864133
30/04/2018 21:00,0.0126,0,65.60917645,0
30/04/2018 22:00,0.0126,0,50.08467663,0
30/04/2018 23:00,0,0,22.08259585,0
01/05/2018 00:00,0,0,8.801920083,0
01/05/2018 01:00,0,0,26.46692443,0
01/05/2018 02:00,0,0,36.79277075,0
01/05/2018 03:00,0,0,45.13109417,0
01/05/2018 04:00,0,0,51.1958632,2.33333E-07
01/05/2018 05:00,4.362502,0,55.38605492,0.042000833
01/05/2018 06:00,3.979175667,0,57.762456,0.059001017
01/05/2018 07:00,4.795831333,8.723688,49.87886093,0.060001
01/05/2018 08:00,3.812519,7.790974,52.79023615,0.019000133
01/05/2018 09:00,0,8.800302667,48.06274362,7.09002805
01/05/2018 10:00,3.112646,0,47.74357747,132.5113868
01/05/2018 11:00,4.095966333,0,55.68189677,306.2366229
01/05/2018 12:00,4.479167667,0,58.54189305,125.3815429
01/05/2018 13:00,0,0,56.85690427,3.833909617
01/05/2018 14:00,0,6.840788667,66.38700005,0
01/05/2018 15:00,0,10.973227,62.85532945,0
01/05/2018 16:00,0.025119,11.173128,52.87691355,6.675243817
01/05/2018 17:00,0.025119,10.28666933,56.11357498,140.3937679
01/05/2018 18:00,0.0126,0,54.82499133,290.1119012
01/05/2018 19:00,0.0126,0,61.62793013,128.8397604
01/05/2018 20:00,0.0126,0,74.10615078,10.13426352
01/05/2018 21:00,0.0126,0,68.63164812,0
01/05/2018 22:00,0.0126,0,54.29701983,0
01/05/2018 23:00,0,0,21.73566857,0
02/05/2018 00:00,0,0,5.428595033,0
02/05/2018 01:00,0,0,24.17277027,0
02/05/2018 02:00,0,0,31.0036104,0
02/05/2018 03:00,0,0,36.60526557,0
02/05/2018 04:00,0,0,43.1033732,0.008000117
02/05/2018 05:00,4.012509,0,48.73748048,0.060000733
02/05/2018 06:00,3.745853333,0,49.30893598,0.028001533
02/05/2018 07:00,3.745849333,7.306442,53.404179,0.060001
02/05/2018 08:00,3.01253,10.67803,55.47773275,0.0260004
02/05/2018 09:00,0,8.184640333,53.40440967,6.848012167
02/05/2018 10:00,4.479294667,0,50.69107927,120.7383276
02/05/2018 11:00,5.029275667,0,56.14690783,290.1669981
02/05/2018 12:00,4.612496,0,55.27107582,147.2191138
02/05/2018 13:00,0,0,57.34941158,11.4787944
02/05/2018 14:00,0,10.60518767,63.89784012,0
02/05/2018 15:00,0,9.503333,67.5711543,0
02/05/2018 16:00,0.025119,7.699504333,55.35024883,7.05789455
02/05/2018 17:00,0.025119,10.62747067,60.50856705,144.1856186
02/05/2018 18:00,0.0126,0,58.65707258,290.0405333
02/05/2018 19:00,0.0126,0,72.53067202,125.0800304
02/05/2018 20:00,0.0126,0,80.32140008,8.525828783
02/05/2018 21:00,0.0126,0,76.74083053,0
02/05/2018 22:00,0.0126,0,56.64693802,0
02/05/2018 23:00,0,0,18.3112572,0
03/05/2018 00:00,0,0,7.420263467,0
03/05/2018 01:00,0,0,24.17277165,0
03/05/2018 02:00,0,0,36.57027023,0
03/05/2018 03:00,0,0,46.98691697,0
03/05/2018 04:00,0,0,46.44977772,5.83333E-07
03/05/2018 05:00,3.962512,0,50.49120442,0.012001283
03/05/2018 06:00,4.329175667,0,52.93418268,0.12
03/05/2018 07:00,3.179191667,8.861927333,50.89810293,0.0480012
03/05/2018 08:00,4.379165667,9.844240333,54.15939663,5.83333E-07
03/05/2018 09:00,0,9.330156667,52.62857757,5.457646133
03/05/2018 10:00,3.862637,0,55.94106982,127.5745904
03/05/2018 11:00,3.912631,0,53.04190597,300.0852937
03/05/2018 12:00,4.962497,0,54.17440072,137.3052845
03/05/2018 13:00,0,0,53.9877414,5.309764717
03/05/2018 14:00,0,9.121056,58.92034305,0
03/05/2018 15:00,0,9.026755333,60.65533905,0
03/05/2018 16:00,0.025119,10.480919,44.64609825,2.163093567
03/05/2018 17:00,0.075117,7.891244,53.6744092,136.9467373
03/05/2018 18:00,0.0126,0,51.18916812,303.8450423
03/05/2018 19:00,0.0126,0,63.32560492,123.533395
03/05/2018 20:00,0.0126,0,75.01758685,8.018912717
03/05/2018 21:00,0.0126,0,78.07247513,0
03/05/2018 22:00,0.0126,0,59.17485712,0
03/05/2018 23:00,0,0,21.22366912,0
04/05/2018 00:00,0,0,10.2835876,0
04/05/2018 01:00,0,0,25.41109702,0
04/05/2018 02:00,0,0,30.99361727,0
04/05/2018 03:00,0,0,39.06859845,0
04/05/2018 04:00,0,0,40.38603697,0.00300015
04/05/2018 05:00,4.962489,0,52.0862999,0.060000483
04/05/2018 06:00,3.395858333,0,54.26451692,0.082000633
04/05/2018 07:00,4.029180667,8.787003333,54.75793055,0.040001183
04/05/2018 08:00,3.845850333,9.664294333,58.55772992,3.33333E-07
04/05/2018 09:00,0,8.880967,60.7410609,7.377945767
04/05/2018 10:00,4.304289667,0,58.22273435,134.9539045
04/05/2018 11:00,4.012628,0,56.18440505,291.9292498
04/05/2018 12:00,4.112511,0,50.86190922,132.7661091
04/05/2018 13:00,0,0,46.99359275,9.978396733
04/05/2018 14:00,0,7.495583667,58.25618272,0
04/05/2018 15:00,0,10.89321,62.5528316,0
04/05/2018 16:00,0.00012,10.91149733,50.47191522,5.356062867
04/05/2018 17:00,0.025119,8.676156,53.14607032,137.4603172
04/05/2018 18:00,0.0126,0,57.21207418,300.401344
04/05/2018 19:00,0.0126,0,69.81808398,125.1449354
04/05/2018 20:00,0.0126,0,76.90949058,8.30010795
04/05/2018 21:00,0.0126,0,76.5135834,0
04/05/2018 22:00,0.0126,0,67.83459082,0
04/05/2018 23:00,0,0,24.15967195,0
05/05/2018 00:00,0,0,12.17191413,0
05/05/2018 01:00,0,0,26.02609943,0
05/05/2018 02:00,0,0,32.17027727,0
05/05/2018 03:00,0,0,45.38275217,0
05/05/2018 04:00,0,0,53.03983897,4.33333E-07
05/05/2018 05:00,4.145835333,0,54.84902787,0.066000883
05/05/2018 06:00,3.645850333,0,53.7558509,0.103000283
05/05/2018 07:00,4.345834333,7.492130333,55.34567138,0.011001633
05/05/2018 08:00,4.012513,11.67975867,54.83773433,0.00000005
05/05/2018 09:00,0,9.695252667,55.75440587,7.597077183
05/05/2018 10:00,4.645959333,0,51.34857973,119.5020937
05/05/2018 11:00,3.979297667,0,54.3494186,293.4552468
05/05/2018 12:00,3.862518,0,57.76023747,147.7532511
05/05/2018 13:00,0,0,52.841089,8.0496498
05/05/2018 14:00,0,6.815656667,59.45869352,0
05/05/2018 15:00,0,9.937522667,60.04868217,0
05/05/2018 16:00,0.00012,9.292664667,45.79693653,6.964297017
05/05/2018 17:00,0.050118,9.934141333,47.18274985,132.9949287
05/05/2018 18:00,0.0126,0,53.50207618,297.9923955
05/05/2018 19:00,0.0126,0,65.10435848,133.0425063
05/05/2018 20:00,0.0126,0,73.09407638,5.574393633
05/05/2018 21:00,0.0126,0,72.41463683,0
05/05/2018 22:00,0.0126,0,57.35909207,0
05/05/2018 23:00,0,0,25.45550222,0
06/05/2018 00:00,0,0,0,0
06/05/2018 01:00,0,0,0,0
06/05/2018 02:00,0,0,0,0
06/05/2018 03:00,0,0,0,0
06/05/2018 04:00,0,0,0,0.0000006
06/05/2018 05:00,3.595846333,0,0,0.026001433
06/05/2018 06:00,4.845824333,0,0,0.10500025
06/05/2018 07:00,3.229190667,7.054672333,0,0.050001017
06/05/2018 08:00,3.879184667,10.348215,0,3.16667E-07
06/05/2018 09:00,0,7.323814,0,9.95417745
06/05/2018 10:00,4.737619,0,0,148.6835766
06/05/2018 11:00,4.095962333,0,0,289.9683004
06/05/2018 12:00,4.279179667,0,0,122.3092453
06/05/2018 13:00,0,0,0,5.621623567
06/05/2018 14:00,0,8.560369667,0,0
06/05/2018 15:00,0,13.18640333,0,0
06/05/2018 16:00,0.025119,10.855766,0,5.3645114
06/05/2018 17:00,0.00012,8.226944333,0,131.5802239
06/05/2018 18:00,0.0126,0,0,300.99086
06/05/2018 19:00,0.0126,0,0,130.9074846
06/05/2018 20:00,0.0126,0,0,7.155040867
06/05/2018 21:00,0.0126,0,0,0
06/05/2018 22:00,0.0126,0,0,0
06/05/2018 23:00,0,0,0,0
07/05/2018 00:00,0,0,9.22943745,0
07/05/2018 01:00,0,0,24.27277443,0
07/05/2018 02:00,0,0,34.34360695,0
07/05/2018 03:00,0,0,41.8210921,0
07/05/2018 04:00,0,0,50.71493673,0
07/05/2018 05:00,4.062508,0,59.27403238,0.036000633
07/05/2018 06:00,5.212493,0,56.87418775,0.085000583
07/05/2018 07:00,4.262513,8.423622,53.56726707,0.060000567
07/05/2018 08:00,3.595853333,9.902503667,57.39939888,0.002000167
07/05/2018 09:00,0,9.136883333,58.5518979,6.691210717
07/05/2018 10:00,3.954298667,0,53.94440803,136.477834
07/05/2018 11:00,3.487636,0,52.78190737,294.4647641
07/05/2018 12:00,4.062506,0,45.37108025,133.8752239
07/05/2018 13:00,0,0,45.57775388,6.628745533
07/05/2018 14:00,0,6.722229333,54.6586915,0
07/05/2018 15:00,0,11.33156933,59.25200538,0
07/05/2018 16:00,0.025119,10.79162233,51.80441763,10.30809413
07/05/2018 17:00,0.025119,8.606975333,52.33941697,132.7195753
07/05/2018 18:00,0.0126,0,55.7776639,294.0620965
07/05/2018 19:00,0.0126,0,71.05325912,130.5303559
07/05/2018 20:00,0.0126,0,77.55291387,7.910213083
07/05/2018 21:00,0.0126,0,78.3926369,0
07/05/2018 22:00,0.0126,0,67.90650107,0
07/05/2018 23:00,0,0,22.96740498,0
08/05/2018 00:00,0,0,7.11108555,0
08/05/2018 01:00,0,0,23.82110253,0
08/05/2018 02:00,0,0,29.89861503,0
08/05/2018 03:00,0,0,40.37026112,0
08/05/2018 04:00,0,0,39.87028642,0.0000003
08/05/2018 05:00,4.629175667,0,49.06079137,0.048000883
08/05/2018 06:00,4.379162667,0,49.7720316,0.06900085
08/05/2018 07:00,3.362516,9.139292333,50.01451662,0.060001
08/05/2018 08:00,4.462504,10.520839,58.31522448,0.0090006
08/05/2018 09:00,0,9.159360333,57.69938492,5.10626275
08/05/2018 10:00,4.054296667,0,52.84439762,128.6172864
08/05/2018 11:00,3.845972333,0,52.6668975,301.0731284
08/05/2018 12:00,3.929179667,0,55.30439837,132.199319
08/05/2018 13:00,0,0,54.22858503,7.354462217
08/05/2018 14:00,0,8.136273,64.42534927,0
08/05/2018 15:00,0,8.61109,66.0761695,0
08/05/2018 16:00,0.025119,11.43480867,52.64025688,8.934761167
08/05/2018 17:00,0.00012,8.855277667,55.42940273,119.0801619
08/05/2018 18:00,0.0126,0,56.71882132,297.8848297
08/05/2018 19:00,0.0126,0,66.61742492,146.4036003
08/05/2018 20:00,0.0126,0,73.3594208,6.934762967
08/05/2018 21:00,0.0126,0,72.44858535,0
08/05/2018 22:00,0.0126,0,62.05108097,0
08/05/2018 23:00,0,0,25.48365977,0
09/05/2018 00:00,0,0,10.9410965,0
09/05/2018 01:00,0,0,24.42111638,0
09/05/2018 02:00,0,0,35.33360933,0
09/05/2018 03:00,0,0,41.31192827,0
09/05/2018 04:00,0,0,46.246532,4.16667E-07
09/05/2018 05:00,3.929177667,0,53.03662687,0.037001383
09/05/2018 06:00,3.562517,0,61.30366735,0.12
09/05/2018 07:00,3.745846333,8.277068333,60.1518377,0.024001133
09/05/2018 08:00,4.579162667,10.55412933,54.70272992,0
09/05/2018 09:00,0,7.610397667,54.71689377,4.505677333
09/05/2018 10:00,4.354288667,0,52.45522845,129.7434858
09/05/2018 11:00,4.212638,0,52.4260723,306.8481238
09/05/2018 12:00,4.279176667,0,51.56023305,128.8660386
09/05/2018 13:00,0,0,52.11357448,4.504745517
09/05/2018 14:00,0,6.968921,62.83368038,0
09/05/2018 15:00,0,12.64460767,69.16115098,0
09/05/2018 16:00,0.025119,9.851713333,57.33524622,7.331978217
09/05/2018 17:00,0.00012,8.597013333,51.15691355,139.1683245
09/05/2018 18:00,0.0126,0,50.74265568,294.7854975
09/05/2018 19:00,0.0126,0,60.38835828,124.221742
09/05/2018 20:00,0.0126,0,67.94585835,9.430195367
09/05/2018 21:00,0.0126,0,67.54699868,0
09/05/2018 22:00,0.0126,0,53.82944058,0
09/05/2018 23:00,0,0,19.60160183,0
10/05/2018 00:00,0,0,11.12275128,0
10/05/2018 01:00,0,0,22.61443887,0
10/05/2018 02:00,0,0,33.14194647,0
10/05/2018 03:00,0,0,40.26942963,0
10/05/2018 04:00,0,0,46.5571972,0.021000033
10/05/2018 05:00,3.879179667,0,54.039867,0.0600006
10/05/2018 06:00,3.779177667,0,63.03341138,0.050001167
10/05/2018 07:00,5.662486,7.698034667,63.13624465,0.051001
10/05/2018 08:00,3.76252,9.250772,61.51189235,0
10/05/2018 09:00,0,8.576981333,59.10939862,7.9877807
10/05/2018 10:00,3.545975333,0,58.10856535,124.0025398
10/05/2018 11:00,4.145953333,0,58.2260606,294.1261461
10/05/2018 12:00,3.862516,0,48.67940748,141.9639487
10/05/2018 13:00,0,0,47.1877587,7.49635895
10/05/2018 14:00,0,7.940404667,62.45117058,0
10/05/2018 15:00,0,12.560464,63.63615623,0
10/05/2018 16:00,0.00012,11.458206,49.59525765,6.482462033
10/05/2018 17:00,0.050118,7.613055667,50.55525608,127.5284267
10/05/2018 18:00,0.0126,0,59.35242032,296.1626644
10/05/2018 19:00,0.0126,0,69.75651877,137.6124981
10/05/2018 20:00,0.0126,0,71.82809957,8.83962645
10/05/2018 21:00,0.0126,0,67.56809698,0
10/05/2018 22:00,0.0126,0,57.01594017,0
10/05/2018 23:00,0,0,22.53599055,0
11/05/2018 00:00,0,0,10.54940852,0
11/05/2018 01:00,0,0,27.38358745,0
11/05/2018 02:00,0,0,38.18525873,0
11/05/2018 03:00,0,0,41.98191777,0
11/05/2018 04:00,0,0,50.5530183,0
11/05/2018 05:00,4.679157667,0,54.16579442,0.007001417
11/05/2018 06:00,4.695833333,0,60.91425503,0.0780007
11/05/2018 07:00,3.912509,6.989122,59.0212634,0.084000217
11/05/2018 08:00,3.595856333,10.14665833,56.73690418,0.014000217
11/05/2018 09:00,0,9.660799,52.67857305,3.74762195
11/05/2018 10:00,4.237626,0,50.9110763,124.8028408
11/05/2018 11:00,4.137633,0,51.20774608,306.201775
11/05/2018 12:00,3.379192667,0,52.8460724,132.7280515
11/05/2018 13:00,0,0,52.03441368,8.1743111
11/05/2018 14:00,0,9.765984,60.45202025,0
11/05/2018 15:00,0,11.69887933,65.20034352,0
11/05/2018 16:00,0.025119,8.636953333,53.8302596,7.14410865
11/05/2018 17:00,0.025119,8.018697,51.49357595,137.5467362
11/05/2018 18:00,0.0126,0,50.59382807,302.7502587
11/05/2018 19:00,0.0126,0,58.67893455,122.990403
11/05/2018 20:00,0.0126,0,69.44832928,4.224341983
11/05/2018 21:00,0.0126,0,64.6254184,0
11/05/2018 22:00,0.0126,0,51.55943663,0
11/05/2018 23:00,0,0,22.56634298,0
12/05/2018 00:00,0,0,10.2794286,0
12/05/2018 01:00,0,0,31.96026563,0
12/05/2018 02:00,0,0,40.30276222,0
12/05/2018 03:00,0,0,44.41191553,0
12/05/2018 04:00,0,0,47.31943908,0.0000002
12/05/2018 05:00,4.212504,0,57.8716218,0.085000317
12/05/2018 06:00,2.929198667,0,54.91711418,0.097000383
12/05/2018 07:00,4.029172667,7.324647333,54.75901808,0.00000155
12/05/2018 08:00,4.779168667,10.128237,54.94023533,0
12/05/2018 09:00,0,8.455290667,51.36690677,5.941081533
12/05/2018 10:00,4.720950333,0,54.60523515,139.2013052
12/05/2018 11:00,4.287625,0,51.4160739,307.7581254
12/05/2018 12:00,3.679188667,0,48.9952462,116.2111785
12/05/2018 13:00,0,0,50.06608377,5.168530417
12/05/2018 14:00,0,8.794564333,62.90202005,0
12/05/2018 15:00,0,10.385814,64.8453338,0
12/05/2018 16:00,0.00012,12.33639233,49.95691965,5.4655018
12/05/2018 17:00,0.050118,8.234556333,53.90940733,125.4125503
12/05/2018 18:00,0.0126,0,55.13091173,305.1164929
12/05/2018 19:00,0.0126,0,67.6174358,133.8097391
12/05/2018 20:00,0.0126,0,73.68874672,5.32526325
12/05/2018 21:00,0.0126,0,66.59750688,0
12/05/2018 22:00,0.0126,0,60.19941803,0
12/05/2018 23:00,0,0,25.21283602,0
13/05/2018 00:00,0,0,0,0
13/05/2018 01:00,0,0,0,0
13/05/2018 02:00,0,0,0,0
13/05/2018 03:00,0,0,0,0
13/05/2018 04:00,0,0,0,5.83333E-07
13/05/2018 05:00,3.379193667,0,0,0.021001117
13/05/2018 06:00,4.079170667,0,0,0.12
13/05/2018 07:00,4.195839333,8.346229,0,0.0410005
13/05/2018 08:00,4.012508,10.06240967,0,0
13/05/2018 09:00,0,8.602054333,0,8.331644267
13/05/2018 10:00,5.079281667,0,0,147.7400855
13/05/2018 11:00,3.520977333,0,0,290.3342496
13/05/2018 12:00,4.395836333,0,0,119.700459
13/05/2018 13:00,0,0,0,10.00154583
13/05/2018 14:00,0,8.027904667,0,0
13/05/2018 15:00,0,9.755155667,0,0
13/05/2018 16:00,0.00012,9.395839,0,4.463896233
13/05/2018 17:00,0.025119,10.62503367,0,126.2293237
13/05/2018 18:00,0.0126,0,0,308.958824
13/05/2018 19:00,0.0126,0,0,128.9949601
13/05/2018 20:00,0.0126,0,0,7.823130383
13/05/2018 21:00,0.0126,0,0,0
13/05/2018 22:00,0.0126,0,0,0
13/05/2018 23:00,0,0,0,0
14/05/2018 00:00,0,0,10.9577421,0
14/05/2018 01:00,0,0,26.76441992,0
14/05/2018 02:00,0,0,38.09110685,0
14/05/2018 03:00,0,0,41.19859773,0
14/05/2018 04:00,0,0,44.22886598,2.16667E-07
14/05/2018 05:00,5.345821333,0,55.48496365,1.71667E-06
14/05/2018 06:00,4.329168667,0,56.44310953,0.11100015
14/05/2018 07:00,3.562525,7.753832,50.33218868,0.06900065
14/05/2018 08:00,3.879174667,9.912558667,50.63607005,0.0000004
14/05/2018 09:00,0,10.42922033,56.62689772,10.15129717
14/05/2018 10:00,3.579309667,0,57.15772478,127.1872897
14/05/2018 11:00,4.062629,0,60.84521907,290.9799314
14/05/2018 12:00,3.879179667,0,58.0860582,138.0590624
14/05/2018 13:00,0,0,56.91190473,8.636458783
14/05/2018 14:00,0,8.320462667,64.84617185,0
14/05/2018 15:00,0,9.941636333,63.6095015,0
14/05/2018 16:00,0.025119,10.99230467,49.32442608,6.816140117
14/05/2018 17:00,0.025119,7.857024333,45.46275997,129.4873903
14/05/2018 18:00,0.0126,0,45.30608662,299.7960947
14/05/2018 19:00,0.0126,0,56.75703405,133.3529693
14/05/2018 20:00,0.0126,0,71.04434343,4.408627417
14/05/2018 21:00,0.0126,0,72.05848625,0
14/05/2018 22:00,0.0126,0,62.23482483,0
14/05/2018 23:00,0,0,25.04618098,0
15/05/2018 00:00,0,0,8.646093617,0
15/05/2018 01:00,0,0,27.1385967,0
15/05/2018 02:00,0,0,35.46527282,0
15/05/2018 03:00,0,0,40.23442702,0
15/05/2018 04:00,0,0,48.44719458,0.003000783
15/05/2018 05:00,4.812497,0,57.03612408,0.09900035
15/05/2018 06:00,3.495855333,0,58.555859,0.086000567
15/05/2018 07:00,5.379144667,8.039685333,52.67184593,0.00000155
15/05/2018 08:00,4.095846333,12.75107033,56.19190407,0
15/05/2018 09:00,0,9.948337,57.16774268,6.401893017
15/05/2018 10:00,3.754303667,0,55.74440708,135.5387842
15/05/2018 11:00,3.879304667,0,51.35107342,303.65681
15/05/2018 12:00,3.195857333,0,50.99524168,123.7959245
15/05/2018 13:00,0,0,51.61274878,5.910208283
15/05/2018 14:00,0,8.566226,62.01451495,0
15/05/2018 15:00,0,9.257741667,60.6245011,0
15/05/2018 16:00,0.050118,9.269450333,49.30359098,4.18516665
15/05/2018 17:00,0.025119,8.003651,56.47857515,127.1011255
15/05/2018 18:00,0.0126,0,59.29765777,297.7034292
15/05/2018 19:00,0.0126,0,72.40542963,137.1035219
15/05/2018 20:00,0.0126,0,76.02832745,9.4565293
15/05/2018 21:00,0.0126,0,73.61616653,0
15/05/2018 22:00,0.0126,0,61.93093008,0
15/05/2018 23:00,0,0,28.80774707,0
16/05/2018 00:00,0,0,8.481100983,0
16/05/2018 01:00,0,0,23.56444205,0
16/05/2018 02:00,0,0,33.88361175,0
16/05/2018 03:00,0,0,39.4402651,0
16/05/2018 04:00,0,0,45.53611738,2.33333E-07
16/05/2018 05:00,3.379185667,0,49.86331578,0.0360014
16/05/2018 06:00,4.012508,0,53.7641241,0.089000517
16/05/2018 07:00,4.695830333,7.117980667,52.88425947,0.055001083
16/05/2018 08:00,3.829180667,9.665959,54.69939767,0.00000055
16/05/2018 09:00,0,7.472857667,51.18690238,5.419258883
16/05/2018 10:00,5.28761,0,51.6610694,123.2909401
16/05/2018 11:00,3.920972333,0,55.88106447,303.9405239
16/05/2018 12:00,3.512521,0,56.65190313,136.6021849
16/05/2018 13:00,0,0,51.42192047,6.339960367
16/05/2018 14:00,0,9.446176,60.7428415,0
16/05/2018 15:00,0,10.28414933,66.07448717,0
16/05/2018 16:00,0.025119,11.91717767,50.40775335,3.711027333
16/05/2018 17:00,0.025119,9.619352333,53.42441405,130.6127884
16/05/2018 18:00,0.0126,0,56.86899673,301.1995288
16/05/2018 19:00,0.0126,0,67.11076795,130.930095
16/05/2018 20:00,0.0126,0,73.28074295,7.705912867
16/05/2018 21:00,0.0126,0,71.0046532,0
16/05/2018 22:00,0.0126,0,57.785497,0
16/05/2018 23:00,0,0,22.65009085,0
17/05/2018 00:00,0,0,9.57274405,0
17/05/2018 01:00,0,0,21.92277147,0
17/05/2018 02:00,0,0,30.49945048,0
17/05/2018 03:00,0,0,35.2886078,0
17/05/2018 04:00,0,0,44.0770351,2.33333E-07
17/05/2018 05:00,3.162524,0,48.8902965,0.0110015
17/05/2018 06:00,3.962511,0,57.51567405,0.092000467
17/05/2018 07:00,4.029175667,7.803023667,54.51593067,0.079000683
17/05/2018 08:00,5.295825333,11.88059,51.8719218,0.005000533
17/05/2018 09:00,0,9.983498,54.03358142,7.838894267
17/05/2018 10:00,4.120967333,0,52.1085802,136.0469677
17/05/2018 11:00,4.604280667,0,54.17107105,313.8998037
17/05/2018 12:00,3.462524,0,53.14023848,116.8773575
17/05/2018 13:00,0,0,54.11024773,2.045657983
17/05/2018 14:00,0,7.960522667,65.67117785,0
17/05/2018 15:00,0,10.62657933,65.69365478,0
17/05/2018 16:00,0.025119,8.372710667,50.10524587,4.989510333
17/05/2018 17:00,0.025119,8.089413333,52.93440122,123.8348911
17/05/2018 18:00,0.0126,0,55.4502323,298.1816453
17/05/2018 19:00,0.0126,0,67.45416913,138.8415287
17/05/2018 20:00,0.0126,0,76.99198623,9.018490817
17/05/2018 21:00,0.0126,0,75.9893916,0
17/05/2018 22:00,0.0126,0,62.10200433,0
17/05/2018 23:00,0,0,21.00141078,0
18/05/2018 00:00,0,0,11.30774478,0
18/05/2018 01:00,0,0,25.34276048,0
18/05/2018 02:00,0,0,36.06860867,0
18/05/2018 03:00,0,0,42.62693018,0
18/05/2018 04:00,0,0,48.63128002,0.004000317
18/05/2018 05:00,4.179175667,0,55.46328807,0.106000033
18/05/2018 06:00,3.262527,0,57.71310842,0.0720008
18/05/2018 07:00,4.245844333,7.404683333,53.20144042,1.38333E-06
18/05/2018 08:00,3.929176667,10.62988367,53.20607848,0
18/05/2018 09:00,0,8.457806667,52.83107023,7.518646767
18/05/2018 10:00,4.737606,0,54.28273342,120.4696948
18/05/2018 11:00,4.612622,0,55.71523403,296.9005626
18/05/2018 12:00,3.645857333,0,55.7644089,141.4896825
18/05/2018 13:00,0,0,52.22525147,6.504144283
18/05/2018 14:00,0,8.532905667,59.95617795,0
18/05/2018 15:00,0,10.58993567,63.43115212,0
18/05/2018 16:00,0.075117,9.290921,53.02940572,10.33011352
18/05/2018 17:00,0.00012,10.19258867,56.12272887,124.196493
18/05/2018 18:00,0.0126,0,56.6914858,286.9987345
18/05/2018 19:00,0.0126,0,58.81970728,147.3790033
18/05/2018 20:00,0.0126,0,70.03351153,8.940277983
18/05/2018 21:00,0.0126,0,66.0445899,0
18/05/2018 22:00,0.0126,0,57.38534638,0
18/05/2018 23:00,0,0,19.04477515,0
19/05/2018 00:00,0,0,5.946090067,0
19/05/2018 01:00,0,0,17.15694313,0
19/05/2018 02:00,0,0,34.43694142,0
19/05/2018 03:00,0,0,44.68109612,0
19/05/2018 04:00,0,0,53.24135803,0
19/05/2018 05:00,4.295840333,0,55.33797317,0.050000633
19/05/2018 06:00,4.779166667,0,54.5942037,0.12
19/05/2018 07:00,4.779161667,7.978008667,57.45834785,0.015001167
19/05/2018 08:00,3.145865333,10.29002467,60.68773777,0.0000003
19/05/2018 09:00,0,8.800249667,56.83690607,4.80197725
19/05/2018 10:00,3.495975333,0,56.59107055,144.9890164
19/05/2018 11:00,3.879296667,0,53.81524167,299.4045433
19/05/2018 12:00,4.262502,0,53.69773423,122.5627627
19/05/2018 13:00,0,0,54.26607502,6.426443083
19/05/2018 14:00,0,9.295201667,61.67950652,0
19/05/2018 15:00,0,10.37490567,66.13782025,0
19/05/2018 16:00,0.050118,9.771757333,53.24774493,4.6928139
19/05/2018 17:00,0.00012,8.79602,57.75939927,117.4442639
19/05/2018 18:00,0.0126,0,61.41341077,293.9511805
19/05/2018 19:00,0.0126,0,72.31792237,150.627332
19/05/2018 20:00,0.0126,0,74.25532353,9.259928783
19/05/2018 21:00,0.0126,0,65.20532985,0
19/05/2018 22:00,0.0126,0,51.9516136,0
19/05/2018 23:00,0,0,24.58759587,0
20/05/2018 00:00,0,0,0,0
20/05/2018 01:00,0,0,0,0
20/05/2018 02:00,0,0,0,0
20/05/2018 03:00,0,0,0,0
20/05/2018 04:00,0,0,0,3.83333E-07
20/05/2018 05:00,4.995828333,0,0,0.015001367
20/05/2018 06:00,4.112496,0,0,0.12
20/05/2018 07:00,3.529187667,7.240433667,0,0.04500125
20/05/2018 08:00,3.395861333,8.432720667,0,2.83333E-07
20/05/2018 09:00,0,7.468129667,0,7.658479533
20/05/2018 10:00,3.545977333,0,0,156.837174
20/05/2018 11:00,4.529295667,0,0,297.1065973
20/05/2018 12:00,4.529161667,0,0,107.9859516
20/05/2018 13:00,0,0,0,6.527359533
20/05/2018 14:00,0,8.384615333,0,0
20/05/2018 15:00,0,12.80691267,0,0
20/05/2018 16:00,0.050118,12.882893,0,5.754745683
20/05/2018 17:00,0.00012,8.072133333,0,131.3095566
20/05/2018 18:00,0.0126,0,0,305.8911256
20/05/2018 19:00,0.0126,0,0,128.0955068
20/05/2018 20:00,0.0126,0,0,4.527295033
20/05/2018 21:00,0.0126,0,0,0
20/05/2018 22:00,0.0126,0,0,0
20/05/2018 23:00,0,0,0,0
21/05/2018 00:00,0,0,9.154417533,0
21/05/2018 01:00,0,0,23.9044332,0
21/05/2018 02:00,0,0,34.95777958,0
21/05/2018 03:00,0,0,41.9635981,0
21/05/2018 04:00,0,0,41.5047883,1.66667E-07
21/05/2018 05:00,3.962513,0,46.78522572,0.032001083
21/05/2018 06:00,4.062516,0,53.5592739,0.112000133
21/05/2018 07:00,4.712499,7.973794,51.1691045,0.03900065
21/05/2018 08:00,3.829177667,9.203517,51.31023865,0
21/05/2018 09:00,0,8.050273667,55.3443972,8.580244583
21/05/2018 10:00,4.345958333,0,56.95773545,137.2066838
21/05/2018 11:00,4.170956333,0,56.42440085,289.2156992
21/05/2018 12:00,3.579186667,0,53.62691272,133.6318734
21/05/2018 13:00,0,0,52.12608642,7.223480167
21/05/2018 14:00,0,9.358616,63.32200808,0
21/05/2018 15:00,0,9.889242333,67.19866643,0
21/05/2018 16:00,0.00012,11.25227567,56.53024478,4.162677
21/05/2018 17:00,0.025119,9.334366333,60.64856415,130.9942392
21/05/2018 18:00,0.0126,0,58.95956692,307.5119882
21/05/2018 19:00,0.0126,0,68.18559752,127.5835239
21/05/2018 20:00,0.0126,0,79.02340093,4.177245417
21/05/2018 21:00,0.0126,0,72.77730617,0
21/05/2018 22:00,0.0126,0,60.40549908,0
21/05/2018 23:00,0,0,18.39099552,0
22/05/2018 00:00,0,0,4.873601917,0
22/05/2018 01:00,0,0,17.75279047,0
22/05/2018 02:00,0,0,29.44195493,0
22/05/2018 03:00,0,0,37.2227651,0
22/05/2018 04:00,0,0,39.38478642,0.013000283
22/05/2018 05:00,4.529165667,0,47.78138118,0.103000283
22/05/2018 06:00,4.329170667,0,51.17985315,0.065000917
22/05/2018 07:00,2.945864333,8.232931667,50.32501798,1.43333E-06
22/05/2018 08:00,3.579186667,11.04490867,52.04024273,3.16667E-07
22/05/2018 09:00,0,9.351799333,61.10272747,6.64511375
22/05/2018 10:00,4.862615,0,60.91856347,128.6046585
22/05/2018 11:00,4.06263,0,55.68690502,296.7756293
22/05/2018 12:00,4.329175667,0,61.01938147,134.1896054
22/05/2018 13:00,0,0,62.1693881,10.37641002
22/05/2018 14:00,0,8.921959333,66.14616967,0
22/05/2018 15:00,0,9.183495,65.00949685,0
22/05/2018 16:00,0.025119,10.05156133,54.40774588,7.8849253
22/05/2018 17:00,0.025119,8.242071333,56.4677344,134.797438
22/05/2018 18:00,0.0126,0,55.01983608,285.5229207
22/05/2018 19:00,0.0126,0,62.36668048,138.4566855
22/05/2018 20:00,0.0126,0,68.24242552,8.986845667
22/05/2018 21:00,0.0126,0,63.27700118,0
22/05/2018 22:00,0.0126,0,53.70325732,0
22/05/2018 23:00,0,0,20.44852005,0
23/05/2018 00:00,0,0,7.959420283,0
23/05/2018 01:00,0,0,21.42527378,0
23/05/2018 02:00,0,0,28.23695073,0
23/05/2018 03:00,0,0,39.59192425,0
23/05/2018 04:00,0,0,44.34377418,5.33333E-07
23/05/2018 05:00,2.879199667,0,47.26136695,0.041001133
23/05/2018 06:00,4.062515,0,51.66694708,0.05700105
23/05/2018 07:00,3.445858333,8.288771,49.0794458,0.061000983
23/05/2018 08:00,4.345838333,9.797686667,52.28940645,0.0220008
23/05/2018 09:00,0,8.317788667,53.06941013,7.784280383
23/05/2018 10:00,4.745945333,0,50.82857985,132.3847252
23/05/2018 11:00,4.762619,0,60.1210622,282.4015208
23/05/2018 12:00,4.395832333,0,63.02438962,144.7065469
23/05/2018 13:00,0,0,59.88024535,7.901359883
23/05/2018 14:00,0,8.816193,65.96867667,0
23/05/2018 15:00,0,11.41150833,71.12864827,0
23/05/2018 16:00,0.00012,10.13491067,57.66356975,5.840762083
23/05/2018 17:00,0.050118,8.014457333,53.15523507,131.3737442
23/05/2018 18:00,0.0126,0,53.8404156,294.1095291
23/05/2018 19:00,0.0126,0,62.96893657,135.3206364
23/05/2018 20:00,0.0126,0,74.00209248,9.370494283
23/05/2018 21:00,0.0126,0,71.24682278,0
23/05/2018 22:00,0.0126,0,53.35518683,0
23/05/2018 23:00,0,0,20.51351178,0
24/05/2018 00:00,0,0,8.226932367,0
24/05/2018 01:00,0,0,22.58610568,0
24/05/2018 02:00,0,0,36.81527497,0
24/05/2018 03:00,0,0,43.15026132,0
24/05/2018 04:00,0,0,46.66961627,0
24/05/2018 05:00,4.345838333,0,46.8229717,0.03500085
24/05/2018 06:00,3.529181667,0,47.56670792,0.12
24/05/2018 07:00,3.612513,7.668076667,50.59310522,0.03100075
24/05/2018 08:00,4.695833333,11.245627,52.6844098,0
24/05/2018 09:00,0,7.835398667,52.77857165,12.2035067
24/05/2018 10:00,4.045966333,0,58.1119019,137.9134512
24/05/2018 11:00,4.787621,0,61.50856455,288.1859002
24/05/2018 12:00,3.595855333,0,58.78856092,131.8309078
24/05/2018 13:00,0,0,53.79607225,5.099215417
24/05/2018 14:00,0,8.273723,64.46449498,0
24/05/2018 15:00,0,13.30869933,63.57199235,0
24/05/2018 16:00,0.050118,9.049306333,53.0102505,10.04362763
24/05/2018 17:00,0.025119,7.447940667,54.97857305,150.3048013
24/05/2018 18:00,0.0126,0,55.1734106,294.5489293
24/05/2018 19:00,0.0126,0,60.87768398,119.9769412
24/05/2018 20:00,0.0126,0,67.57300193,3.13081295
24/05/2018 21:00,0.0126,0,65.23465973,0
24/05/2018 22:00,0.0126,0,54.7779286,0
24/05/2018 23:00,0,0,21.99418142,0
25/05/2018 00:00,0,0,9.1602643,0
25/05/2018 01:00,0,0,23.86361098,0
25/05/2018 02:00,0,0,33.883611,0
25/05/2018 03:00,0,0,38.2686035,0
25/05/2018 04:00,0,0,42.96796542,4.33333E-07
25/05/2018 05:00,3.695847333,0,51.96229897,0.0770002
25/05/2018 06:00,4.029182667,0,58.22552887,0.09900035
25/05/2018 07:00,4.329173667,7.832853667,53.91234007,0.004001367
25/05/2018 08:00,4.295837333,11.02387633,51.56523847,4.83333E-07
25/05/2018 09:00,0,9.670109667,52.0844057,14.86130978
25/05/2018 10:00,5.354272667,0,50.96357872,147.9353951
25/05/2018 11:00,3.720966333,0,53.64440642,285.1787847
25/05/2018 12:00,3.212528,0,58.57773487,122.8704902
25/05/2018 13:00,0,0,56.15357597,5.465230383
25/05/2018 14:00,0,7.745506667,62.62450548,0
25/05/2018 15:00,0,8.939461333,63.80449688,0
25/05/2018 16:00,0.00012,11.09903833,51.0427529,4.583315317
25/05/2018 17:00,0.050118,9.184455333,52.18524383,122.8725792
25/05/2018 18:00,0.0126,0,52.4044159,305.5216079
25/05/2018 19:00,0.0126,0,70.35908812,139.1907391
25/05/2018 20:00,0.0126,0,75.8707373,5.121095783
25/05/2018 21:00,0.0126,0,75.5289798,0
25/05/2018 22:00,0.0126,0,58.73242108,0
25/05/2018 23:00,0,0,17.9969331,0
26/05/2018 00:00,0,0,6.855269883,0
26/05/2018 01:00,0,0,23.1619492,0
26/05/2018 02:00,0,0,35.74610503,0
26/05/2018 03:00,0,0,43.62858783,0
26/05/2018 04:00,0,0,46.72752455,7.16667E-07
26/05/2018 05:00,3.679183667,0,51.40438408,0.0360014
26/05/2018 06:00,4.379167667,0,59.04367908,0.088000533
26/05/2018 07:00,3.945851333,9.254472333,55.29325742,0.058000783
26/05/2018 08:00,4.379165667,9.655764,61.91938568,0.00000045
26/05/2018 09:00,0,7.697168333,60.21105625,4.856126
26/05/2018 10:00,3.454303667,0,51.65857773,133.7359029
26/05/2018 11:00,3.479315667,0,48.21608052,312.7542555
26/05/2018 12:00,5.295821333,0,50.3144126,124.8867228
26/05/2018 13:00,0,0,49.73441873,3.06800855
26/05/2018 14:00,0,8.235504667,60.76701115,0
26/05/2018 15:00,0,9.790151667,65.42699008,0
26/05/2018 16:00,0.025119,11.530668,55.56607702,7.89417935
26/05/2018 17:00,0.050118,8.555898,56.4002392,145.7435182
26/05/2018 18:00,0.0126,0,52.75650093,297.1987963
26/05/2018 19:00,0.0126,0,60.6052744,121.9663979
26/05/2018 20:00,0.0126,0,68.19809773,3.887999283
26/05/2018 21:00,0.0126,0,64.24874573,0
26/05/2018 22:00,0.0126,0,52.30318478,0
26/05/2018 23:00,0,0,18.29260045,0
27/05/2018 00:00,0,0,0,0
27/05/2018 01:00,0,0,0,0
27/05/2018 02:00,0,0,0,0
27/05/2018 03:00,0,0,0,0
27/05/2018 04:00,0,0,0,0
27/05/2018 05:00,5.045824333,0,0,0.042000483
27/05/2018 06:00,3.929188667,0,0,0.12
27/05/2018 07:00,4.195831333,8.48365,0,0.020001067
27/05/2018 08:00,3.545859333,12.19976767,0,0.0000003
27/05/2018 09:00,0,7.969626333,0,8.27689535
27/05/2018 10:00,4.41262,0,0,142.2392836
27/05/2018 11:00,4.554284667,0,0,299.7804103
27/05/2018 12:00,2.979198667,0,0,119.3536127
27/05/2018 13:00,0,0,0,7.1131088
27/05/2018 14:00,0,9.420974,0,0
27/05/2018 15:00,0,9.616669333,0,0
27/05/2018 16:00,0.00012,9.932545667,0,6.793525133
27/05/2018 17:00,0.025119,8.169566333,0,138.0052674
27/05/2018 18:00,0.0126,0,0,294.2656315
27/05/2018 19:00,0.0126,0,0,130.1261406
27/05/2018 20:00,0.0126,0,0,6.261197233
27/05/2018 21:00,0.0126,0,0,0
27/05/2018 22:00,0.0126,0,0,0
27/05/2018 23:00,0,0,0,0
28/05/2018 00:00,0,0,7.44609765,0
28/05/2018 01:00,0,0,20.2619522,0
28/05/2018 02:00,0,0,33.57110613,0
28/05/2018 03:00,0,0,37.75193738,0
28/05/2018 04:00,0,0,41.40396538,3.83333E-07
28/05/2018 05:00,3.929179667,0,51.32613942,0.0340012
28/05/2018 06:00,4.695833333,0,61.44376563,0.06900085
28/05/2018 07:00,3.695850333,6.134066,57.70734272,0.0600005
28/05/2018 08:00,4.462499,9.835883,62.64272202,0.0180002
28/05/2018 09:00,0,11.025659,60.48105762,11.64271415
28/05/2018 10:00,3.770971333,0,58.59939295,150.0883326
28/05/2018 11:00,3.945966333,0,58.23438688,282.1182532
28/05/2018 12:00,4.162507,0,56.6593981,124.5133268
28/05/2018 13:00,0,0,52.08274847,8.0964147
28/05/2018 14:00,0,9.295937,64.68534475,0
28/05/2018 15:00,0,9.32611,72.55031258,0
28/05/2018 16:00,0.025119,9.351828333,54.19274925,11.58802707
28/05/2018 17:00,0.00012,10.17922933,48.08025578,145.4894971
28/05/2018 18:00,0.0126,0,45.93393043,280.6381884
28/05/2018 19:00,0.0126,0,61.41302722,131.0788416
28/05/2018 20:00,0.0126,0,66.53743852,7.292130083
28/05/2018 21:00,0.0126,0,66.63157762,0
28/05/2018 22:00,0.0126,0,63.3663252,0
28/05/2018 23:00,0,0,28.82025522,0
29/05/2018 00:00,0,0,9.894433433,0
29/05/2018 01:00,0,0,23.64193448,0
29/05/2018 02:00,0,0,37.05776367,0
29/05/2018 03:00,0,0,44.78691928,0
29/05/2018 04:00,0,0,48.87169778,0.0000006
29/05/2018 05:00,3.362523,0,53.66429813,0.025001583
29/05/2018 06:00,4.562504,0,52.47495272,0.12
29/05/2018 07:00,3.479186667,6.862415333,50.94335343,0.035001317
29/05/2018 08:00,3.995840333,9.940957,57.08106152,0
29/05/2018 09:00,0,8.276036,58.7168945,7.074661433
29/05/2018 10:00,4.754284667,0,56.47190152,135.2986367
29/05/2018 11:00,4.320954333,0,58.323561,289.3832843
29/05/2018 12:00,4.162515,0,55.15106765,135.8571662
29/05/2018 13:00,0,0,52.14441553,8.173976217
29/05/2018 14:00,0,10.675846,62.10034723,0
29/05/2018 15:00,0,11.63459467,67.33450122,0
29/05/2018 16:00,0.025119,8.488598,54.14608143,7.64797915
29/05/2018 17:00,0.025119,8.925344667,57.90190095,138.3422404
29/05/2018 18:00,0.0126,0,53.87009558,295.7708297
29/05/2018 19:00,0.0126,0,62.00853235,127.748652
29/05/2018 20:00,0.0126,0,72.61800893,6.863175517
29/05/2018 21:00,0.0126,0,68.60326107,0
29/05/2018 22:00,0.0126,0,58.92402043,0
29/05/2018 23:00,0,0,22.25351585,0
30/05/2018 00:00,0,0,7.798589633,0
30/05/2018 01:00,0,0,20.66694073,0
30/05/2018 02:00,0,0,31.83944623,0
30/05/2018 03:00,0,0,35.24610017,0
30/05/2018 04:00,0,0,37.15295278,0
30/05/2018 05:00,3.512522,0,44.13687802,1.33333E-06
30/05/2018 06:00,4.529162667,0,48.26311525,0.1080002
30/05/2018 07:00,3.245858333,8.820306667,43.5601144,0.074000767
30/05/2018 08:00,4.912493,11.64566,48.60857628,2.83333E-07
30/05/2018 09:00,0,7.524535333,54.96939985,6.77756415
30/05/2018 10:00,4.562625,0,56.52773555,121.1712644
30/05/2018 11:00,3.454309667,0,55.95439593,297.0077281
30/05/2018 12:00,4.445836333,0,61.04355363,146.1066339
30/05/2018 13:00,0,0,64.9310616,8.17604595
30/05/2018 14:00,0,6.654129,72.95449425,0
30/05/2018 15:00,0,10.16412333,68.58949213,0
30/05/2018 16:00,0.025119,11.65884333,55.23357865,5.012797967
30/05/2018 17:00,0.00012,8.351987333,55.13440887,121.8726451
30/05/2018 18:00,0.0126,0,52.63408175,308.6866554
30/05/2018 19:00,0.0126,0,66.22642842,135.8356031
30/05/2018 20:00,0.0126,0,73.78799887,5.4349643
30/05/2018 21:00,0.0126,0,68.4627471,0
30/05/2018 22:00,0.0126,0,55.12185182,0
30/05/2018 23:00,0,0,24.56016447,0
31/05/2018 00:00,0,0,9.247752617,0
31/05/2018 01:00,0,0,23.38610032,0
31/05/2018 02:00,0,0,27.43945082,0
31/05/2018 03:00,0,0,42.55442827,0
31/05/2018 04:00,0,0,49.75044713,2.83333E-07
31/05/2018 05:00,3.645848333,0,59.6018825,0.033001317
31/05/2018 06:00,3.529186667,0,61.25910413,0.12
31/05/2018 07:00,4.062506,8.522750667,56.02817827,0.027001017
31/05/2018 08:00,4.429171667,11.92385533,55.67107083,1.16667E-07
31/05/2018 09:00,0,7.931212,54.96273872,8.0664138
31/05/2018 10:00,4.545961333,0,55.96607222,149.843339
31/05/2018 11:00,5.079282667,0,59.79856577,299.1780934
31/05/2018 12:00,3.345851333,0,58.34773532,111.829263
31/05/2018 13:00,0,0,52.13857765,7.04252575
31/05/2018 14:00,0,6.564710333,61.19367918,0
31/05/2018 15:00,0,10.12257867,64.12781972,0
31/05/2018 16:00,0.025119,10.71925033,50.77108092,8.1127816
31/05/2018 17:00,0.025119,8.279554333,52.09774082,140.0848679
31/05/2018 18:00,0.0126,0,49.86374457,295.7673124
31/05/2018 19:00,0.0126,0,58.9797796,126.5217785
31/05/2018 20:00,0.0126,0,71.27075082,5.777894833
31/05/2018 21:00,0.0126,0,70.56340245,0
31/05/2018 22:00,0.0126,0,59.37917333,0
31/05/2018 23:00,0,0,22.18200135,0
01/06/2018 00:00,0,0,7.372768233,0
01/06/2018 01:00,0,0,22.76778343,0
01/06/2018 02:00,0,0,36.34194585,0
01/06/2018 03:00,0,0,41.23442998,0
01/06/2018 04:00,0,0,44.59145115,4.16667E-07
01/06/2018 05:00,3.929177667,0,53.335633,0.083000133
01/06/2018 06:00,4.012508,0,53.64661163,0.103000283
01/06/2018 07:00,4.529170667,8.050409667,48.72269628,1.01667E-06
01/06/2018 08:00,3.729184667,10.66000667,49.5560811,0
01/06/2018 09:00,0,9.234289333,49.58107772,8.573123583
01/06/2018 10:00,4.387626,0,51.0819084,138.4001532
01/06/2018 11:00,4.620950333,0,48.77857138,295.8293124
01/06/2018 12:00,3.429190667,0,45.4585773,124.5985449
01/06/2018 13:00,0,0,47.51358055,7.53534255
01/06/2018 14:00,0,6.786539,60.83034373,0
01/06/2018 15:00,0,10.06926033,66.0719876,0
01/06/2018 16:00,0.025119,12.09393133,54.70441455,5.629277867
01/06/2018 17:00,0.025119,8.765219667,53.49773707,137.9099691
01/06/2018 18:00,0.0126,0,54.35765343,310.4032739
01/06/2018 19:00,0.0126,0,67.78000097,119.6370108
01/06/2018 20:00,0.0126,0,78.91256452,2.6464442
01/06/2018 21:00,0.0126,0,70.88998197,0
01/06/2018 22:00,0.0126,0,58.18907853,0
01/06/2018 23:00,0,0,23.00892467,0
02/06/2018 00:00,0,0,6.58609445,0
02/06/2018 01:00,0,0,21.50943772,0
02/06/2018 02:00,0,0,32.50611635,0
02/06/2018 03:00,0,0,38.63693638,0
02/06/2018 04:00,0,0,49.5271112,5.33333E-07
02/06/2018 05:00,3.295854333,0,53.74062463,0.0660008
02/06/2018 06:00,5.629140667,0,52.832948,0.100000333
02/06/2018 07:00,3.66252,7.731284,54.98143537,0.0140013
02/06/2018 08:00,3.562525,11.65734567,56.32190018,3.33333E-08
02/06/2018 09:00,0,9.455107667,51.03357833,7.675776767
02/06/2018 10:00,3.679309667,0,54.05107243,130.8086243
02/06/2018 11:00,4.304292667,0,52.322744,301.570527
02/06/2018 12:00,4.479166667,0,52.20524195,128.7605134
02/06/2018 13:00,0,0,56.83774098,7.26857315
02/06/2018 14:00,0,7.888846,62.50617645,0
02/06/2018 15:00,0,10.23014667,71.34031788,0
02/06/2018 16:00,0.075117,10.998242,59.3310708,7.757076583
02/06/2018 17:00,0.00012,7.816971333,59.25273087,128.6280071
02/06/2018 18:00,0.0126,0,63.39672242,296.6104621
02/06/2018 19:00,0.0126,0,75.82275557,135.4375042
02/06/2018 20:00,0.0126,0,74.48766147,6.761462633
02/06/2018 21:00,0.0126,0,66.07106813,0
02/06/2018 22:00,0.0126,0,48.59669035,0
02/06/2018 23:00,0,0,20.0503497,0
03/06/2018 00:00,0,0,0,0
03/06/2018 01:00,0,0,0,0
03/06/2018 02:00,0,0,0,0
03/06/2018 03:00,0,0,0,0
03/06/2018 04:00,0,0,0,0.0070001
03/06/2018 05:00,3.929171667,0,0,0.063000467
03/06/2018 06:00,4.362505,0,0,0.083000617
03/06/2018 07:00,3.312527,7.920493667,0,0.027001117
03/06/2018 08:00,4.445836333,12.22961067,0,0
03/06/2018 09:00,0,9.437019333,0,9.52615905
03/06/2018 10:00,4.145964333,0,0,131.2052362
03/06/2018 11:00,5.037613,0,0,289.9087479
03/06/2018 12:00,3.429189667,0,0,137.3930378
03/06/2018 13:00,0,0,0,9.760595283
03/06/2018 14:00,0,6.779760333,0,0
03/06/2018 15:00,0,12.29717167,0,0
03/06/2018 16:00,0.00012,9.998303,0,7.288411233
03/06/2018 17:00,0.025119,7.129781333,0,118.7385111
03/06/2018 18:00,0.0126,0,0,309.5804567
03/06/2018 19:00,0.0126,0,0,136.2025373
03/06/2018 20:00,0.0126,0,0,3.38081095
03/06/2018 21:00,0.0126,0,0,0
03/06/2018 22:00,0.0126,0,0,0
03/06/2018 23:00,0,0,0,0
04/06/2018 00:00,0,0,9.946913733,0
04/06/2018 01:00,0,0,27.75276462,0
04/06/2018 02:00,0,0,34.7044393,0
04/06/2018 03:00,0,0,40.73193068,0
04/06/2018 04:00,0,0,47.38511897,7.16667E-07
04/06/2018 05:00,4.445833333,0,49.79305872,0.026001567
04/06/2018 06:00,3.945853333,0,51.6467941,0.08100065
04/06/2018 07:00,5.029162667,9.869249333,56.91101145,0.06400035
04/06/2018 08:00,4.195837333,10.068599,55.68439513,0.009000367
04/06/2018 09:00,0,8.772828667,59.18105358,9.8623788
04/06/2018 10:00,4.11264,0,57.61939147,134.9415407
04/06/2018 11:00,3.587631,0,58.33356263,281.607135
04/06/2018 12:00,3.345849333,0,54.02440748,138.756453
04/06/2018 13:00,0,0,48.63442263,8.7691805
04/06/2018 14:00,0,7.705548667,57.13618885,0
04/06/2018 15:00,0,11.210755,55.8878358,0
04/06/2018 16:00,0.00012,10.24895533,43.5660914,6.035280917
04/06/2018 17:00,0.025119,8.161996333,48.70441205,135.1405925
04/06/2018 18:00,0.0126,0,59.43207552,291.6238326
04/06/2018 19:00,0.0126,0,68.91527235,136.2803848
04/06/2018 20:00,0.0126,0,74.28199923,7.1225421
04/06/2018 21:00,0.0126,0,72.95706693,0
04/06/2018 22:00,0.0126,0,59.06869022,0
04/06/2018 23:00,0,0,24.57891793,0
05/06/2018 00:00,0,0,9.478597983,0
05/06/2018 01:00,0,0,25.11777445,0
05/06/2018 02:00,0,0,30.64693837,0
05/06/2018 03:00,0,0,38.74192525,0
05/06/2018 04:00,0,0,46.49969672,0
05/06/2018 05:00,4.179177667,0,54.14704768,0.012000917
05/06/2018 06:00,4.512501,0,56.83811227,0.098000367
05/06/2018 07:00,3.812512,9.319294333,57.0326023,0.070000233
05/06/2018 08:00,4.712491,8.984348333,56.75607308,4.33333E-07
05/06/2018 09:00,0,10.56659533,55.4777453,3.52084355
05/06/2018 10:00,3.520973333,0,53.9485798,120.3006624
05/06/2018 11:00,4.270958333,0,55.35607382,316.090851
05/06/2018 12:00,3.629194667,0,55.79856458,130.3617084
05/06/2018 13:00,0,0,55.20191037,5.466365533
05/06/2018 14:00,0,8.003147667,65.3428301,0
05/06/2018 15:00,0,11.00407033,66.62282293,0
05/06/2018 16:00,0.025119,10.74661733,55.0160809,9.881140883
05/06/2018 17:00,0.025119,7.412154333,54.25441263,129.1219531
05/06/2018 18:00,0.0126,0,57.74023962,306.1756592
05/06/2018 19:00,0.0126,0,69.86751315,126.8105016
05/06/2018 20:00,0.0126,0,72.12175792,4.802377167
05/06/2018 21:00,0.0126,0,64.47333925,0
05/06/2018 22:00,0.0126,0,58.79892082,0
05/06/2018 23:00,0,0,21.7466745,0
06/06/2018 00:00,0,0,11.67690868,0
06/06/2018 01:00,0,0,26.60526083,0
06/06/2018 02:00,0,0,33.5886107,0
06/06/2018 03:00,0,0,43.74692055,0
06/06/2018 04:00,0,0,46.56744653,0.006000633
06/06/2018 05:00,4.629168667,0,56.6957871,0.071000817
06/06/2018 06:00,4.112519,0,61.51167412,0.0840006
06/06/2018 07:00,4.479161667,9.052003333,58.00691542,0.022001633
06/06/2018 08:00,4.16251,10.938144,59.65105185,0.0000007
06/06/2018 09:00,0,6.755595667,56.60939332,6.855261433
06/06/2018 10:00,3.579304667,0,52.47190485,121.2361948
06/06/2018 11:00,3.262637,0,50.7819067,299.2910618
06/06/2018 12:00,4.412507,0,50.50107315,140.9167716
06/06/2018 13:00,0,0,46.5535882,6.472948067
06/06/2018 14:00,0,8.901172,57.72116433,0
06/06/2018 15:00,0,9.110183667,60.31116222,0
06/06/2018 16:00,0.050118,12.46967467,51.94942012,6.2777615
06/06/2018 17:00,0.00012,8.928619,51.83691117,127.4695748
06/06/2018 18:00,0.0126,0,51.03525835,304.213143
06/06/2018 19:00,0.0126,0,61.58802728,132.0420197
06/06/2018 20:00,0.0126,0,65.04869607,6.23045775
06/06/2018 21:00,0.0126,0,66.2250877,0
06/06/2018 22:00,0.0126,0,55.97535388,0
06/06/2018 23:00,0,0,22.33885132,0
07/06/2018 00:00,0,0,6.3702613,0
07/06/2018 01:00,0,0,22.4836117,0
07/06/2018 02:00,0,0,29.72777507,0
07/06/2018 03:00,0,0,36.51609365,0
07/06/2018 04:00,0,0,48.90602973,0
07/06/2018 05:00,4.079168667,0,57.44888272,0.001001367
07/06/2018 06:00,3.779186667,0,62.45393815,0.116000067
07/06/2018 07:00,4.945824333,7.961176,58.41117797,0.064000533
07/06/2018 08:00,4.345845333,9.826734333,59.82189772,0.0000003
07/06/2018 09:00,0,7.458043667,57.77523452,8.963032483
07/06/2018 10:00,3.979293667,0,50.39774367,143.3557709
07/06/2018 11:00,3.345973333,0,51.59357623,293.7779646
07/06/2018 12:00,4.162516,0,54.05856577,123.6558276
07/06/2018 13:00,0,0,52.71690843,6.3083632
07/06/2018 14:00,0,8.424627333,63.6745059,0
07/06/2018 15:00,0,11.80891133,72.59280793,0
07/06/2018 16:00,0.050118,12.40382933,51.11692287,9.455308433
07/06/2018 17:00,0.00012,8.013765,44.96192697,130.4828043
07/06/2018 18:00,0.0126,0,46.52350532,283.8006527
07/06/2018 19:00,0.0126,0,64.437513,142.6255013
07/06/2018 20:00,0.0126,0,77.05356635,8.963827933
07/06/2018 21:00,0.0126,0,75.17015988,0
07/06/2018 22:00,0.0126,0,55.58877713,0
07/06/2018 23:00,0,0,19.93175905,0
08/06/2018 00:00,0,0,10.08442265,0
08/06/2018 01:00,0,0,24.66360922,0
08/06/2018 02:00,0,0,38.44860143,0
08/06/2018 03:00,0,0,40.32776228,0
08/06/2018 04:00,0,0,39.29562265,0
08/06/2018 05:00,3.729178667,0,45.86922435,0.027000933
08/06/2018 06:00,4.229180667,0,47.3966975,0.092000467
08/06/2018 07:00,3.279188667,10.665878,47.13752407,0.061000633
08/06/2018 08:00,4.312503,8.987745667,51.69940488,3.66667E-07
08/06/2018 09:00,0,7.468065667,55.73273068,7.322992817
08/06/2018 10:00,4.029300667,0,55.31023257,125.863506
08/06/2018 11:00,4.387622,0,55.07690315,309.5365235
08/06/2018 12:00,4.645835333,0,57.324401,127.9034219
08/06/2018 13:00,0,0,57.21190738,4.825527133
08/06/2018 14:00,0,9.367781667,61.18035058,0
08/06/2018 15:00,0,11.365506,60.93783717,0
08/06/2018 16:00,0.050118,8.665281667,55.22858083,9.94905845
08/06/2018 17:00,0.025119,9.003537,59.3102292,143.0249044
08/06/2018 18:00,0.0126,0,60.91948823,292.9787306
08/06/2018 19:00,0.0126,0,69.31552023,127.5951759
08/06/2018 20:00,0.0126,0,74.99349855,5.644182
08/06/2018 21:00,0.0126,0,68.66623977,0
08/06/2018 22:00,0.0126,0,60.06750545,0
08/06/2018 23:00,0,0,24.81499813,0
09/06/2018 00:00,0,0,8.103585433,0
09/06/2018 01:00,0,0,28.48192787,0
09/06/2018 02:00,0,0,43.56276707,0
09/06/2018 03:00,0,0,43.08276193,0
09/06/2018 04:00,0,0,44.54762325,0.015000167
09/06/2018 05:00,5.112484,0,46.33856517,0.060000783
09/06/2018 06:00,3.795846333,0,52.00068852,0.071000817
09/06/2018 07:00,3.329194667,6.463106667,51.33267748,0.0350014
09/06/2018 08:00,4.129175667,12.55207067,51.63273412,1.16667E-07
09/06/2018 09:00,0,8.97593,52.36106898,6.989111217
09/06/2018 10:00,4.737621,0,52.63523718,116.1838455
09/06/2018 11:00,4.270956333,0,55.01189962,305.5111069
09/06/2018 12:00,3.312528,0,56.80440397,140.8887697
09/06/2018 13:00,0,0,52.16608005,5.78494455
09/06/2018 14:00,0,9.263665,55.5161939,0
09/06/2018 15:00,0,9.341934333,57.85534145,0
09/06/2018 16:00,0.00012,10.18256967,52.83941017,4.582274167
09/06/2018 17:00,0.00012,9.149493333,53.81189735,117.4352722
09/06/2018 18:00,0.0126,0,54.79174422,304.3067757
09/06/2018 19:00,0.0126,0,62.52409547,141.115506
09/06/2018 20:00,0.0126,0,69.25441015,8.50421205
09/06/2018 21:00,0.0126,0,65.87241562,0
09/06/2018 22:00,0.0126,0,61.18592392,0
09/06/2018 23:00,0,0,26.23632415,0
10/06/2018 00:00,0,0,0,0
10/06/2018 01:00,0,0,0,0
10/06/2018 02:00,0,0,0,0
10/06/2018 03:00,0,0,0,0
10/06/2018 04:00,0,0,0,0.00000075
10/06/2018 05:00,3.062526,0,0,0.01500175
10/06/2018 06:00,4.379175667,0,0,0.107000217
10/06/2018 07:00,4.279172667,6.878973,0,0.061000383
10/06/2018 08:00,3.262527,10.42246267,0,0
10/06/2018 09:00,0,9.231892333,0,7.0347444
10/06/2018 10:00,4.745950333,0,0,129.2997702
10/06/2018 11:00,3.879298667,0,0,307.754657
10/06/2018 12:00,5.029157667,0,0,125.2019917
10/06/2018 13:00,0,0,0,6.91766075
10/06/2018 14:00,0,8.006236,0,0
10/06/2018 15:00,0,11.015631,0,0
10/06/2018 16:00,0.025119,11.63731067,0,9.339766083
10/06/2018 17:00,0.025119,8.511273,0,138.0210729
10/06/2018 18:00,0.0126,0,0,299.8096604
10/06/2018 19:00,0.0126,0,0,126.6723396
10/06/2018 20:00,0.0126,0,0,4.902382033
10/06/2018 21:00,0.0126,0,0,0
10/06/2018 22:00,0.0126,0,0,0
10/06/2018 23:00,0,0,0,0
11/06/2018 00:00,0,0,6.790265317,0
11/06/2018 01:00,0,0,22.65610648,0
11/06/2018 02:00,0,0,35.17026782,0
11/06/2018 03:00,0,0,38.88442992,0
11/06/2018 04:00,0,0,43.06770302,0
11/06/2018 05:00,4.412508,0,56.27028653,0.035000733
11/06/2018 06:00,4.179174667,0,57.1770209,0.12
11/06/2018 07:00,4.062511,9.314321333,52.90652373,0.029001517
11/06/2018 08:00,3.595852333,11.013241,55.19440225,3.16667E-07
11/06/2018 09:00,0,7.073100667,51.60356972,8.0194452
11/06/2018 10:00,3.420981333,0,55.97439922,119.946143
11/06/2018 11:00,4.312617,0,56.35023388,287.9623852
11/06/2018 12:00,4.629164667,0,50.78607927,148.686648
11/06/2018 13:00,0,0,49.88109072,12.64071112
11/06/2018 14:00,0,7.585545667,67.74283697,0
11/06/2018 15:00,0,10.01769467,69.41865443,0
11/06/2018 16:00,0.050118,12.51357133,53.34691602,5.09841135
11/06/2018 17:00,0.025119,8.414595333,51.91857688,137.309331
11/06/2018 18:00,0.0126,0,52.41182587,308.508358
11/06/2018 19:00,0.0126,0,65.14700527,118.0092259
11/06/2018 20:00,0.0126,0,75.32733047,6.32399065
11/06/2018 21:00,0.0126,0,68.40360285,0
11/06/2018 22:00,0.0126,0,57.98759723,0
11/06/2018 23:00,0,0,22.39725615,0
12/06/2018 00:00,0,0,8.05358705,0
12/06/2018 01:00,0,0,24.80777143,0
12/06/2018 02:00,0,0,38.58527227,0
12/06/2018 03:00,0,0,46.95692255,0
12/06/2018 04:00,0,0,46.78636432,2.16667E-07
12/06/2018 05:00,4.595834333,0,48.42773233,0.019001417
12/06/2018 06:00,4.395834333,0,54.02569585,0.100000333
12/06/2018 07:00,4.879166667,9.827604667,53.43842667,0.0690008
12/06/2018 08:00,3.545844333,12.70229967,50.79773315,6.66667E-08
12/06/2018 09:00,0,8.663587,49.46107163,4.4267792
12/06/2018 10:00,3.454309667,0,47.37358087,125.451656
12/06/2018 11:00,4.295963333,0,44.73275828,297.8168134
12/06/2018 12:00,3.495854333,0,50.07440553,137.7549887
12/06/2018 13:00,0,0,52.74774097,10.53234632
12/06/2018 14:00,0,6.983907,64.90700907,0
12/06/2018 15:00,0,9.939170333,66.81032127,0
12/06/2018 16:00,0.025119,11.32149233,51.60274835,6.65262825
12/06/2018 17:00,0.00012,7.728811,50.49690725,127.1542249
12/06/2018 18:00,0.0126,0,53.38682493,308.8743233
12/06/2018 19:00,0.0126,0,66.05484597,129.7108939
12/06/2018 20:00,0.0126,0,77.3482435,4.3484152
12/06/2018 21:00,0.0126,0,71.30333385,0
12/06/2018 22:00,0.0126,0,63.72217002,0
12/06/2018 23:00,0,0,28.2136601,0
13/06/2018 00:00,0,0,6.212764383,0
13/06/2018 01:00,0,0,20.71027927,0
13/06/2018 02:00,0,0,28.32361943,0
13/06/2018 03:00,0,0,35.88360537,0
13/06/2018 04:00,0,0,43.73645548,1.33333E-07
13/06/2018 05:00,5.579145667,0,52.92371875,0.003001883
13/06/2018 06:00,4.279175667,0,56.9972596,0.11700005
13/06/2018 07:00,4.179172667,9.187808667,58.52284177,0.062000233
13/06/2018 08:00,3.779179667,11.17993667,64.59521542,0
13/06/2018 09:00,0,10.78003967,56.74523525,7.456375917
13/06/2018 10:00,3.137649,0,51.24941052,130.0435224
13/06/2018 11:00,4.212626,0,49.84608518,291.1985313
13/06/2018 12:00,3.495858333,0,49.37941878,134.5089811
13/06/2018 13:00,0,0,55.19774677,13.30622863
13/06/2018 14:00,0,7.640543667,64.76700913,0
13/06/2018 15:00,0,7.847823667,66.02199923,0
13/06/2018 16:00,0.025119,10.720752,53.75607972,6.128941133
13/06/2018 17:00,0.00012,8.681905333,56.06023552,141.8870493
13/06/2018 18:00,0.0126,0,57.94774512,299.3466783
13/06/2018 19:00,0.0126,0,70.0340991,122.1951795
13/06/2018 20:00,0.0126,0,79.40283048,4.895707767
13/06/2018 21:00,0.0126,0,74.46865502,0
13/06/2018 22:00,0.0126,0,59.12152112,0
13/06/2018 23:00,0,0,26.34292295,0
14/06/2018 00:00,0,0,7.076091733,0
14/06/2018 01:00,0,0,22.78110933,0
14/06/2018 02:00,0,0,34.9769418,0
14/06/2018 03:00,0,0,38.9544378,0
14/06/2018 04:00,0,0,49.9536132,0
14/06/2018 05:00,4.812497,0,54.09638453,1.33333E-06
14/06/2018 06:00,4.429166667,0,56.66226367,0.074000767
14/06/2018 07:00,3.612523,6.732252333,57.93908188,0.1020003
14/06/2018 08:00,4.929156667,9.231849333,54.42522898,0.00400085
14/06/2018 09:00,0,8.547968667,59.51855693,7.63659195
14/06/2018 10:00,4.345955333,0,60.2827264,138.5763022
14/06/2018 11:00,3.087655,0,59.93856427,298.9976097
14/06/2018 12:00,3.395855333,0,55.74773963,123.3149588
14/06/2018 13:00,0,0,54.51108048,7.371228383
14/06/2018 14:00,0,7.397100333,61.28534128,0
14/06/2018 15:00,0,11.94063,63.44699067,0
14/06/2018 16:00,0.050118,13.84447067,52.2902529,6.4959629
14/06/2018 17:00,0.025119,7.964470333,49.4169162,135.8682212
14/06/2018 18:00,0.0126,0,50.25174485,307.8284738
14/06/2018 19:00,0.0126,0,60.29878135,121.7515729
14/06/2018 20:00,0.0126,0,68.80733942,4.45850835
14/06/2018 21:00,0.0126,0,70.28165943,0
14/06/2018 22:00,0.0126,0,55.57817285,0
14/06/2018 23:00,0,0,22.57066823,0
15/06/2018 00:00,0,0,8.945262417,0
15/06/2018 01:00,0,0,23.68610748,0
15/06/2018 02:00,0,0,31.73027667,0
15/06/2018 03:00,0,0,36.37276592,0
15/06/2018 04:00,0,0,40.72778353,0
15/06/2018 05:00,3.795850333,0,46.90864373,0.02300115
15/06/2018 06:00,4.329172667,0,50.84593785,0.103000283
15/06/2018 07:00,4.495833333,7.010500667,50.58077417,0.0540011
15/06/2018 08:00,4.495831333,10.52248967,51.03441242,0.0000002
15/06/2018 09:00,0,9.188591,54.39523495,8.1590769
15/06/2018 10:00,3.845972333,0,52.5960614,136.5999847
15/06/2018 11:00,3.845971333,0,55.11688937,301.0789108
15/06/2018 12:00,3.829176667,0,57.40605632,124.3434212
15/06/2018 13:00,0,0,57.82190443,6.6126466
15/06/2018 14:00,0,9.993512,66.81950818,0
15/06/2018 15:00,0,10.60171933,68.80366412,0
15/06/2018 16:00,0.025119,10.96883733,53.47941052,6.1993927
15/06/2018 17:00,0.025119,7.626425,47.67525227,122.7031581
15/06/2018 18:00,0.0126,0,50.18566675,300.9597781
15/06/2018 19:00,0.0126,0,68.1700018,139.8063441
15/06/2018 20:00,0.0126,0,74.50908555,6.027021967
15/06/2018 21:00,0.0126,0,68.66367132,0
15/06/2018 22:00,0.0126,0,57.63733688,0
15/06/2018 23:00,0,0,23.13642293,0
16/06/2018 00:00,0,0,10.40191435,0
16/06/2018 01:00,0,0,31.25525132,0
16/06/2018 02:00,0,0,42.95691633,0
16/06/2018 03:00,0,0,43.43524778,0
16/06/2018 04:00,0,0,51.311768,0.009000667
16/06/2018 05:00,4.762494,0,54.13127842,0.11100015
16/06/2018 06:00,3.829182667,0,51.96752945,0.060001
16/06/2018 07:00,4.412509,7.338934,50.20618143,1.31667E-06
16/06/2018 08:00,3.212526,9.506011,52.18023737,0
16/06/2018 09:00,0,8.994580333,49.04524613,6.746227983
16/06/2018 10:00,3.437639,0,49.63774258,121.5323608
16/06/2018 11:00,4.279288667,0,53.70940315,292.5506479
16/06/2018 12:00,4.729167667,0,57.52023888,146.6818023
16/06/2018 13:00,0,0,56.74692113,8.206251167
16/06/2018 14:00,0,9.668425,66.43452547,0
16/06/2018 15:00,0,11.925562,65.3570021,0
16/06/2018 16:00,0.025119,8.417655667,52.46858527,9.361044083
16/06/2018 17:00,0.00012,9.707668667,50.51858113,131.2863219
16/06/2018 18:00,0.0126,0,53.57400525,292.2887316
16/06/2018 19:00,0.0126,0,65.16676898,136.1920754
16/06/2018 20:00,0.0126,0,73.30766933,8.487846417
16/06/2018 21:00,0.0126,0,64.85701037,0
16/06/2018 22:00,0.0126,0,53.4766094,0
16/06/2018 23:00,0,0,25.97575833,0
17/06/2018 00:00,0,0,0,0
17/06/2018 01:00,0,0,0,0
17/06/2018 02:00,0,0,0,0
17/06/2018 03:00,0,0,0,0
17/06/2018 04:00,0,0,0,0.033000583
17/06/2018 05:00,3.379182667,0,0,0.058001033
17/06/2018 06:00,3.979177667,0,0,0.058001033
17/06/2018 07:00,4.362508,7.856276,0,0.033001433
17/06/2018 08:00,4.16251,9.455025667,0,4.16667E-07
17/06/2018 09:00,0,9.903359,0,7.394238783
17/06/2018 10:00,4.854283667,0,0,129.3245184
17/06/2018 11:00,3.137643,0,0,300.7784757
17/06/2018 12:00,4.812501,0,0,131.7460891
17/06/2018 13:00,0,0,0,7.121759517
17/06/2018 14:00,0,7.512282333,0,0
17/06/2018 15:00,0,11.363183,0,0
17/06/2018 16:00,0.00012,10.16004367,0,3.724615
17/06/2018 17:00,0.00012,9.471112,0,121.4179471
17/06/2018 18:00,0.0126,0,0,312.1191726
17/06/2018 19:00,0.0126,0,0,135.7860699
17/06/2018 20:00,0.0126,0,0,4.621365533
17/06/2018 21:00,0.0126,0,0,0
17/06/2018 22:00,0.0126,0,0,0
17/06/2018 23:00,0,0,0,0
18/06/2018 00:00,0,0,6.808584233,0
18/06/2018 01:00,0,0,21.85944103,0
18/06/2018 02:00,0,0,36.96777383,0
18/06/2018 03:00,0,0,46.29192545,0
18/06/2018 04:00,0,0,46.408195,4.33333E-07
18/06/2018 05:00,4.862495,0,50.21980477,0.06700075
18/06/2018 06:00,3.829180667,0,58.12035348,0.106000233
18/06/2018 07:00,2.962534,8.789492333,61.65900258,0.007001467
18/06/2018 08:00,5.012492,11.02988567,63.286059,3.66667E-07
18/06/2018 09:00,0,10.100838,57.59940777,7.597077633
18/06/2018 10:00,4.354289667,0,57.07857642,123.1541556
18/06/2018 11:00,3.337646,0,58.71856638,301.6164932
18/06/2018 12:00,4.279170667,0,56.72523115,137.7043689
18/06/2018 13:00,0,0,54.01357458,5.317208967
18/06/2018 14:00,0,8.037229333,61.13868135,0
18/06/2018 15:00,0,9.326106,63.06449133,0
18/06/2018 16:00,0.050118,10.123239,49.24691907,5.644644733
18/06/2018 17:00,0.00012,8.608611,48.94440615,141.8687349
18/06/2018 18:00,0.0126,0,52.6788256,295.7713633
18/06/2018 19:00,0.0126,0,58.78627717,128.1618056
18/06/2018 20:00,0.0126,0,69.59492622,4.93522525
18/06/2018 21:00,0.0126,0,72.30023927,0
18/06/2018 22:00,0.0126,0,58.11767843,0
18/06/2018 23:00,0,0,22.79143167,0
19/06/2018 00:00,0,0,9.626095683,0
19/06/2018 01:00,0,0,22.56110687,0
19/06/2018 02:00,0,0,36.7794434,0
19/06/2018 03:00,0,0,40.2586022,0
19/06/2018 04:00,0,0,46.46069577,6.66667E-08
19/06/2018 05:00,3.395856333,0,51.62671727,0.026001517
19/06/2018 06:00,4.495840333,0,55.5099389,0.077000717
19/06/2018 07:00,3.745850333,8.321964333,51.2584303,0.064000433
19/06/2018 08:00,4.579166667,11.11481167,51.17357518,0.013000383
19/06/2018 09:00,0,7.638067667,55.56772885,5.715700217
19/06/2018 10:00,4.112636,0,58.15605698,123.6900987
19/06/2018 11:00,3.937633,0,56.26023135,306.5897402
19/06/2018 12:00,4.395824333,0,57.66939628,132.8741341
19/06/2018 13:00,0,0,55.92690642,6.3556569
19/06/2018 14:00,0,7.974644333,64.44033955,0
19/06/2018 15:00,0,9.821900333,58.68450255,0
19/06/2018 16:00,0.025119,12.08721567,47.77359557,9.158611767
19/06/2018 17:00,0.00012,8.610210667,51.43107473,140.8104792
19/06/2018 18:00,0.0126,0,51.84265252,295.2658658
19/06/2018 19:00,0.0126,0,67.346597,124.3881546
19/06/2018 20:00,0.0126,0,72.66490283,6.60518985
19/06/2018 21:00,0.0126,0,64.56609633,0
19/06/2018 22:00,0.0126,0,50.40736108,0
19/06/2018 23:00,0,0,22.06273827,0
20/06/2018 00:00,0,0,6.92692985,0
20/06/2018 01:00,0,0,21.42944268,0
20/06/2018 02:00,0,0,32.6986102,0
20/06/2018 03:00,0,0,41.38192968,0
20/06/2018 04:00,0,0,45.71044517,0
20/06/2018 05:00,3.945842333,0,51.67029525,0.074000183
20/06/2018 06:00,4.345837333,0,51.43086568,0.106000233
20/06/2018 07:00,3.479190667,10.243537,52.44660068,1.46667E-06
20/06/2018 08:00,4.079176667,12.14900533,51.50857183,1.33333E-07
20/06/2018 09:00,0,8.037811667,48.97107325,5.341159917
20/06/2018 10:00,4.895949333,0,49.6802364,127.4439445
20/06/2018 11:00,4.262628,0,51.48773568,300.3591104
20/06/2018 12:00,3.629183667,0,49.3919092,135.2023702
20/06/2018 13:00,0,0,52.35191593,7.659078583
20/06/2018 14:00,0,8.570375667,67.119507,0
20/06/2018 15:00,0,10.36245267,65.86283702,0
20/06/2018 16:00,0.025119,9.168462,56.68274267,6.81109465
20/06/2018 17:00,0.025119,7.497130333,59.40606362,145.9875706
20/06/2018 18:00,0.0126,0,56.95950297,298.5541452
20/06/2018 19:00,0.0126,0,70.29293747,119.9710127
20/06/2018 20:00,0.0126,0,73.05417057,4.561912717
20/06/2018 21:00,0.0126,0,72.19141515,0
20/06/2018 22:00,0.0126,0,59.25834533,0
20/06/2018 23:00,0,0,22.8029172,0
21/06/2018 00:00,0,0,6.529432083,0
21/06/2018 01:00,0,0,21.16277365,0
21/06/2018 02:00,0,0,34.33111092,0
21/06/2018 03:00,0,0,39.81693158,0
21/06/2018 04:00,0,0,47.83578547,0
21/06/2018 05:00,5.029158667,0,54.1119718,0.03600075
21/06/2018 06:00,3.112528,0,56.12194707,0.092000467
21/06/2018 07:00,3.612522,8.645347667,54.31218842,0.052001133
21/06/2018 08:00,3.345857333,9.730026667,55.84107062,3.16667E-07
21/06/2018 09:00,0,8.182889667,56.96273332,8.854930217
21/06/2018 10:00,4.295958333,0,58.60856342,132.0240926
21/06/2018 11:00,5.395941333,0,59.111064,288.6085339
21/06/2018 12:00,3.845842333,0,56.82190408,138.2424234
21/06/2018 13:00,0,0,55.58857338,9.658149
21/06/2018 14:00,0,8.617147333,68.35950408,0
21/06/2018 15:00,0,11.54980667,71.87199455,0
21/06/2018 16:00,0.050118,10.778134,65.04357312,6.2073079
21/06/2018 17:00,0.00012,8.565341667,62.51439927,127.9149062
21/06/2018 18:00,0.0126,0,56.84775092,307.590041
21/06/2018 19:00,0.0126,0,67.28052053,129.101325
21/06/2018 20:00,0.0126,0,75.97657957,5.082910317
21/06/2018 21:00,0.0126,0,64.84265962,0
21/06/2018 22:00,0.0126,0,55.4992606,0
21/06/2018 23:00,0,0,23.99061112,0
22/06/2018 00:00,0,0,8.261929833,0
22/06/2018 01:00,0,0,21.10861397,0
22/06/2018 02:00,0,0,32.80194587,0
22/06/2018 03:00,0,0,40.01942707,0
22/06/2018 04:00,0,0,46.67328567,0.00000005
22/06/2018 05:00,3.245855333,0,52.99371825,0.05400105
22/06/2018 06:00,4.245838333,0,49.15179198,0.112000133
22/06/2018 07:00,4.395832333,8.066224,42.55486587,0.018001167
22/06/2018 08:00,4.495844333,12.785418,49.24274018,5.83333E-07
22/06/2018 09:00,0,7.121503,53.47606917,9.9793944
22/06/2018 10:00,4.845946333,0,57.54939518,143.0858178
22/06/2018 11:00,3.845965333,0,59.94855947,283.0396194
22/06/2018 12:00,3.562526,0,62.14855993,132.1790188
22/06/2018 13:00,0,0,67.20439612,7.62076285
22/06/2018 14:00,0,7.679701333,77.48450637,0
22/06/2018 15:00,0,10.51155333,78.44199113,0
22/06/2018 16:00,0.025119,10.710762,64.12441132,8.136928317
22/06/2018 17:00,0.025119,8.973619,56.7402425,148.972016
22/06/2018 18:00,0.0126,0,55.16941382,298.8239446
22/06/2018 19:00,0.0126,0,62.19001097,113.5768614
22/06/2018 20:00,0.0126,0,69.7566623,5.192809767
22/06/2018 21:00,0.0126,0,65.30656967,0
22/06/2018 22:00,0.0126,0,56.68101223,0
22/06/2018 23:00,0,0,23.4295113,0
23/06/2018 00:00,0,0,8.09526085,0
23/06/2018 01:00,0,0,29.98943488,0
23/06/2018 02:00,0,0,40.97360192,0
23/06/2018 03:00,0,0,51.434413,0
23/06/2018 04:00,0,0,52.6911952,5.83333E-07
23/06/2018 05:00,2.995866333,0,52.8289743,0.047000617
23/06/2018 06:00,2.962535,0,55.38976992,0.0540011
23/06/2018 07:00,4.129175667,7.824713333,51.82684375,0.060000883
23/06/2018 08:00,4.645832333,10.79920533,55.49856588,0.019000017
23/06/2018 09:00,0,8.629430333,55.60023663,6.004279
23/06/2018 10:00,5.495932333,0,54.61273577,136.9621576
23/06/2018 11:00,4.095967333,0,53.60440247,304.9750586
23/06/2018 12:00,4.312499,0,50.92856993,121.0533149
23/06/2018 13:00,0,0,51.27857308,7.87043205
23/06/2018 14:00,0,7.337186333,61.21534253,0
23/06/2018 15:00,0,12.405612,59.15116985,0
23/06/2018 16:00,0.00012,9.602649667,45.83942582,8.316542133
23/06/2018 17:00,0.050118,9.615757,43.8235877,138.4233843
23/06/2018 18:00,0.0126,0,46.45001853,294.280481
23/06/2018 19:00,0.0126,0,63.98085982,125.160145
23/06/2018 20:00,0.0126,0,78.20599203,9.353328083
23/06/2018 21:00,0.0126,0,74.07715268,0
23/06/2018 22:00,0.0126,0,58.20850907,0
23/06/2018 23:00,0,0,22.52116935,0
24/06/2018 00:00,0,0,0,0
24/06/2018 01:00,0,0,0,0
24/06/2018 02:00,0,0,0,0
24/06/2018 03:00,0,0,0,0
24/06/2018 04:00,0,0,0,0.02600005
24/06/2018 05:00,3.795846333,0,0,0.065000317
24/06/2018 06:00,4.012511,0,0,0.064000933
24/06/2018 07:00,3.979182667,7.249701333,0,0.026001333
24/06/2018 08:00,3.595849333,11.15417433,0,0
24/06/2018 09:00,0,8.090362667,0,5.551709517
24/06/2018 10:00,4.18763,0,0,129.1517574
24/06/2018 11:00,4.704280667,0,0,306.363824
24/06/2018 12:00,4.362508,0,0,129.7777575
24/06/2018 13:00,0,0,0,5.73112735
24/06/2018 14:00,0,9.205160667,0,0
24/06/2018 15:00,0,11.96473567,0,0
24/06/2018 16:00,0.025119,9.720167667,0,7.7999103
24/06/2018 17:00,0.025119,8.225401667,0,138.8656977
24/06/2018 18:00,0.0126,0,0,303.2480585
24/06/2018 19:00,0.0126,0,0,119.9786627
24/06/2018 20:00,0.0126,0,0,5.559697483
24/06/2018 21:00,0.0126,0,0,0
24/06/2018 22:00,0.0126,0,0,0
24/06/2018 23:00,0,0,0,0
25/06/2018 00:00,0,0,9.286084267,0
25/06/2018 01:00,0,0,23.60360877,0
25/06/2018 02:00,0,0,31.82111597,0
25/06/2018 03:00,0,0,42.59192897,0
25/06/2018 04:00,0,0,48.20661547,6.66667E-07
25/06/2018 05:00,3.812519,0,53.61713343,0.1140001
25/06/2018 06:00,3.829177667,0,55.91652585,0.07500075
25/06/2018 07:00,4.6625,7.163982,55.00725638,0.0000016
25/06/2018 08:00,3.979178667,11.75061,51.98190578,6.66667E-08
25/06/2018 09:00,0,8.858583,44.94025363,8.542001617
25/06/2018 10:00,4.279288667,0,45.86942793,140.535786
25/06/2018 11:00,4.212637,0,50.76691987,281.9087706
25/06/2018 12:00,3.812509,0,54.0710723,136.9940174
25/06/2018 13:00,0,0,56.12108045,8.6587394
25/06/2018 14:00,0,9.529536333,62.54701817,0
25/06/2018 15:00,0,9.666797333,66.4553285,0
25/06/2018 16:00,0.050118,8.939370333,62.0610645,4.3838079
25/06/2018 17:00,0.050118,10.02240067,59.76856938,146.5041822
25/06/2018 18:00,0.0126,0,60.26190687,309.3842228
25/06/2018 19:00,0.0126,0,71.38425735,111.0067022
25/06/2018 20:00,0.0126,0,78.25941462,4.770446117
25/06/2018 21:00,0.0126,0,69.32306932,0
25/06/2018 22:00,0.0126,0,56.3103459,0
25/06/2018 23:00,0,0,25.08158022,0
26/06/2018 00:00,0,0,7.026919917,0
26/06/2018 01:00,0,0,24.7560936,0
26/06/2018 02:00,0,0,38.58776825,0
26/06/2018 03:00,0,0,46.47025523,0
26/06/2018 04:00,0,0,50.17169605,0
26/06/2018 05:00,3.895850333,0,59.51987603,0.082000117
26/06/2018 06:00,3.679183667,0,62.45101712,0.097000383
26/06/2018 07:00,3.545851333,7.668096667,54.07177283,0.002001617
26/06/2018 08:00,4.312503,11.668081,54.050243,0.0000003
26/06/2018 09:00,0,8.610431667,50.88607595,7.3389621
26/06/2018 10:00,4.212625,0,49.1394118,128.7532727
26/06/2018 11:00,4.36263,0,51.65606945,296.7358456
26/06/2018 12:00,4.629164667,0,54.70356765,134.4084032
26/06/2018 13:00,0,0,54.84524383,7.473077117
26/06/2018 14:00,0,8.445397667,68.62200592,0
26/06/2018 15:00,0,12.268063,68.94699277,0
26/06/2018 16:00,0.025119,10.178317,56.9227476,4.6533602
26/06/2018 17:00,0.025119,7.499488333,53.86775157,124.290161
26/06/2018 18:00,0.0126,0,52.18124685,308.2196733
26/06/2018 19:00,0.0126,0,64.03052875,131.1529065
26/06/2018 20:00,0.0126,0,73.57558552,6.909876117
26/06/2018 21:00,0.0126,0,66.50582678,0
26/06/2018 22:00,0.0126,0,53.4743352,0
26/06/2018 23:00,0,0,22.1631816,0
27/06/2018 00:00,0,0,9.00443105,0
27/06/2018 01:00,0,0,24.70110328,0
27/06/2018 02:00,0,0,39.29359342,0
27/06/2018 03:00,0,0,47.57524112,0
27/06/2018 04:00,0,0,51.7753503,8.33333E-08
27/06/2018 05:00,4.712496,0,58.35853417,0.00000195
27/06/2018 06:00,4.412506,0,62.3611754,0.09900035
27/06/2018 07:00,2.929196667,10.288354,53.40685357,0.086000567
27/06/2018 08:00,4.529166667,9.672479667,56.27690043,0.0000007
27/06/2018 09:00,0,9.437769667,54.09940985,6.020250417
27/06/2018 10:00,4.995952333,0,50.49274255,139.2185365
27/06/2018 11:00,3.079313667,0,50.40190258,304.1317924
27/06/2018 12:00,4.029174667,0,53.88273202,123.8638369
27/06/2018 13:00,0,0,51.36025442,3.638191167
27/06/2018 14:00,0,7.733858,60.80535668,0
27/06/2018 15:00,0,8.652724667,67.98865578,0
27/06/2018 16:00,0.00012,12.122999,55.04107512,8.893049017
27/06/2018 17:00,0.00012,8.184677333,59.55689613,131.5011406
27/06/2018 18:00,0.0126,0,51.88975435,297.558464
27/06/2018 19:00,0.0126,0,60.42552923,132.6243403
27/06/2018 20:00,0.0126,0,70.22242882,6.631966133
27/06/2018 21:00,0.0126,0,64.78083182,0
27/06/2018 22:00,0.0126,0,50.55736142,0
27/06/2018 23:00,0,0,18.57060527,0
28/06/2018 00:00,0,0,7.55692885,0
28/06/2018 01:00,0,0,24.76026695,0
28/06/2018 02:00,0,0,35.89109848,0
28/06/2018 03:00,0,0,42.75608605,0
28/06/2018 04:00,0,0,48.51210495,3.33333E-08
28/06/2018 05:00,3.362529,0,46.6298927,0.071000767
28/06/2018 06:00,3.962508,0,50.4841165,0.11700005
28/06/2018 07:00,4.412507,8.728716,49.92228197,0.0030015
28/06/2018 08:00,4.895825333,10.07755167,45.8635851,0.00000045
28/06/2018 09:00,0,8.709577333,56.45189783,7.70638375
28/06/2018 10:00,3.812634,0,59.34355608,125.8170091
28/06/2018 11:00,4.670953333,0,59.3485558,294.6192298
28/06/2018 12:00,3.545850333,0,59.26355467,137.4235011
28/06/2018 13:00,0,0,48.6994197,8.6048618
28/06/2018 14:00,0,7.655380667,53.02369388,0
28/06/2018 15:00,0,11.630619,57.69866755,0
28/06/2018 16:00,0.025119,8.047074333,46.29359008,4.1301497
28/06/2018 17:00,0.00012,10.63826,48.78441107,119.1052156
28/06/2018 18:00,0.0126,0,50.1621572,301.1777268
28/06/2018 19:00,0.0126,0,66.14567525,146.4403153
28/06/2018 20:00,0.0126,0,78.59191392,7.3943278
28/06/2018 21:00,0.0126,0,76.36532438,0
28/06/2018 22:00,0.0126,0,61.54000833,0
28/06/2018 23:00,0,0,26.73373553,0
29/06/2018 00:00,0,0,6.9269274,0
29/06/2018 01:00,0,0,26.93610403,0
29/06/2018 02:00,0,0,37.00942933,0
29/06/2018 03:00,0,0,44.06691853,0
29/06/2018 04:00,0,0,49.38585443,3.33333E-07
29/06/2018 05:00,4.479168667,0,56.76436567,0.080000667
29/06/2018 06:00,4.279163667,0,58.93235477,0.101000317
29/06/2018 07:00,3.795841333,6.718922,58.24333583,0.00000185
29/06/2018 08:00,3.779181667,10.07503267,54.0660645,0.0000004
29/06/2018 09:00,0,8.546208,54.24190602,9.221216267
29/06/2018 10:00,4.004299667,0,55.6027334,135.497272
29/06/2018 11:00,3.954307667,0,54.2827334,293.7355129
29/06/2018 12:00,4.345845333,0,52.76940317,128.5875093
29/06/2018 13:00,0,0,52.3910827,8.901961983
29/06/2018 14:00,0,8.702905667,62.32535268,0
29/06/2018 15:00,0,8.701015,65.93949978,0
29/06/2018 16:00,0.025119,10.97654633,47.42775935,7.884744733
29/06/2018 17:00,0.025119,11.80655433,47.8769191,134.166256
29/06/2018 18:00,0.0126,0,47.97476488,296.3299794
29/06/2018 19:00,0.0126,0,65.05777633,128.3098541
29/06/2018 20:00,0.0126,0,76.03807348,8.752943733
29/06/2018 21:00,0.0126,0,67.43434023,0
29/06/2018 22:00,0.0126,0,55.41001427,0
29/06/2018 23:00,0,0,21.98701107,0
30/06/2018 00:00,0,0,5.9327667,0
30/06/2018 01:00,0,0,21.18361083,0
30/06/2018 02:00,0,0,36.11610172,0
30/06/2018 03:00,0,0,44.1985838,0
30/06/2018 04:00,0,0,48.22401998,0.001000467
30/06/2018 05:00,4.579163667,0,52.48621803,0.022001633
30/06/2018 06:00,4.495834333,0,55.23643308,0.103000283
30/06/2018 07:00,3.762513,9.094486333,53.11718687,0.05700095
30/06/2018 08:00,4.6125,12.81622133,56.17023707,0.00000035
30/06/2018 09:00,0,10.10515467,57.45022843,8.066543
30/06/2018 10:00,3.945968333,0,54.40439355,145.1638476
30/06/2018 11:00,3.695971333,0,56.82522378,299.5789112
30/06/2018 12:00,3.545857333,0,56.35690192,116.9592365
30/06/2018 13:00,0,0,59.91441123,4.340091817
30/06/2018 14:00,0,6.529044,65.03952138,0
30/06/2018 15:00,0,9.884079333,63.41034748,0
30/06/2018 16:00,0.025119,11.13495467,50.0677641,7.673577617
30/06/2018 17:00,0.025119,6.838884,47.66275227,126.1480395
30/06/2018 18:00,0.0126,0,44.83516862,299.0728635
30/06/2018 19:00,0.0126,0,61.65001835,138.0289221
30/06/2018 20:00,0.0126,0,73.12532347,5.192947133
30/06/2018 21:00,0.0126,0,70.5185714,0
30/06/2018 22:00,0.0126,0,59.58650383,0
30/06/2018 23:00,0,0,23.10567195,0
01/07/2018 00:00,0,0,0,0
01/07/2018 01:00,0,0,0,0
01/07/2018 02:00,0,0,0,0
01/07/2018 03:00,0,0,0,0
01/07/2018 04:00,0,0,0,3.33333E-07
01/07/2018 05:00,4.645829333,0,0,0.023001167
01/07/2018 06:00,3.495855333,0,0,0.109000183
01/07/2018 07:00,3.562514,5.695867667,0,0.0480012
01/07/2018 08:00,4.6125,10.11431533,0,0.00000055
01/07/2018 09:00,0,9.457638667,0,7.542794883
01/07/2018 10:00,3.404310667,0,0,132.5447689
01/07/2018 11:00,5.287609,0,0,307.1215404
01/07/2018 12:00,3.629189667,0,0,125.2677933
01/07/2018 13:00,0,0,0,5.91812725
01/07/2018 14:00,0,9.272710667,0,0
01/07/2018 15:00,0,11.475725,0,0
01/07/2018 16:00,0.050118,11.79234767,0,8.5743288
01/07/2018 17:00,0.00012,9.377713667,0,135.7789367
01/07/2018 18:00,0.0126,0,0,300.0052597
01/07/2018 19:00,0.0126,0,0,125.5282861
01/07/2018 20:00,0.0126,0,0,5.028491267
01/07/2018 21:00,0.0126,0,0,0
01/07/2018 22:00,0.0126,0,0,0
01/07/2018 23:00,0,0,0,0
02/07/2018 00:00,0,0,8.608588783,0
02/07/2018 01:00,0,0,23.33609935,0
02/07/2018 02:00,0,0,36.63693122,0
02/07/2018 03:00,0,0,44.11358362,0
02/07/2018 04:00,0,0,50.85252263,0
02/07/2018 05:00,4.179181667,0,53.48454273,0.056000733
02/07/2018 06:00,5.012493,0,49.60195432,0.12
02/07/2018 07:00,4.512508,8.612031333,48.65818792,0.006001767
02/07/2018 08:00,3.495851333,10.70432433,49.15690463,4.16667E-07
02/07/2018 09:00,0,7.572887667,48.2094064,7.510394883
02/07/2018 10:00,3.179308667,0,49.29024102,132.6385655
02/07/2018 11:00,4.237623,0,53.14273258,296.2201457
02/07/2018 12:00,3.995843333,0,53.79690302,131.921391
02/07/2018 13:00,0,0,56.00107055,8.457045117
02/07/2018 14:00,0,7.467172333,61.186184,0
02/07/2018 15:00,0,12.30641333,64.33282658,0
02/07/2018 16:00,0.025119,12.51969767,52.88441847,3.950863017
02/07/2018 17:00,0.050118,8.270420667,46.88691315,114.3977947
02/07/2018 18:00,0.0126,0,44.6470841,315.2457196
02/07/2018 19:00,0.0126,0,62.45685123,137.2949069
02/07/2018 20:00,0.0126,0,73.32582607,5.4659687
02/07/2018 21:00,0.0126,0,64.19940903,0
02/07/2018 22:00,0.0126,0,54.79282947,0
02/07/2018 23:00,0,0,24.40114892,0
03/07/2018 00:00,0,0,7.43692405,0
03/07/2018 01:00,0,0,22.10860198,0
03/07/2018 02:00,0,0,32.05360618,0
03/07/2018 03:00,0,0,43.99691983,0
03/07/2018 04:00,0,0,51.2131089,0.003000033
03/07/2018 05:00,3.895850333,0,56.63237687,0.081000133
03/07/2018 06:00,4.229167667,0,62.59651835,0.08700055
03/07/2018 07:00,4.229167667,7.978052667,54.97327098,0.010001567
03/07/2018 08:00,3.929179667,12.32713167,56.04523777,5.33333E-07
03/07/2018 09:00,0,8.734366333,56.09607325,3.935493267
03/07/2018 10:00,5.095950333,0,50.1202545,119.00356
03/07/2018 11:00,3.862637,0,52.52774195,301.1851425
03/07/2018 12:00,3.395855333,0,54.76273583,143.152803
03/07/2018 13:00,0,0,50.51358523,8.448531517
03/07/2018 14:00,0,6.606445,58.2753432,0
03/07/2018 15:00,0,11.433264,62.40200372,0
03/07/2018 16:00,0.025119,10.45752467,52.11274895,4.981661033
03/07/2018 17:00,0.025119,10.18771367,53.94856272,130.1248075
03/07/2018 18:00,0.0126,0,54.0329028,298.5003778
03/07/2018 19:00,0.0126,0,64.2597669,132.3848872
03/07/2018 20:00,0.0126,0,71.80382738,9.658745967
03/07/2018 21:00,0.0126,0,66.63466122,0
03/07/2018 22:00,0.0126,0,56.87709657,0
03/07/2018 23:00,0,0,23.25074987,0
04/07/2018 00:00,0,0,7.898598333,0
04/07/2018 01:00,0,0,25.04860647,0
04/07/2018 02:00,0,0,30.65693973,0
04/07/2018 03:00,0,0,39.8002518,0
04/07/2018 04:00,0,0,45.70519497,0
04/07/2018 05:00,3.379188667,0,51.58038428,0.0330006
04/07/2018 06:00,4.712502,0,53.49253358,0.12
04/07/2018 07:00,4.579166667,8.052956667,51.1460245,0.037000817
04/07/2018 08:00,3.329184667,11.90148533,53.2644047,2.83333E-07
04/07/2018 09:00,0,7.493894,55.60857143,7.824859767
04/07/2018 10:00,4.554291667,0,58.4127311,139.3172485
04/07/2018 11:00,4.387618,0,59.27022745,292.5875635
04/07/2018 12:00,3.695856333,0,59.48105757,125.6099261
04/07/2018 13:00,0,0,55.09274652,8.792461217
04/07/2018 14:00,0,8.498624,65.01118262,0
04/07/2018 15:00,0,10.45402733,68.30782825,0
04/07/2018 16:00,0.025119,10.300857,53.29524278,6.1763774
04/07/2018 17:00,0.025119,10.85771367,57.72106307,125.6796026
04/07/2018 18:00,0.0126,0,52.70650177,299.1253607
04/07/2018 19:00,0.0126,0,62.19836492,137.340802
04/07/2018 20:00,0.0126,0,66.57042615,8.941143367
04/07/2018 21:00,0.0126,0,66.4281587,0
04/07/2018 22:00,0.0126,0,60.32418205,0
04/07/2018 23:00,0,0,25.02167623,0
05/07/2018 00:00,0,0,6.731925317,0
05/07/2018 01:00,0,0,18.92194088,0
05/07/2018 02:00,0,0,28.41944507,0
05/07/2018 03:00,0,0,38.47358872,0
05/07/2018 04:00,0,0,45.22494185,8.83333E-07
05/07/2018 05:00,3.829184667,0,43.40022747,0.056001067
05/07/2018 06:00,3.41252,0,47.71603083,0.116000067
05/07/2018 07:00,5.112486,10.59256367,45.17503055,0.0080013
05/07/2018 08:00,3.579183667,11.945662,51.6544117,3.66667E-07
05/07/2018 09:00,0,11.70583,58.45523348,6.12062715
05/07/2018 10:00,4.212632,0,55.43107227,148.3182276
05/07/2018 11:00,4.562623,0,57.35606823,308.4818405
05/07/2018 12:00,3.879180667,0,54.41857318,109.4157027
05/07/2018 13:00,0,0,47.84442095,2.303513517
05/07/2018 14:00,0,7.860549667,63.74951,0
05/07/2018 15:00,0,8.536121,67.4536562,0
05/07/2018 16:00,0.050118,9.013414,60.28606543,6.941745433
05/07/2018 17:00,0.050118,7.712977667,53.78023222,136.6075697
05/07/2018 18:00,0.0126,0,51.82407885,291.5319306
05/07/2018 19:00,0.0126,0,63.31768543,131.9761436
05/07/2018 20:00,0.0126,0,74.30933918,9.604926533
05/07/2018 21:00,0.0126,0,77.42650053,0
05/07/2018 22:00,0.0126,0,64.87833102,0
05/07/2018 23:00,0,0,26.41307923,0
06/07/2018 00:00,0,0,10.2369239,0
06/07/2018 01:00,0,0,23.94610837,0
06/07/2018 02:00,0,0,32.9802748,0
06/07/2018 03:00,0,0,37.03860013,0
06/07/2018 04:00,0,0,42.68278722,0.0000003
06/07/2018 05:00,3.679190667,0,48.9424683,0.00000175
06/07/2018 06:00,4.362505,0,51.50536553,0.035001417
06/07/2018 07:00,4.212512,5.760804667,56.12184588,0.12
06/07/2018 08:00,4.462496,10.79240167,58.21522822,0.025000433
06/07/2018 09:00,0,10.133582,54.7385686,5.770449317
06/07/2018 10:00,4.145959333,0,49.82441155,138.2076887
06/07/2018 11:00,3.220971333,0,48.49774183,297.8213951
06/07/2018 12:00,4.529174667,0,53.21356653,131.184757
06/07/2018 13:00,0,0,56.6127407,5.645110667
06/07/2018 14:00,0,8.617845667,67.07783282,0
06/07/2018 15:00,0,13.100482,71.03197917,0
06/07/2018 16:00,0.025119,9.834273333,57.3869094,5.495445083
06/07/2018 17:00,0.050118,9.268495,55.1260722,152.8186629
06/07/2018 18:00,0.0126,0,49.2669113,308.9818904
06/07/2018 19:00,0.0126,0,61.08126645,105.2904003
06/07/2018 20:00,0.0126,0,70.7665043,3.294192333
06/07/2018 21:00,0.0126,0,70.9450627,0
06/07/2018 22:00,0.0126,0,57.64451277,0
06/07/2018 23:00,0,0,24.38557235,0
07/07/2018 00:00,0,0,6.472755383,0
07/07/2018 01:00,0,0,21.6977695,0
07/07/2018 02:00,0,0,34.80943808,0
07/07/2018 03:00,0,0,45.4527553,0
07/07/2018 04:00,0,0,50.33277433,0
07/07/2018 05:00,4.062512,0,59.37662608,0.001001
07/07/2018 06:00,5.145831333,0,59.6974254,0.080000667
07/07/2018 07:00,4.595831333,8.347181333,54.39542733,0.092000467
07/07/2018 08:00,3.76251,11.675737,52.1794036,0.010000433
07/07/2018 09:00,0,8.585309667,52.8494042,8.455981767
07/07/2018 10:00,4.454291667,0,54.89939422,125.3885256
07/07/2018 11:00,2.637658,0,52.91273482,293.1518309
07/07/2018 12:00,3.979173667,0,54.79106125,143.8564938
07/07/2018 13:00,0,0,51.67357727,7.760995883
07/07/2018 14:00,0,6.813151667,57.97785307,0
07/07/2018 15:00,0,12.27979067,59.8220071,0
07/07/2018 16:00,0.050118,10.583258,48.51358187,7.213495567
07/07/2018 17:00,0.00012,9.079330333,49.3419099,134.8732066
07/07/2018 18:00,0.0126,0,47.82241775,306.5792914
07/07/2018 19:00,0.0126,0,58.44852763,121.9608421
07/07/2018 20:00,0.0126,0,69.17875585,4.364842633
07/07/2018 21:00,0.0126,0,70.07358052,0
07/07/2018 22:00,0.0126,0,60.87075663,0
07/07/2018 23:00,0,0,24.24325408,0
08/07/2018 00:00,0,0,0,0
08/07/2018 01:00,0,0,0,0
08/07/2018 02:00,0,0,0,0
08/07/2018 03:00,0,0,0,0
08/07/2018 04:00,0,0,0,3.83333E-07
08/07/2018 05:00,4.445840333,0,0,0.06900085
08/07/2018 06:00,3.629185667,0,0,0.098000367
08/07/2018 07:00,4.645831333,8.356301,0,0.014001767
08/07/2018 08:00,4.362506,11.370608,0,0.0000008
08/07/2018 09:00,0,9.028696,0,7.715096667
08/07/2018 10:00,4.045956333,0,0,117.2751772
08/07/2018 11:00,3.587642,0,0,304.1373079
08/07/2018 12:00,3.895847333,0,0,139.0393813
08/07/2018 13:00,0,0,0,5.972877683
08/07/2018 14:00,0,8.520297667,0,0
08/07/2018 15:00,0,11.790725,0,0
08/07/2018 16:00,0.050118,10.608336,0,4.639729817
08/07/2018 17:00,0.025119,8.202836667,0,136.4623723
08/07/2018 18:00,0.0126,0,0,301.8484759
08/07/2018 19:00,0.0126,0,0,125.5994931
08/07/2018 20:00,0.0126,0,0,8.33963
08/07/2018 21:00,0.0126,0,0,0
08/07/2018 22:00,0.0126,0,0,0
08/07/2018 23:00,0,0,0,0
09/07/2018 00:00,0,0,7.0927525,0
09/07/2018 01:00,0,0,23.45276485,0
09/07/2018 02:00,0,0,37.19110322,0
09/07/2018 03:00,0,0,44.93608722,0
09/07/2018 04:00,0,0,49.23602402,0.002
09/07/2018 05:00,3.862516,0,57.8214455,0.060000517
09/07/2018 06:00,4.862492,0,56.87919092,0.053001117
09/07/2018 07:00,4.545832333,9.205252667,52.30093365,0.0600004
09/07/2018 08:00,3.512524,12.06476967,52.77606758,0.005000367
09/07/2018 09:00,0,8.098040667,55.5844009,8.6278802
09/07/2018 10:00,4.145966333,0,51.17441267,134.109241
09/07/2018 11:00,3.912635,0,50.30441592,300.6402436
09/07/2018 12:00,3.795842333,0,49.50774318,125.7961218
09/07/2018 13:00,0,0,52.81857948,6.18443
09/07/2018 14:00,0,7.337229333,59.92951275,0
09/07/2018 15:00,0,11.270704,63.70782908,0
09/07/2018 16:00,0.025119,10.02583,56.1260789,6.0002294
09/07/2018 17:00,0.025119,9.569453333,53.60607153,135.5552407
09/07/2018 18:00,0.0126,0,52.23140873,304.2160428
09/07/2018 19:00,0.0126,0,60.47077187,121.817679
09/07/2018 20:00,0.0126,0,71.73599992,7.464627233
09/07/2018 21:00,0.0126,0,69.06799967,0
09/07/2018 22:00,0.0126,0,60.40750543,0
09/07/2018 23:00,0,0,24.79083483,0
10/07/2018 00:00,0,0,7.607756733,0
10/07/2018 01:00,0,0,22.26944662,0
10/07/2018 02:00,0,0,30.40028352,0
10/07/2018 03:00,0,0,46.85692053,0
10/07/2018 04:00,0,0,51.93919112,0.010000017
10/07/2018 05:00,5.412491,0,53.31137732,0.081000467
10/07/2018 06:00,4.329173667,0,56.43560483,0.08100065
10/07/2018 07:00,3.912508,6.345801667,56.93476102,0.009001133
10/07/2018 08:00,3.895852333,10.283402,55.57940662,0
10/07/2018 09:00,0,8.91872,54.03274015,4.567344383
10/07/2018 10:00,3.420971333,0,52.60524208,117.2901439
10/07/2018 11:00,3.829295667,0,51.36607077,303.6830741
10/07/2018 12:00,3.862515,0,53.9660651,141.5946011
10/07/2018 13:00,0,0,53.24858207,8.316145017
10/07/2018 14:00,0,9.056121,57.20285267,0
10/07/2018 15:00,0,11.835611,57.6661719,0
10/07/2018 16:00,0.00012,12.13632633,50.12774828,8.471345167
10/07/2018 17:00,0.025119,8.717788667,53.64440637,129.6065424
10/07/2018 18:00,0.0126,0,52.47883572,293.1113322
10/07/2018 19:00,0.0126,0,61.3053489,137.5021779
10/07/2018 20:00,0.0126,0,73.06566377,8.40062165
10/07/2018 21:00,0.0126,0,71.91823147,0
10/07/2018 22:00,0.0126,0,60.26743302,0
10/07/2018 23:00,0,0,24.0869961,0
11/07/2018 00:00,0,0,6.02943175,0
11/07/2018 01:00,0,0,21.63444215,0
11/07/2018 02:00,0,0,32.4902699,0
11/07/2018 03:00,0,0,47.01524687,0
11/07/2018 04:00,0,0,54.11635402,6.66667E-08
11/07/2018 05:00,5.612487,0,52.55448393,0.048000833
11/07/2018 06:00,3.679180667,0,51.2350423,0.079000683
11/07/2018 07:00,3.562522,7.586427,51.53984847,0.053000517
11/07/2018 08:00,3.379188667,10.13665633,52.82274355,0.0000002
11/07/2018 09:00,0,10.795932,53.6535766,2.608330233
11/07/2018 10:00,4.387618,0,56.9394,127.1753059
11/07/2018 11:00,4.695954333,0,60.97106165,293.0573639
11/07/2018 12:00,3.295858333,0,65.14606032,143.5612002
11/07/2018 13:00,0,0,62.68773602,9.3384282
11/07/2018 14:00,0,8.450252667,70.69950497,0
11/07/2018 15:00,0,13.11464667,68.4461615,0
11/07/2018 16:00,0.050118,9.276124,50.71358982,10.12620717
11/07/2018 17:00,0.025119,8.102977667,48.91525178,131.9032738
11/07/2018 18:00,0.0126,0,53.22798902,299.0071965
11/07/2018 19:00,0.0126,0,62.03835233,128.1980725
11/07/2018 20:00,0.0126,0,69.28299852,5.699859367
11/07/2018 21:00,0.0126,0,65.45749023,0
11/07/2018 22:00,0.0126,0,55.61491637,0
11/07/2018 23:00,0,0,24.7196644,0
12/07/2018 00:00,0,0,10.2494168,0
12/07/2018 01:00,0,0,31.75359237,0
12/07/2018 02:00,0,0,41.5535981,0
12/07/2018 03:00,0,0,46.97108412,0
12/07/2018 04:00,0,0,45.28794758,3.66667E-07
12/07/2018 05:00,3.329187667,0,52.40521755,0.071000483
12/07/2018 06:00,4.095834333,0,51.98461675,0.109000183
12/07/2018 07:00,5.045819333,8.810303667,47.93852988,0.00000195
12/07/2018 08:00,2.779203667,11.28987167,46.75108568,0.00000005
12/07/2018 09:00,0,9.572007333,48.36774658,9.042064817
12/07/2018 10:00,4.979283667,0,51.7969043,141.50492
12/07/2018 11:00,4.079296667,0,53.13023525,286.7807678
12/07/2018 12:00,4.379180667,0,54.7043933,131.7606552
12/07/2018 13:00,0,0,53.10689882,6.199393667
12/07/2018 14:00,0,5.141688,62.07533693,0
12/07/2018 15:00,0,9.930854,63.65365323,0
12/07/2018 16:00,0.00012,11.41904533,53.99107833,5.0518445
12/07/2018 17:00,0.00012,11.47159933,53.57107287,128.9253255
12/07/2018 18:00,0.0126,0,51.72033205,312.428904
12/07/2018 19:00,0.0126,0,60.44568648,126.7970619
12/07/2018 20:00,0.0126,0,68.84092452,4.723880833
12/07/2018 21:00,0.0126,0,71.39299258,0
12/07/2018 22:00,0.0126,0,59.12049617,0
12/07/2018 23:00,0,0,25.23524135,0
13/07/2018 00:00,0,0,6.69776275,0
13/07/2018 01:00,0,0,23.58693458,0
13/07/2018 02:00,0,0,33.93193947,0
13/07/2018 03:00,0,0,42.47275355,0
13/07/2018 04:00,0,0,53.5891846,0.005000283
13/07/2018 05:00,4.495834333,0,56.77662083,0.12
13/07/2018 06:00,4.095846333,0,56.53343542,0.058001033
13/07/2018 07:00,4.045842333,9.876199,52.59051742,0.000002
13/07/2018 08:00,3.612519,12.93562,54.402736,0.0000004
13/07/2018 09:00,0,7.900498667,57.04773058,7.207445017
13/07/2018 10:00,4.279300667,0,54.63606873,148.4621281
13/07/2018 11:00,3.520971333,0,57.48355383,292.7349796
13/07/2018 12:00,4.562495,0,59.8443818,120.5432104
13/07/2018 13:00,0,0,57.8252277,8.175109517
13/07/2018 14:00,0,8.747788667,64.99450022,0
13/07/2018 15:00,0,9.508267,69.63115093,0
13/07/2018 16:00,0.025119,10.57495267,52.84774877,5.980991983
13/07/2018 17:00,0.050118,8.495351667,50.60524025,105.2181363
13/07/2018 18:00,0.0126,0,48.7081587,303.1800086
13/07/2018 19:00,0.0126,0,54.72319298,153.5537156
13/07/2018 20:00,0.0126,0,68.2008528,7.6986643
13/07/2018 21:00,0.0126,0,60.8455214,0
13/07/2018 22:00,0.0126,0,47.339542,0
13/07/2018 23:00,0,0,20.66117748,0
14/07/2018 00:00,0,0,8.188596083,0
14/07/2018 01:00,0,0,24.74360765,0
14/07/2018 02:00,0,0,36.65360343,0
14/07/2018 03:00,0,0,39.78026367,0
14/07/2018 04:00,0,0,45.30769595,0
14/07/2018 05:00,3.079201667,0,56.64387098,0.036001117
14/07/2018 06:00,4.812495,0,59.58993855,0.1140001
14/07/2018 07:00,3.545849333,8.155420667,56.02768518,0.033001183
14/07/2018 08:00,4.412503,12.99538,61.41522722,0.0000001
14/07/2018 09:00,0,11.185962,61.53272447,8.205311017
14/07/2018 10:00,4.937614,0,58.9277237,137.0842851
14/07/2018 11:00,4.204291667,0,57.1810562,307.458891
14/07/2018 12:00,3.645853333,0,57.5118906,118.0105424
14/07/2018 13:00,0,0,53.19941853,4.965829633
14/07/2018 14:00,0,7.067998667,58.06619727,0
14/07/2018 15:00,0,8.972848667,59.27035112,0
14/07/2018 16:00,0.050118,10.96398533,48.88609493,6.595892633
14/07/2018 17:00,0.00012,8.183855,50.38024758,132.1011218
14/07/2018 18:00,0.0126,0,47.88458508,302.9528781
14/07/2018 19:00,0.0126,0,59.07335508,127.3927116
14/07/2018 20:00,0.0126,0,66.70809185,5.878563633
14/07/2018 21:00,0.0126,0,69.70490237,0
14/07/2018 22:00,0.0126,0,55.71708485,0
14/07/2018 23:00,0,0,21.73949992,0
15/07/2018 00:00,0,0,0,0
15/07/2018 01:00,0,0,0,0
15/07/2018 02:00,0,0,0,0
15/07/2018 03:00,0,0,0,0
15/07/2018 04:00,0,0,0,0.0000002
15/07/2018 05:00,3.845853333,0,0,0.000002
15/07/2018 06:00,4.845826333,0,0,0.101000317
15/07/2018 07:00,4.345836333,8.688061667,0,0.079000683
15/07/2018 08:00,3.695846333,9.303396,0,3.83333E-07
15/07/2018 09:00,0,8.181424,0,4.77084565
15/07/2018 10:00,3.454309667,0,0,118.2540264
15/07/2018 11:00,4.945951333,0,0,311.656854
15/07/2018 12:00,3.479185667,0,0,136.0856865
15/07/2018 13:00,0,0,0,4.739117383
15/07/2018 14:00,0,8.532902667,0,0
15/07/2018 15:00,0,11.26964067,0,0
15/07/2018 16:00,0.050118,10.93398833,0,5.59787535
15/07/2018 17:00,0.025119,10.091124,0,130.1166389
15/07/2018 18:00,0.0126,0,0,296.4431975
15/07/2018 19:00,0.0126,0,0,136.9235511
15/07/2018 20:00,0.0126,0,0,7.385991717
15/07/2018 21:00,0.0126,0,0,0
15/07/2018 22:00,0.0126,0,0,0
15/07/2018 23:00,0,0,0,0
16/07/2018 00:00,0,0,7.534432633,0
16/07/2018 01:00,0,0,22.85693275,0
16/07/2018 02:00,0,0,33.60860353,0
16/07/2018 03:00,0,0,42.59775548,0
16/07/2018 04:00,0,0,44.54128442,0
16/07/2018 05:00,4.21251,0,51.0268051,0.06100025
16/07/2018 06:00,4.312507,0,53.33069033,0.11700005
16/07/2018 07:00,4.312511,7.737956667,49.82343502,0.002001383
16/07/2018 08:00,4.795829333,11.195797,57.85855538,0
16/07/2018 09:00,0,10.14180633,59.28522057,6.145376833
16/07/2018 10:00,3.879298667,0,56.83439508,123.7432455
16/07/2018 11:00,3.670965333,0,54.58690825,295.072263
16/07/2018 12:00,3.429187667,0,48.39441603,143.4632665
16/07/2018 13:00,0,0,50.64191783,9.135994967
16/07/2018 14:00,0,8.141274,66.53534148,0
16/07/2018 15:00,0,11.64224867,68.3894905,0
16/07/2018 16:00,0.025119,11.415767,50.47441782,7.518511517
16/07/2018 17:00,0.050118,7.483034667,52.4652381,118.9036085
16/07/2018 18:00,0.0126,0,53.70865005,304.341194
16/07/2018 19:00,0.0126,0,65.35518812,137.5198177
16/07/2018 20:00,0.0126,0,75.86767575,6.999460883
16/07/2018 21:00,0.0126,0,70.18416198,0
16/07/2018 22:00,0.0126,0,53.92984408,0
16/07/2018 23:00,0,0,20.60159282,0
17/07/2018 00:00,0,0,9.9419174,0
17/07/2018 01:00,0,0,26.26276455,0
17/07/2018 02:00,0,0,36.01360033,0
17/07/2018 03:00,0,0,44.70358383,0
17/07/2018 04:00,0,0,47.1141876,0.0100004
17/07/2018 05:00,4.229176667,0,53.22905868,0.08900015
17/07/2018 06:00,4.4625,0,54.46861672,0.080000667
17/07/2018 07:00,4.079175667,9.279411333,57.46667432,0.001001333
17/07/2018 08:00,4.679169667,11.772931,57.16772788,0
17/07/2018 09:00,0,10.60744967,56.16939697,8.1367965
17/07/2018 10:00,4.429286667,0,53.92190867,134.601054
17/07/2018 11:00,3.754309667,0,55.09440415,297.9216444
17/07/2018 12:00,2.979190667,0,55.52022973,129.8267246
17/07/2018 13:00,0,0,58.41523998,5.707713783
17/07/2018 14:00,0,7.014038,63.63368137,0
17/07/2018 15:00,0,11.66243467,53.45118665,0
17/07/2018 16:00,0.050118,8.886127,42.53026792,8.039675383
17/07/2018 17:00,0.025119,8.539678333,43.10275313,134.1067694
17/07/2018 18:00,0.0126,0,45.55350437,294.7168165
17/07/2018 19:00,0.0126,0,58.43344617,133.0765087
17/07/2018 20:00,0.0126,0,71.01207215,6.481062917
17/07/2018 21:00,0.0126,0,69.28822727,0
17/07/2018 22:00,0.0126,0,54.02950818,0
17/07/2018 23:00,0,0,21.66942785,0
18/07/2018 00:00,0,0,8.749423883,0
18/07/2018 01:00,0,0,23.33277253,0
18/07/2018 02:00,0,0,34.76776712,0
18/07/2018 03:00,0,0,39.27192817,0
18/07/2018 04:00,0,0,42.674369,0.010000217
18/07/2018 05:00,4.345838333,0,48.80107115,0.0600009
18/07/2018 06:00,4.495835333,0,54.09896258,0.0660009
18/07/2018 07:00,4.279171667,9.486911333,55.79168783,0.044001267
18/07/2018 08:00,3.112525,10.24168033,58.95607182,4.66667E-07
18/07/2018 09:00,0,11.00758167,60.01190358,6.105727667
18/07/2018 10:00,4.137631,0,62.38106033,129.2980364
18/07/2018 11:00,3.679301667,0,64.9910521,306.1557421
18/07/2018 12:00,4.612504,0,60.48688795,127.8730902
18/07/2018 13:00,0,0,59.9177315,6.0423989
18/07/2018 14:00,0,7.157391333,69.76866553,0
18/07/2018 15:00,0,10.58244067,68.33533092,0
18/07/2018 16:00,0.025119,10.43513567,54.21691213,6.082380233
18/07/2018 17:00,0.00012,9.123432,48.3102482,128.4463762
18/07/2018 18:00,0.0126,0,48.20084282,300.5404432
18/07/2018 19:00,0.0126,0,59.80244077,134.2689226
18/07/2018 20:00,0.0126,0,68.55350725,7.5898968
18/07/2018 21:00,0.0126,0,65.03567195,0
18/07/2018 22:00,0.0126,0,59.6615081,0
18/07/2018 23:00,0,0,25.09268048,0
19/07/2018 00:00,0,0,6.271105833,0
19/07/2018 01:00,0,0,20.3619487,0
19/07/2018 02:00,0,0,29.7511113,0
19/07/2018 03:00,0,0,43.37608127,0
19/07/2018 04:00,0,0,45.86093605,2.33333E-07
19/07/2018 05:00,3.945849333,0,48.96738992,0.049001133
19/07/2018 06:00,3.429185667,0,53.7929497,0.11100015
19/07/2018 07:00,3.445854333,8.307872667,50.28035768,0.02000075
19/07/2018 08:00,4.079180667,10.26752167,50.6185811,0
19/07/2018 09:00,0,9.014420333,49.0760813,8.9951003
19/07/2018 10:00,4.562613,0,51.08940893,132.1288762
19/07/2018 11:00,5.462605,0,54.01607258,290.8798155
19/07/2018 12:00,3.71252,0,55.16857035,137.0143745
19/07/2018 13:00,0,0,55.9160767,7.2692495
19/07/2018 14:00,0,8.432097333,67.20284467,0
19/07/2018 15:00,0,11.00414133,73.86530953,0
19/07/2018 16:00,0.050118,11.74978467,59.87774252,5.129409033
19/07/2018 17:00,0.00012,8.617130333,63.37022982,131.312786
19/07/2018 18:00,0.0126,0,61.07581763,313.2268545
19/07/2018 19:00,0.0126,0,73.41392007,120.8558781
19/07/2018 20:00,0.0126,0,78.95399402,6.0043432
19/07/2018 21:00,0.0126,0,69.65032282,0
19/07/2018 22:00,0.0126,0,55.24165978,0
19/07/2018 23:00,0,0,18.45060448,0
20/07/2018 00:00,0,0,6.420252833,0
20/07/2018 01:00,0,0,24.11359222,0
20/07/2018 02:00,0,0,37.4135994,0
20/07/2018 03:00,0,0,43.75691858,0
20/07/2018 04:00,0,0,49.14309965,5.16667E-07
20/07/2018 05:00,3.645859333,0,54.77754325,0.051001117
20/07/2018 06:00,3.262522,0,56.65885042,0.12
20/07/2018 07:00,4.179171667,8.196193,55.29309267,0.010001117
20/07/2018 08:00,4.079174667,11.86979967,55.55105952,0
20/07/2018 09:00,0,8.545354667,55.65856947,7.636799083
20/07/2018 10:00,5.062609,0,52.75108367,147.9769647
20/07/2018 11:00,3.870966333,0,50.16275108,302.1925921
20/07/2018 12:00,4.512506,0,51.23107925,113.9055166
20/07/2018 13:00,0,0,50.4510876,3.653963733
20/07/2018 14:00,0,7.127334333,60.65701588,0
20/07/2018 15:00,0,12.47387133,64.46116115,0
20/07/2018 16:00,0.050118,11.38738967,57.47774775,6.316409267
20/07/2018 17:00,0.025119,7.558010667,55.6310694,139.3354473
20/07/2018 18:00,0.0126,0,47.9318406,304.9822759
20/07/2018 19:00,0.0126,0,58.8773588,118.8460092
20/07/2018 20:00,0.0126,0,71.96915382,6.909876033
20/07/2018 21:00,0.0126,0,76.2241498,0
20/07/2018 22:00,0.0126,0,60.78859615,0
20/07/2018 23:00,0,0,19.59184378,0
21/07/2018 00:00,0,0,7.997754633,0
21/07/2018 01:00,0,0,22.99776302,0
21/07/2018 02:00,0,0,30.67110483,0
21/07/2018 03:00,0,0,38.61525698,0
21/07/2018 04:00,0,0,44.04036275,0.015000367
21/07/2018 05:00,3.762509,0,44.12573915,0.11100015
21/07/2018 06:00,3.912515,0,47.68796102,0.0540011
21/07/2018 07:00,4.279179667,7.350489667,49.12510518,1.63333E-06
21/07/2018 08:00,5.012489,10.34983567,51.88440585,0
21/07/2018 09:00,0,11.00415933,52.74690927,9.352725567
21/07/2018 10:00,4.320959333,0,55.03272767,126.7355744
21/07/2018 11:00,2.820985333,0,58.98439212,297.8640469
21/07/2018 12:00,4.529170667,0,57.25189348,135.6274683
21/07/2018 13:00,0,0,52.06191457,7.3162096
21/07/2018 14:00,0,8.497989667,62.3178471,0
21/07/2018 15:00,0,10.095848,60.86950763,0
21/07/2018 16:00,0.025119,14.06962567,53.59691137,7.4597769
21/07/2018 17:00,0.025119,6.927349333,52.20773673,134.2883825
21/07/2018 18:00,0.0126,0,52.33758542,288.5532336
21/07/2018 19:00,0.0126,0,64.57909905,137.3607013
21/07/2018 20:00,0.0126,0,73.4547228,8.54977685
21/07/2018 21:00,0.0126,0,67.31075305,0
21/07/2018 22:00,0.0126,0,52.83544475,0
21/07/2018 23:00,0,0,21.28525463,0
22/07/2018 00:00,0,0,0,0
22/07/2018 01:00,0,0,0,0
22/07/2018 02:00,0,0,0,0
22/07/2018 03:00,0,0,0,0
22/07/2018 04:00,0,0,0,3.33333E-07
22/07/2018 05:00,4.245834333,0,0,0.029001067
22/07/2018 06:00,4.912497,0,0,0.12
22/07/2018 07:00,3.729182667,8.855279667,0,0.038001167
22/07/2018 08:00,5.029168667,11.958105,0,3.33333E-08
22/07/2018 09:00,0,8.839516333,0,6.05876045
22/07/2018 10:00,3.745967333,0,0,119.5531102
22/07/2018 11:00,3.604300667,0,0,308.6196724
22/07/2018 12:00,3.345858333,0,0,135.3558542
22/07/2018 13:00,0,0,0,5.04419465
22/07/2018 14:00,0,8.828013667,0,0
22/07/2018 15:00,0,11.12589,0,0
22/07/2018 16:00,0.025119,11.43232667,0,7.799844117
22/07/2018 17:00,0.050118,6.995423667,0,124.9730781
22/07/2018 18:00,0.0126,0,0,297.7832453
22/07/2018 19:00,0.0126,0,0,140.1008683
22/07/2018 20:00,0.0126,0,0,5.887862833
22/07/2018 21:00,0.0126,0,0,0
22/07/2018 22:00,0.0126,0,0,0
22/07/2018 23:00,0,0,0,0
23/07/2018 00:00,0,0,6.1352648,0
23/07/2018 01:00,0,0,20.22861195,0
23/07/2018 02:00,0,0,33.4586125,0
23/07/2018 03:00,0,0,38.50610162,0
23/07/2018 04:00,0,0,43.91636943,2.33333E-07
23/07/2018 05:00,2.879197667,0,51.11963817,0.007001883
23/07/2018 06:00,3.229191667,0,60.08735035,0.086000567
23/07/2018 07:00,4.962492,8.873684,55.25033815,0.08700055
23/07/2018 08:00,4.362503,9.175947,52.98023032,0.004000417
23/07/2018 09:00,0,8.899591333,56.3260654,5.293460467
23/07/2018 10:00,4.704284667,0,58.74689393,125.4583731
23/07/2018 11:00,4.587631,0,58.8643966,298.9600272
23/07/2018 12:00,3.912508,0,61.66355708,139.7893891
23/07/2018 13:00,0,0,57.96607645,5.224214267
23/07/2018 14:00,0,9.626034,67.48534592,0
23/07/2018 15:00,0,10.73741967,68.011996,0
23/07/2018 16:00,0.025119,11.82245567,50.21692262,3.65409445
23/07/2018 17:00,0.025119,8.406094,45.09525755,119.562744
23/07/2018 18:00,0.0126,0,46.26649902,295.1105127
23/07/2018 19:00,0.0126,0,58.37051537,146.4327355
23/07/2018 20:00,0.0126,0,67.81491597,10.55464537
23/07/2018 21:00,0.0126,0,72.02197495,0
23/07/2018 22:00,0.0126,0,52.60843768,0
23/07/2018 23:00,0,0,21.09941703,0
24/07/2018 00:00,0,0,8.51609955,0
24/07/2018 01:00,0,0,24.06194052,0
24/07/2018 02:00,0,0,33.43111387,0
24/07/2018 03:00,0,0,42.93192635,0
24/07/2018 04:00,0,0,45.1783617,0
24/07/2018 05:00,3.879185667,0,45.86905073,0.013001017
24/07/2018 06:00,3.579178667,0,52.56794022,0.104000267
24/07/2018 07:00,4.962495,10.70178533,56.69151377,0.0720008
24/07/2018 08:00,5.262489,10.33258467,61.04688052,1.01667E-06
24/07/2018 09:00,0,7.422106333,57.52438818,4.2003943
24/07/2018 10:00,3.604304667,0,54.18939905,120.2186932
24/07/2018 11:00,4.03763,0,49.93940927,309.2076232
24/07/2018 12:00,3.312525,0,53.74524623,135.7430826
24/07/2018 13:00,0,0,51.69775545,7.050242
24/07/2018 14:00,0,7.969579333,58.42619062,0
24/07/2018 15:00,0,9.340192667,61.80700227,0
24/07/2018 16:00,0.025119,13.035506,48.54026535,10.14291403
24/07/2018 17:00,0.025119,9.221920333,54.04357728,136.8576378
24/07/2018 18:00,0.0126,0,51.95475243,297.3791287
24/07/2018 19:00,0.0126,0,62.562262,125.2157932
24/07/2018 20:00,0.0126,0,71.49198888,5.5594293
24/07/2018 21:00,0.0126,0,70.43982015,0
24/07/2018 22:00,0.0126,0,61.50899973,0
24/07/2018 23:00,0,0,25.95975117,0
25/07/2018 00:00,0,0,8.2935956,0
25/07/2018 01:00,0,0,25.92276602,0
25/07/2018 02:00,0,0,38.81026743,0
25/07/2018 03:00,0,0,43.73275743,0
25/07/2018 04:00,0,0,47.20544445,0.005000883
25/07/2018 05:00,5.729140667,0,55.45412425,0.03900135
25/07/2018 06:00,3.46253,0,60.02876487,0.1080002
25/07/2018 07:00,3.862514,8.412863667,50.29343298,0.034001433
25/07/2018 08:00,3.329196667,11.57152433,53.29690558,1.16667E-07
25/07/2018 09:00,0,10.53916233,56.93273963,8.8930494
25/07/2018 10:00,4.070965333,0,55.33940637,136.2651034
25/07/2018 11:00,4.462611,0,58.27106875,293.167731
25/07/2018 12:00,3.695851333,0,54.13690645,131.9090761
25/07/2018 13:00,0,0,49.73775985,6.83264795
25/07/2018 14:00,0,7.929597333,60.84618635,0
25/07/2018 15:00,0,10.33009667,66.12699667,0
25/07/2018 16:00,0.050118,12.32398233,54.93608072,4.793862967
25/07/2018 17:00,0.025119,6.664068,52.6085784,116.5955629
25/07/2018 18:00,0.0126,0,54.38540707,304.7743418
25/07/2018 19:00,0.0126,0,62.67893812,143.4931487
25/07/2018 20:00,0.0126,0,72.9778253,6.550509633
25/07/2018 21:00,0.0126,0,71.01440522,0
25/07/2018 22:00,0.0126,0,58.00257882,0
25/07/2018 23:00,0,0,17.8240812,0
26/07/2018 00:00,0,0,8.26776425,0
26/07/2018 01:00,0,0,24.83027228,0
26/07/2018 02:00,0,0,32.73526832,0
26/07/2018 03:00,0,0,39.76192558,0
26/07/2018 04:00,0,0,46.0176156,4.83333E-07
26/07/2018 05:00,4.279168667,0,52.41231913,0.0420013
26/07/2018 06:00,4.612493,0,57.80618665,0.12
26/07/2018 07:00,3.529186667,7.839723333,51.78651792,0.0190011
26/07/2018 08:00,3.529194667,10.82260267,53.02857647,2.33333E-07
26/07/2018 09:00,0,9.187085333,54.62856407,6.449264083
26/07/2018 10:00,4.512623,0,52.5802315,128.0392598
26/07/2018 11:00,4.154296667,0,49.36357425,307.0820902
26/07/2018 12:00,3.995846333,0,53.1452402,129.6801094
26/07/2018 13:00,0,0,53.21358013,6.2626599
26/07/2018 14:00,0,7.983678,67.67533718,0
26/07/2018 15:00,0,12.00976667,66.64949882,0
26/07/2018 16:00,0.050118,11.36467667,51.56858603,5.91905855
26/07/2018 17:00,0.025119,8.062139333,47.35691387,138.6274687
26/07/2018 18:00,0.0126,0,47.39549618,296.6894955
26/07/2018 19:00,0.0126,0,60.38000587,126.4162912
26/07/2018 20:00,0.0126,0,70.29557103,8.55735975
26/07/2018 21:00,0.0126,0,73.53981938,0
26/07/2018 22:00,0.0126,0,58.01416877,0
26/07/2018 23:00,0,0,20.11259528,0
27/07/2018 00:00,0,0,12.7235691,0
27/07/2018 01:00,0,0,28.09525727,0
27/07/2018 02:00,0,0,35.10361165,0
27/07/2018 03:00,0,0,42.36776512,0
27/07/2018 04:00,0,0,52.56869148,0.00000055
27/07/2018 05:00,3.929176667,0,57.89688195,0.02100165
27/07/2018 06:00,3.845854333,0,55.03327452,0.082000633
27/07/2018 07:00,4.062509,6.684885333,51.9688555,0.06900085
27/07/2018 08:00,4.929158667,10.66236567,56.45023295,0.008000067
27/07/2018 09:00,0,9.84357,54.6702385,5.364047483
27/07/2018 10:00,4.270959333,0,50.71024505,127.298841
27/07/2018 11:00,3.912632,0,48.96275033,304.3724749
27/07/2018 12:00,3.712517,0,48.42691795,134.3880576
27/07/2018 13:00,0,0,51.8827432,6.066476267
27/07/2018 14:00,0,7.582241333,61.52117103,0
27/07/2018 15:00,0,11.29732967,65.27031958,0
27/07/2018 16:00,0.00012,11.81392833,57.06690632,7.121564283
27/07/2018 17:00,0.025119,9.616109,54.52106543,132.2794414
27/07/2018 18:00,0.0126,0,55.49556483,294.6913293
27/07/2018 19:00,0.0126,0,60.59976187,130.8258856
27/07/2018 20:00,0.0126,0,64.50017487,9.48724245
27/07/2018 21:00,0.0126,0,68.2899903,0
27/07/2018 22:00,0.0126,0,55.80402102,0
27/07/2018 23:00,0,0,21.87682767,0
28/07/2018 00:00,0,0,7.6010834,0
28/07/2018 01:00,0,0,27.84858995,0
28/07/2018 02:00,0,0,34.93027185,0
28/07/2018 03:00,0,0,43.2144193,0
28/07/2018 04:00,0,0,48.58468972,0
28/07/2018 05:00,3.812516,0,48.3160559,0.052000983
28/07/2018 06:00,3.545858333,0,57.78419433,0.103000283
28/07/2018 07:00,4.112507,9.671001,59.5294218,0.027001183
28/07/2018 08:00,4.062512,12.39969467,57.41439965,0.0000003
28/07/2018 09:00,0,6.683262667,56.56773147,8.994959133
28/07/2018 10:00,4.837618,0,53.1227371,153.1268454
28/07/2018 11:00,3.887633,0,49.89190448,287.97435
28/07/2018 12:00,4.379163667,0,45.3669147,119.9838568
28/07/2018 13:00,0,0,47.07026303,4.278760567
28/07/2018 14:00,0,8.148765,60.28534588,0
28/07/2018 15:00,0,11.205674,64.64199963,0
28/07/2018 16:00,0.050118,10.57917733,51.90359095,5.8476754
28/07/2018 17:00,0.00012,9.242782667,53.08774385,126.4856568
28/07/2018 18:00,0.0126,0,53.99065478,296.5559953
28/07/2018 19:00,0.0126,0,60.37827273,136.1747045
28/07/2018 20:00,0.0126,0,67.95707958,9.138596583
28/07/2018 21:00,0.0126,0,69.91715832,0
28/07/2018 22:00,0.0126,0,56.78426807,0
28/07/2018 23:00,0,0,23.26300005,0
29/07/2018 00:00,0,0,0,0
29/07/2018 01:00,0,0,0,0
29/07/2018 02:00,0,0,0,0
29/07/2018 03:00,0,0,0,0
29/07/2018 04:00,0,0,0,6.66667E-08
29/07/2018 05:00,4.245847333,0,0,0.028001217
29/07/2018 06:00,4.229170667,0,0,0.06300095
29/07/2018 07:00,3.795848333,8.267085333,0,0.062000967
29/07/2018 08:00,4.612495,11.78482967,0,0.027000217
29/07/2018 09:00,0,9.12351,0,4.9110754
29/07/2018 10:00,3.045974333,0,0,134.6708337
29/07/2018 11:00,4.404301667,0,0,298.1958614
29/07/2018 12:00,4.329169667,0,0,130.5286228
29/07/2018 13:00,0,0,0,7.840229567
29/07/2018 14:00,0,8.006391,0,0
29/07/2018 15:00,0,11.84145233,0,0
29/07/2018 16:00,0.00012,9.814294333,0,5.536275517
29/07/2018 17:00,0.025119,8.500432667,0,128.9508237
29/07/2018 18:00,0.0126,0,0,300.4158936
29/07/2018 19:00,0.0126,0,0,133.0064441
29/07/2018 20:00,0.0126,0,0,6.965036117
29/07/2018 21:00,0.0126,0,0,0
29/07/2018 22:00,0.0126,0,0,0
29/07/2018 23:00,0,0,0,0
30/07/2018 00:00,0,0,11.05942915,0
30/07/2018 01:00,0,0,27.12943813,0
30/07/2018 02:00,0,0,38.64277328,0
30/07/2018 03:00,0,0,42.03359037,0
30/07/2018 04:00,0,0,42.86095453,0.00000075
30/07/2018 05:00,3.929174667,0,49.17988308,0.013001783
30/07/2018 06:00,4.395839333,0,56.54843227,0.115000083
30/07/2018 07:00,4.595832333,8.695420667,50.68151788,0.052000917
30/07/2018 08:00,3.095858333,11.91972167,53.07356723,3.33333E-07
30/07/2018 09:00,0,7.049726333,55.17356383,6.418194333
30/07/2018 10:00,5.345946333,0,56.39272435,137.383119
30/07/2018 11:00,3.404307667,0,56.10939713,306.9695886
30/07/2018 12:00,3.895848333,0,53.7619055,116.2163795
30/07/2018 13:00,0,0,59.0719083,7.19952695
30/07/2018 14:00,0,7.131421,66.42200777,0
30/07/2018 15:00,0,12.318168,63.40283177,0
30/07/2018 16:00,0.025119,11.140686,52.51608775,10.42484153
30/07/2018 17:00,0.00012,9.581887333,52.6544176,142.8342843
30/07/2018 18:00,0.0126,0,52.31449047,298.485377
30/07/2018 19:00,0.0126,0,59.56520235,123.2084307
30/07/2018 20:00,0.0126,0,67.41117532,3.825728333
30/07/2018 21:00,0.0126,0,66.5015777,0
30/07/2018 22:00,0.0126,0,54.08576605,0
30/07/2018 23:00,0,0,23.53983422,0
31/07/2018 00:00,0,0,7.851918617,0
31/07/2018 01:00,0,0,23.6469367,0
31/07/2018 02:00,0,0,34.72527047,0
31/07/2018 03:00,0,0,41.89692375,0
31/07/2018 04:00,0,0,44.33528193,0
31/07/2018 05:00,3.779182667,0,54.8737915,0.0620004
31/07/2018 06:00,4.062509,0,57.80236488,0.11100015
31/07/2018 07:00,3.979173667,9.968711,57.49068412,0.008001667
31/07/2018 08:00,3.795845333,9.959982667,59.21272773,0.00000045
31/07/2018 09:00,0,7.208786,53.07774028,8.00314405
31/07/2018 10:00,4.520954333,0,50.70607577,138.2498706
31/07/2018 11:00,5.079280667,0,50.16024162,301.1798938
31/07/2018 12:00,3.445861333,0,53.85856422,120.1256264
31/07/2018 13:00,0,0,53.11024118,6.862710633
31/07/2018 14:00,0,8.062169333,62.17950583,0
31/07/2018 15:00,0,12.83967667,67.22698178,0
31/07/2018 16:00,0.00012,12.378036,55.36690468,7.214963817
31/07/2018 17:00,0.025119,7.308825,54.12524337,118.382926
31/07/2018 18:00,0.0126,0,51.07357777,297.4721457
31/07/2018 19:00,0.0126,0,58.07136282,145.2380224
31/07/2018 20:00,0.0126,0,61.88368393,7.37828415
31/07/2018 21:00,0.0126,0,67.14866932,0
31/07/2018 22:00,0.0126,0,59.26983962,0
31/07/2018 23:00,0,0,22.2786666,0
01/08/2018 00:00,0,0,7.315263133,0
01/08/2018 01:00,0,0,23.91444368,0
01/08/2018 02:00,0,0,31.35944577,0
01/08/2018 03:00,0,0,42.05776272,0
01/08/2018 04:00,0,0,45.58803313,1.66667E-08
01/08/2018 05:00,4.129179667,0,50.9576429,0.037001383
01/08/2018 06:00,3.995845333,0,55.48328538,0.0720008
01/08/2018 07:00,3.829176667,6.958115667,49.10035877,0.060000533
01/08/2018 08:00,4.579168667,10.96739267,49.98441137,0.015000067
01/08/2018 09:00,0,12.11907133,56.19689222,5.59894505
01/08/2018 10:00,4.395954333,0,50.94856683,113.2645498
01/08/2018 11:00,3.154313667,0,57.33605707,300.8750771
01/08/2018 12:00,4.579168667,0,59.00106328,148.9359739
01/08/2018 13:00,0,0,51.95942028,6.62082615
01/08/2018 14:00,0,8.858672,66.88116953,0
01/08/2018 15:00,0,10.273329,66.42116337,0
01/08/2018 16:00,0.025119,11.60907033,50.6844168,8.190545467
01/08/2018 17:00,0.00012,7.645617667,54.9668989,138.7494863
01/08/2018 18:00,0.0126,0,57.13557245,290.9606484
01/08/2018 19:00,0.0126,0,70.21684852,129.945908
01/08/2018 20:00,0.0126,0,73.70974805,7.581576633
01/08/2018 21:00,0.0126,0,68.88290998,0
01/08/2018 22:00,0.0126,0,54.96658002,0
01/08/2018 23:00,0,0,21.2117423,0
02/08/2018 00:00,0,0,8.7969215,0
02/08/2018 01:00,0,0,28.19442982,0
02/08/2018 02:00,0,0,35.67360823,0
02/08/2018 03:00,0,0,44.31525973,0
02/08/2018 04:00,0,0,48.9245311,0.012000067
02/08/2018 05:00,4.695830333,0,56.74362447,0.060000933
02/08/2018 06:00,3.995844333,0,54.92459792,0.085000583
02/08/2018 07:00,3.795847333,7.057232333,48.42369262,0.03000135
02/08/2018 08:00,3.629183667,11.538216,50.03273732,0.0000005
02/08/2018 09:00,0,9.429512333,48.94439918,4.692408283
02/08/2018 10:00,3.904302667,0,51.51273548,132.3744678
02/08/2018 11:00,3.812629,0,53.87274535,309.9173724
02/08/2018 12:00,4.779171667,0,52.35190935,122.9317083
02/08/2018 13:00,0,0,50.576079,5.02057705
02/08/2018 14:00,0,9.698652,67.00033005,0
02/08/2018 15:00,0,10.358506,65.60032887,0
02/08/2018 16:00,0.050118,11.29718267,52.59691902,9.822463333
02/08/2018 17:00,0.025119,9.019447333,57.54523707,122.0362599
02/08/2018 18:00,0.0126,0,55.87349958,291.9723658
02/08/2018 19:00,0.0126,0,68.28134235,144.3100652
02/08/2018 20:00,0.0126,0,74.72132493,6.9334291
02/08/2018 21:00,0.0126,0,67.37457612,0
02/08/2018 22:00,0.0126,0,52.70385585,0
02/08/2018 23:00,0,0,21.95267508,0
03/08/2018 00:00,0,0,7.59525315,0
03/08/2018 01:00,0,0,23.18443063,0
03/08/2018 02:00,0,0,32.71444097,0
03/08/2018 03:00,0,0,38.83859695,0
03/08/2018 04:00,0,0,45.07086463,0
03/08/2018 05:00,3.762517,0,49.48321758,0.02200125
03/08/2018 06:00,4.412501,0,53.83577465,0.1140001
03/08/2018 07:00,4.429173667,7.127310333,51.03276078,0.0440012
03/08/2018 08:00,4.679168667,12.34470767,47.16024705,0.00000045
03/08/2018 09:00,0,7.085492667,46.00690792,6.98006105
03/08/2018 10:00,3.362643,0,53.20024018,127.886456
03/08/2018 11:00,3.887632,0,59.20106435,307.3388729
03/08/2018 12:00,4.079173667,0,65.31438542,128.4277736
03/08/2018 13:00,0,0,58.1677444,4.623096667
03/08/2018 14:00,0,7.693765,63.15702365,0
03/08/2018 15:00,0,11.15235567,69.5828275,0
03/08/2018 16:00,0.075117,10.291106,59.08274703,5.2857441
03/08/2018 17:00,0.00012,12.105724,56.20857453,127.9981858
03/08/2018 18:00,0.0126,0,54.83341222,301.4433285
03/08/2018 19:00,0.0126,0,63.53927065,135.0265884
03/08/2018 20:00,0.0126,0,72.69516907,6.636397717
03/08/2018 21:00,0.0126,0,66.30675508,0
03/08/2018 22:00,0.0126,0,55.50934128,0
03/08/2018 23:00,0,0,29.1804159,0
04/08/2018 00:00,0,0,11.68024572,0
04/08/2018 01:00,0,0,31.107749,0
04/08/2018 02:00,0,0,40.3344258,0
04/08/2018 03:00,0,0,42.6927535,0
04/08/2018 04:00,0,0,46.75169622,5.66667E-07
04/08/2018 05:00,3.862512,0,52.69055632,0.030001017
04/08/2018 06:00,4.595830333,0,51.80162402,0.097000383
04/08/2018 07:00,4.329173667,8.345418667,52.19793437,0.0550007
04/08/2018 08:00,3.879186667,11.310677,52.3285739,0
04/08/2018 09:00,0,9.646852333,51.23690705,9.518247533
04/08/2018 10:00,3.895968333,0,49.44357945,126.8826778
04/08/2018 11:00,3.695962333,0,53.7160749,286.9847349
04/08/2018 12:00,4.429172667,0,52.87274528,144.5939825
04/08/2018 13:00,0,0,47.6794238,7.82319805
04/08/2018 14:00,0,9.112039333,61.34118215,0
04/08/2018 15:00,0,11.38748567,67.06866202,0
04/08/2018 16:00,0.00012,10.28415733,57.33024352,6.254812083
04/08/2018 17:00,0.00012,8.709562333,59.30189938,130.0986124
04/08/2018 18:00,0.0126,0,63.12165012,299.7885598
04/08/2018 19:00,0.0126,0,72.13751222,132.3609244
04/08/2018 20:00,0.0126,0,75.21741602,8.18376165
04/08/2018 21:00,0.0126,0,66.70758642,0
04/08/2018 22:00,0.0126,0,52.16409817,0
04/08/2018 23:00,0,0,20.9153463,0
05/08/2018 00:00,0,0,0,0
05/08/2018 01:00,0,0,0,0
05/08/2018 02:00,0,0,0,0
05/08/2018 03:00,0,0,0,0
05/08/2018 04:00,0,0,0,1.18333E-06
05/08/2018 05:00,4.162516,0,0,0.06900085
05/08/2018 06:00,4.11251,0,0,0.104000267
05/08/2018 07:00,4.179164667,7.942226333,0,0.007001317
05/08/2018 08:00,4.545840333,10.348462,0,0
05/08/2018 09:00,0,10.88185433,0,7.659948567
05/08/2018 10:00,3.220978333,0,0,145.1636532
05/08/2018 11:00,4.287621,0,0,291.2401826
05/08/2018 12:00,4.129177667,0,0,126.9149237
05/08/2018 13:00,0,0,0,6.3085675
05/08/2018 14:00,0,8.477656667,0,0
05/08/2018 15:00,0,9.396773333,0,0
05/08/2018 16:00,0.025119,10.015821,0,7.589491883
05/08/2018 17:00,0.025119,11.555937,0,135.7925693
05/08/2018 18:00,0.0126,0,0,301.9491105
05/08/2018 19:00,0.0126,0,0,123.3121581
05/08/2018 20:00,0.0126,0,0,6.1834286
05/08/2018 21:00,0.0126,0,0,0
05/08/2018 22:00,0.0126,0,0,0
05/08/2018 23:00,0,0,0,0
06/08/2018 00:00,0,0,8.168591417,0
06/08/2018 01:00,0,0,23.84443327,0
06/08/2018 02:00,0,0,28.85861398,0
06/08/2018 03:00,0,0,38.05943073,0
06/08/2018 04:00,0,0,40.87378668,0.001000467
06/08/2018 05:00,4.595835333,0,50.41245545,0.0600008
06/08/2018 06:00,4.162512,0,53.55636247,0.089000517
06/08/2018 07:00,4.012504,7.240391667,56.51925802,0.038001367
06/08/2018 08:00,3.762518,10.955919,60.4902243,5.66667E-07
06/08/2018 09:00,0,9.443652,65.10437703,5.308496
06/08/2018 10:00,3.745968333,0,63.71188748,120.229281
06/08/2018 11:00,4.470955333,0,55.0269125,299.1828958
06/08/2018 12:00,3.862516,0,53.59941605,143.625449
06/08/2018 13:00,0,0,54.8910931,7.511265317
06/08/2018 14:00,0,9.506824333,62.55368547,0
06/08/2018 15:00,0,11.24908933,63.22284237,0
06/08/2018 16:00,0.050118,12.595609,50.3535924,8.021178967
06/08/2018 17:00,0.025119,6.688201667,51.1710839,132.5858885
06/08/2018 18:00,0.0126,0,54.7625077,281.204921
06/08/2018 19:00,0.0126,0,66.7210966,141.7992368
06/08/2018 20:00,0.0126,0,81.25474518,13.16466393
06/08/2018 21:00,0.0126,0,81.6985726,0
06/08/2018 22:00,0.0126,0,64.48450215,0
06/08/2018 23:00,0,0,24.30425822,0
07/08/2018 00:00,0,0,7.8061022,0
07/08/2018 01:00,0,0,19.94778722,0
07/08/2018 02:00,0,0,30.8744513,0
07/08/2018 03:00,0,0,41.86692352,0
07/08/2018 04:00,0,0,45.44402552,0
07/08/2018 05:00,3.979171667,0,55.53936577,0.026000817
07/08/2018 06:00,3.812513,0,60.43325938,0.06900085
07/08/2018 07:00,4.462512,7.298068667,55.17209922,0.0660009
07/08/2018 08:00,3.445860333,9.970087667,54.05607827,0.02100035
07/08/2018 09:00,0,9.451937333,51.39525065,9.416597233
07/08/2018 10:00,4.395959333,0,56.64856412,135.0086562
07/08/2018 11:00,3.070980333,0,53.90023363,290.5115984
07/08/2018 12:00,5.445812333,0,58.3677282,133.6751725
07/08/2018 13:00,0,0,59.5252413,8.166726483
07/08/2018 14:00,0,6.930660667,65.3161787,0
07/08/2018 15:00,0,12.70401133,70.54282033,0
07/08/2018 16:00,0.050118,11.113286,57.83524565,6.589761817
07/08/2018 17:00,0.025119,10.528212,56.67441122,119.5720082
07/08/2018 18:00,0.0126,0,52.82942067,299.6140123
07/08/2018 19:00,0.0126,0,59.44452785,140.4220365
07/08/2018 20:00,0.0126,0,70.51192437,8.66468225
07/08/2018 21:00,0.0126,0,66.61990675,0
07/08/2018 22:00,0.0126,0,55.63334468,0
07/08/2018 23:00,0,0,21.41476543,0
08/08/2018 00:00,0,0,9.386082733,0
08/08/2018 01:00,0,0,26.37443272,0
08/08/2018 02:00,0,0,33.59694302,0
08/08/2018 03:00,0,0,39.93359405,0
08/08/2018 04:00,0,0,43.741785,8.33333E-08
08/08/2018 05:00,3.362525,0,50.16555355,0.02200115
08/08/2018 06:00,4.829152667,0,54.7656008,0.101000317
08/08/2018 07:00,3.945844333,9.634338333,52.09176672,0.0580007
08/08/2018 08:00,4.979167667,11.620618,50.0885692,4.16667E-07
08/08/2018 09:00,0,8.922021333,46.56774665,6.5821859
08/08/2018 10:00,4.404287667,0,50.29523828,133.1307904
08/08/2018 11:00,4.320964333,0,51.78857795,304.9807075
08/08/2018 12:00,2.795866333,0,49.69525065,124.8469594
08/08/2018 13:00,0,0,55.65025188,5.255143883
08/08/2018 14:00,0,8.593713,65.37117783,0
08/08/2018 15:00,0,10.30504567,71.05449127,0
08/08/2018 16:00,0.025119,10.08677233,62.59107048,6.316946933
08/08/2018 17:00,0.025119,8.82135,62.36773043,118.9009138
08/08/2018 18:00,0.0126,0,57.7608269,302.2908623
08/08/2018 19:00,0.0126,0,64.66001317,139.4911984
08/08/2018 20:00,0.0126,0,70.13100432,9.3456742
08/08/2018 21:00,0.0126,0,68.43383535,0
08/08/2018 22:00,0.0126,0,58.35268263,0
08/08/2018 23:00,0,0,21.33326137,0
09/08/2018 00:00,0,0,8.727762733,0
09/08/2018 01:00,0,0,30.9544345,0
09/08/2018 02:00,0,0,43.11776758,0
09/08/2018 03:00,0,0,45.25692953,0
09/08/2018 04:00,0,0,52.62585678,1.33333E-07
09/08/2018 05:00,4.462503,0,57.13145548,0.044001017
09/08/2018 06:00,3.545850333,0,60.65509785,0.101000317
09/08/2018 07:00,4.062516,10.028391,54.2611871,0.035001233
09/08/2018 08:00,3.329185667,10.41274267,51.13107278,5.83333E-07
09/08/2018 09:00,0,8.395442667,51.84607002,9.525564633
09/08/2018 10:00,3.704303667,0,52.78190278,142.120869
09/08/2018 11:00,4.904282667,0,52.46024278,288.5949682
09/08/2018 12:00,4.629166667,0,50.55941512,125.199989
09/08/2018 13:00,0,0,50.8927509,9.26052835
09/08/2018 14:00,0,10.45611,66.59533833,0
09/08/2018 15:00,0,11.31152433,67.68866538,0
09/08/2018 16:00,0.050118,8.904219333,54.00775818,13.08569945
09/08/2018 17:00,0.00012,8.875344667,56.45774263,143.1984851
09/08/2018 18:00,0.0126,0,55.18183207,281.638671
09/08/2018 19:00,0.0126,0,67.39376727,131.2238945
09/08/2018 20:00,0.0126,0,75.82558937,6.996761717
09/08/2018 21:00,0.0126,0,70.14640512,0
09/08/2018 22:00,0.0126,0,55.02549977,0
09/08/2018 23:00,0,0,22.2389213,0
10/08/2018 00:00,0,0,11.52608587,0
10/08/2018 01:00,0,0,26.9860997,0
10/08/2018 02:00,0,0,36.49610798,0
10/08/2018 03:00,0,0,40.77360567,0
10/08/2018 04:00,0,0,44.2452959,1.66667E-08
10/08/2018 05:00,3.295849333,0,50.63198758,0.082000533
10/08/2018 06:00,4.179167667,0,49.8615319,0.098000367
10/08/2018 07:00,4.012511,8.244504333,48.20459747,1.66667E-06
10/08/2018 08:00,4.845835333,11.728049,50.12523863,0.0000001
10/08/2018 09:00,0,8.033025667,48.97524758,7.503541233
10/08/2018 10:00,4.062627,0,53.306906,131.6554189
10/08/2018 11:00,4.112638,0,58.43772722,301.6397098
10/08/2018 12:00,4.129179667,0,60.89355865,127.6108976
10/08/2018 13:00,0,0,56.01024872,5.894239917
10/08/2018 14:00,0,7.887993667,68.9661725,0
10/08/2018 15:00,0,9.935065667,70.11115227,0
10/08/2018 16:00,0.025119,13.532998,57.24024368,8.840028867
10/08/2018 17:00,0.025119,9.206306,57.23440573,141.6161842
10/08/2018 18:00,0.0126,0,60.14116175,301.4257767
10/08/2018 19:00,0.0126,0,68.85909872,118.3325263
10/08/2018 20:00,0.0126,0,75.8540932,6.1997243
10/08/2018 21:00,0.0126,0,69.3289,0
10/08/2018 22:00,0.0126,0,64.05115038,0
10/08/2018 23:00,0,0,31.18005028,0
11/08/2018 00:00,0,0,10.75108248,0
11/08/2018 01:00,0,0,25.46276367,0
11/08/2018 02:00,0,0,37.15610422,0
11/08/2018 03:00,0,0,44.0452583,0
11/08/2018 04:00,0,0,52.6525178,0
11/08/2018 05:00,3.479183667,0,56.33229328,0.060000817
11/08/2018 06:00,4.162505,0,59.75460262,0.104000267
11/08/2018 07:00,4.845829333,7.007250333,59.12651158,0.028000983
11/08/2018 08:00,4.162514,9.435129667,64.3502217,0.0000005
11/08/2018 09:00,0,9.14857,58.56856145,6.4262439
11/08/2018 10:00,4.012627,0,59.32689557,125.0006268
11/08/2018 11:00,4.020962333,0,59.24606803,289.8038502
11/08/2018 12:00,3.929187667,0,56.78273785,145.7579633
11/08/2018 13:00,0,0,57.43609627,9.056295017
11/08/2018 14:00,0,8.131381,65.2795213,0
11/08/2018 15:00,0,11.81247167,72.37949273,0
11/08/2018 16:00,0.00012,13.000552,58.30441455,4.1695252
11/08/2018 17:00,0.075117,9.492636667,54.09191303,118.7308771
11/08/2018 18:00,0.0126,0,48.8317491,314.7503693
11/08/2018 19:00,0.0126,0,57.99601903,132.0792385
11/08/2018 20:00,0.0126,0,66.42225945,6.457842133
11/08/2018 21:00,0.0126,0,60.6127665,0
11/08/2018 22:00,0.0126,0,58.52633982,0
11/08/2018 23:00,0,0,21.86976723,0
12/08/2018 00:00,0,0,0,0
12/08/2018 01:00,0,0,0,0
12/08/2018 02:00,0,0,0,0
12/08/2018 03:00,0,0,0,0
12/08/2018 04:00,0,0,0,0
12/08/2018 05:00,4.879160667,0,0,0.018001283
12/08/2018 06:00,3.912511,0,0,0.10500025
12/08/2018 07:00,3.079199667,8.218832,0,0.05700055
12/08/2018 08:00,4.945826333,9.740912,0,1.66667E-07
12/08/2018 09:00,0,9.107621667,0,6.550511167
12/08/2018 10:00,3.229314667,0,0,128.1594046
12/08/2018 11:00,4.53762,0,0,297.307963
12/08/2018 12:00,4.029176667,0,0,135.1500215
12/08/2018 13:00,0,0,0,8.080778483
12/08/2018 14:00,0,8.542861667,0,0
12/08/2018 15:00,0,10.11427933,0,0
12/08/2018 16:00,0.050118,13.04384933,0,4.91912635
12/08/2018 17:00,0.025119,9.172106333,0,114.1206963
12/08/2018 18:00,0.0126,0,0,304.5387088
12/08/2018 19:00,0.0126,0,0,144.7152825
12/08/2018 20:00,0.0126,0,0,6.738178733
12/08/2018 21:00,0.0126,0,0,0
12/08/2018 22:00,0.0126,0,0,0
12/08/2018 23:00,0,0,0,0
13/08/2018 00:00,0,0,8.257753317,0
13/08/2018 01:00,0,0,24.4219311,0
13/08/2018 02:00,0,0,36.41277617,0
13/08/2018 03:00,0,0,41.84777,0
13/08/2018 04:00,0,0,47.56686582,0
13/08/2018 05:00,4.645835333,0,56.40112343,0.033000867
13/08/2018 06:00,4.112512,0,57.878271,0.100000333
13/08/2018 07:00,4.245830333,9.453623,52.95994385,0.056000733
13/08/2018 08:00,3.46252,10.53902233,49.3810695,0.00000025
13/08/2018 09:00,0,10.303367,51.6510697,10.80729413
13/08/2018 10:00,3.754299667,0,52.47773863,148.4484969
13/08/2018 11:00,4.195959333,0,53.35774502,296.1169616
13/08/2018 12:00,4.245850333,0,53.32941315,116.7450423
13/08/2018 13:00,0,0,57.6444063,7.144842233
13/08/2018 14:00,0,6.859967333,66.27617655,0
13/08/2018 15:00,0,10.29424633,64.09533743,0
13/08/2018 16:00,0.025119,12.19236467,61.03275145,7.64417665
13/08/2018 17:00,0.00012,8.706187,59.14023818,140.7943189
13/08/2018 18:00,0.0126,0,56.95540393,296.9901963
13/08/2018 19:00,0.0126,0,67.15093422,124.1465273
13/08/2018 20:00,0.0126,0,77.11757823,6.425646617
13/08/2018 21:00,0.0126,0,72.3177306,0
13/08/2018 22:00,0.0126,0,62.9144106,0
13/08/2018 23:00,0,0,23.44076438,0
14/08/2018 00:00,0,0,6.451937817,0
14/08/2018 01:00,0,0,21.74277305,0
14/08/2018 02:00,0,0,28.16945138,0
14/08/2018 03:00,0,0,36.67777183,0
14/08/2018 04:00,0,0,42.00945808,0.0120008
14/08/2018 05:00,4.062503,0,47.96414305,0.104000267
14/08/2018 06:00,3.712516,0,53.90028887,0.0720008
14/08/2018 07:00,4.129174667,8.713767,56.36110133,0.000002
14/08/2018 08:00,3.829178667,10.20411033,55.95440265,7.16667E-07
14/08/2018 09:00,0,8.399414333,54.1677308,9.7679777
14/08/2018 10:00,3.68764,0,52.91523648,138.8585022
14/08/2018 11:00,4.745956333,0,52.51857037,290.141601
14/08/2018 12:00,4.495838333,0,56.08689887,130.5389238
14/08/2018 13:00,0,0,58.51857752,7.1599459
14/08/2018 14:00,0,9.662881667,69.1186765,0
14/08/2018 15:00,0,11.333301,69.85865797,0
14/08/2018 16:00,0.00012,9.426066,56.52023743,5.9899803
14/08/2018 17:00,0.025119,10.08428033,57.23022765,132.4793413
14/08/2018 18:00,0.0126,0,57.52798955,309.6375708
14/08/2018 19:00,0.0126,0,66.19652117,122.623678
14/08/2018 20:00,0.0126,0,71.1177455,3.948783317
14/08/2018 21:00,0.0126,0,69.35189597,0
14/08/2018 22:00,0.0126,0,58.07859088,0
14/08/2018 23:00,0,0,24.13291722,0
15/08/2018 00:00,0,0,8.5010894,0
15/08/2018 01:00,0,0,25.05777368,0
15/08/2018 02:00,0,0,37.2119432,0
15/08/2018 03:00,0,0,43.85275907,0
15/08/2018 04:00,0,0,44.48603473,3.83333E-07
15/08/2018 05:00,4.345827333,0,45.52880342,0.070000833
15/08/2018 06:00,4.162512,0,50.23336213,0.100000333
15/08/2018 07:00,5.229155667,8.586239,48.75835692,0.010001233
15/08/2018 08:00,4.045845333,13.29714367,52.59024157,3.33333E-07
15/08/2018 09:00,0,7.824508333,54.40607125,5.0049448
15/08/2018 10:00,4.520959333,0,56.92940065,130.9784582
15/08/2018 11:00,3.545971333,0,58.57273057,302.9449931
15/08/2018 12:00,2.812536,0,60.14605273,129.1916029
15/08/2018 13:00,0,0,59.34523383,6.441481233
15/08/2018 14:00,0,8.618758,63.69534825,0
15/08/2018 15:00,0,11.87918733,64.60699833,0
15/08/2018 16:00,0.00012,9.141864333,49.07941882,5.878949483
15/08/2018 17:00,0.025119,8.561118,53.37941778,136.0433727
15/08/2018 18:00,0.0126,0,55.1675814,297.6764119
15/08/2018 19:00,0.0126,0,63.38043932,130.0279059
15/08/2018 20:00,0.0126,0,72.22416792,7.691541217
15/08/2018 21:00,0.0126,0,71.31372972,0
15/08/2018 22:00,0.0126,0,57.68898907,0
15/08/2018 23:00,0,0,22.58284377,0
16/08/2018 00:00,0,0,7.46108305,0
16/08/2018 01:00,0,0,23.35859817,0
16/08/2018 02:00,0,0,33.46277853,0
16/08/2018 03:00,0,0,39.54859558,0
16/08/2018 04:00,0,0,48.23143878,0.000001
16/08/2018 05:00,3.679193667,0,51.79229012,0.038001367
16/08/2018 06:00,4.262512,0,49.5461033,0.107000217
16/08/2018 07:00,4.595835333,6.842451333,49.99185523,0.03500125
16/08/2018 08:00,3.679174667,8.126002,53.8477424,4.66667E-07
16/08/2018 09:00,0,8.756964333,58.5427334,7.745298733
16/08/2018 10:00,3.970964333,0,58.61106102,140.2822069
16/08/2018 11:00,4.795944333,0,59.39189135,286.907502
16/08/2018 12:00,3.629184667,0,55.26606312,136.6907896
16/08/2018 13:00,0,0,53.11691048,4.879748217
16/08/2018 14:00,0,10.10760567,66.25533295,0
16/08/2018 15:00,0,11.78646233,66.33699655,0
16/08/2018 16:00,0.00012,12.16987267,52.29525288,4.911938783
16/08/2018 17:00,0.075117,9.629523333,47.64025163,128.7675736
16/08/2018 18:00,0.0126,0,51.06650123,310.9163536
16/08/2018 19:00,0.0126,0,67.75176312,126.7946027
16/08/2018 20:00,0.0126,0,74.25299028,5.19999325
16/08/2018 21:00,0.0126,0,65.25842372,0
16/08/2018 22:00,0.0126,0,52.5875327,0
16/08/2018 23:00,0,0,22.54982265,0
17/08/2018 00:00,0,0,10.81692677,0
17/08/2018 01:00,0,0,29.46192455,0
17/08/2018 02:00,0,0,36.90276662,0
17/08/2018 03:00,0,0,42.98025638,0
17/08/2018 04:00,0,0,48.51593207,2.16667E-07
17/08/2018 05:00,3.779184667,0,54.47437457,0.028001233
17/08/2018 06:00,3.612523,0,59.3253556,0.12
17/08/2018 07:00,3.529184667,8.671920333,54.87467838,0.032001467
17/08/2018 08:00,4.512502,10.87149833,53.13273792,9.33333E-07
17/08/2018 09:00,0,9.638704,57.2494109,5.5281618
17/08/2018 10:00,3.962636,0,58.52857327,134.9477162
17/08/2018 11:00,5.029276667,0,59.19107043,305.6013924
17/08/2018 12:00,4.212501,0,57.7010707,125.3539217
17/08/2018 13:00,0,0,56.49858268,3.895845083
17/08/2018 14:00,0,9.710285667,66.86118227,0
17/08/2018 15:00,0,12.315578,67.7711719,0
17/08/2018 16:00,0.025119,10.17267367,54.73691318,8.268578633
17/08/2018 17:00,0.025119,7.464670333,58.16356738,136.0821372
17/08/2018 18:00,0.0126,0,50.70950818,289.1623986
17/08/2018 19:00,0.0126,0,61.85527938,133.6928951
17/08/2018 20:00,0.0126,0,71.99491798,8.5741961
17/08/2018 21:00,0.0126,0,69.70566065,0
17/08/2018 22:00,0.0126,0,58.83108493,0
17/08/2018 23:00,0,0,22.43475215,0
18/08/2018 00:00,0,0,7.965257683,0
18/08/2018 01:00,0,0,21.4252718,0
18/08/2018 02:00,0,0,35.1619384,0
18/08/2018 03:00,0,0,40.42859562,0
18/08/2018 04:00,0,0,46.05953375,0.027000433
18/08/2018 05:00,4.012509,0,52.55821248,0.1140001
18/08/2018 06:00,3.912518,0,53.90360518,0.03900135
18/08/2018 07:00,4.195845333,7.277225333,54.75917427,1.76667E-06
18/08/2018 08:00,3.712515,10.11426733,56.3110544,0
18/08/2018 09:00,0,8.958725,52.25689948,5.535813717
18/08/2018 10:00,4.029299667,0,49.92774767,123.7339946
18/08/2018 11:00,4.079294667,0,55.85357152,307.2313739
18/08/2018 12:00,4.645828333,0,57.80523585,131.3998289
18/08/2018 13:00,0,0,51.9560902,6.7697164
18/08/2018 14:00,0,8.748677,64.78534285,0
18/08/2018 15:00,0,11.723291,66.05949128,0
18/08/2018 16:00,0.075117,13.03873233,53.19441885,5.4338997
18/08/2018 17:00,0.025119,8.35366,54.1102452,133.3053595
18/08/2018 18:00,0.0126,0,59.46466608,297.6128801
18/08/2018 19:00,0.0126,0,66.38203875,132.5953103
18/08/2018 20:00,0.0126,0,71.96368387,6.8396977
18/08/2018 21:00,0.0126,0,73.05540703,0
18/08/2018 22:00,0.0126,0,66.86465683,0
18/08/2018 23:00,0,0,26.1382634,0
19/08/2018 00:00,0,0,0,0
19/08/2018 01:00,0,0,0,0
19/08/2018 02:00,0,0,0,0
19/08/2018 03:00,0,0,0,0
19/08/2018 04:00,0,0,0,0
19/08/2018 05:00,4.262512,0,0,0.034001
19/08/2018 06:00,4.362499,0,0,0.086000567
19/08/2018 07:00,3.812525,7.446346,0,0.060001
19/08/2018 08:00,4.362501,10.83916133,0,0.005000533
19/08/2018 09:00,0,10.62020667,0,2.8414294
19/08/2018 10:00,3.120986333,0,0,120.7200911
19/08/2018 11:00,3.945963333,0,0,311.3765211
19/08/2018 12:00,4.745822333,0,0,135.6492154
19/08/2018 13:00,0,0,0,5.840559867
19/08/2018 14:00,0,8.742939667,0,0
19/08/2018 15:00,0,10.090887,0,0
19/08/2018 16:00,0.050118,11.07400333,0,8.263376483
19/08/2018 17:00,0.025119,9.751852333,0,142.6131348
19/08/2018 18:00,0.0126,0,0,294.1666632
19/08/2018 19:00,0.0126,0,0,123.604696
19/08/2018 20:00,0.0126,0,0,6.863843283
19/08/2018 21:00,0.0126,0,0,0
19/08/2018 22:00,0.0126,0,0,0
19/08/2018 23:00,0,0,0,0
20/08/2018 00:00,0,0,7.0352598,0
20/08/2018 01:00,0,0,22.23693828,0
20/08/2018 02:00,0,0,37.2661012,0
20/08/2018 03:00,0,0,42.62942358,0
20/08/2018 04:00,0,0,43.74703188,0.0000006
20/08/2018 05:00,4.31251,0,47.35680938,0.08100065
20/08/2018 06:00,3.829171667,0,38.88180378,0.09900035
20/08/2018 07:00,4.445835333,8.926257,36.89854472,0.00000165
20/08/2018 08:00,3.495855333,9.694274333,44.82525097,3.33333E-08
20/08/2018 09:00,0,11.03906933,49.04940715,8.29205575
20/08/2018 10:00,4.562624,0,58.33521588,142.9522313
20/08/2018 11:00,3.487641,0,60.97438025,300.2118277
20/08/2018 12:00,4.479171667,0,58.75522698,120.3186081
20/08/2018 13:00,0,0,57.96690688,4.176644867
20/08/2018 14:00,0,10.97428533,66.66617965,0
20/08/2018 15:00,0,9.874314333,66.71532953,0
20/08/2018 16:00,0.050118,10.48752867,53.3994275,5.044125217
20/08/2018 17:00,0.025119,7.408873,54.96274085,106.2925347
20/08/2018 18:00,0.0126,0,53.73615472,300.3384611
20/08/2018 19:00,0.0126,0,65.19959223,155.7259779
20/08/2018 20:00,0.0126,0,69.84375762,10.1750655
20/08/2018 21:00,0.0126,0,68.32330673,0
20/08/2018 22:00,0.0126,0,58.83641017,0
20/08/2018 23:00,0,0,26.8190015,0
21/08/2018 00:00,0,0,11.8019195,0
21/08/2018 01:00,0,0,32.14692932,0
21/08/2018 02:00,0,0,43.5227603,0
21/08/2018 03:00,0,0,45.80691918,0
21/08/2018 04:00,0,0,49.32468408,0
21/08/2018 05:00,4.562495,0,50.68662823,0.02000065
21/08/2018 06:00,4.095846333,0,50.60695938,0.112000133
21/08/2018 07:00,3.479189667,9.983573,47.01919728,0.050001
21/08/2018 08:00,4.112507,11.355635,47.36524135,1.83333E-07
21/08/2018 09:00,0,8.55369,48.48107835,6.918130917
21/08/2018 10:00,4.320959333,0,50.75274815,113.9393623
21/08/2018 11:00,4.337624,0,51.98941217,292.7144977
21/08/2018 12:00,3.729186667,0,54.67440477,152.5564613
21/08/2018 13:00,0,0,57.98358162,9.4484577
21/08/2018 14:00,0,8.838691,72.99783743,0
21/08/2018 15:00,0,11.13240767,72.94532587,0
21/08/2018 16:00,0.025119,10.19492467,57.67191207,3.240046683
21/08/2018 17:00,0.025119,7.996504,56.07691,113.4147372
21/08/2018 18:00,0.0126,0,52.6876558,302.665576
21/08/2018 19:00,0.0126,0,64.85425615,149.7612541
21/08/2018 20:00,0.0126,0,72.59556783,8.3001149
21/08/2018 21:00,0.0126,0,67.6269898,0
21/08/2018 22:00,0.0126,0,56.38218248,0
21/08/2018 23:00,0,0,22.94808883,0
22/08/2018 00:00,0,0,7.377768583,0
22/08/2018 01:00,0,0,24.148599,0
22/08/2018 02:00,0,0,36.38443597,0
22/08/2018 03:00,0,0,42.24443018,0
22/08/2018 04:00,0,0,40.714874,1.66667E-08
22/08/2018 05:00,4.079173667,0,49.51555288,0.0410011
22/08/2018 06:00,3.779181667,0,49.21579922,0.106000233
22/08/2018 07:00,4.329169667,7.757922667,49.90627282,0.037001267
22/08/2018 08:00,3.812516,13.38721967,49.07524783,0.00000035
22/08/2018 09:00,0,8.276263,54.6235742,8.76898265
22/08/2018 10:00,4.470957333,0,50.58608502,129.1456431
22/08/2018 11:00,3.587634,0,51.35857757,299.1251443
22/08/2018 12:00,4.579175667,0,56.49439918,130.330503
22/08/2018 13:00,0,0,58.01357098,7.3939789
22/08/2018 14:00,0,8.133924,72.2686601,0
22/08/2018 15:00,0,9.474132333,79.81697595,0
22/08/2018 16:00,0.00012,11.988143,68.84356378,5.738978
22/08/2018 17:00,0.050118,8.617891667,61.88356768,119.2150443
22/08/2018 18:00,0.0126,0,59.59507268,296.5936129
22/08/2018 19:00,0.0126,0,71.0846039,146.3772965
22/08/2018 20:00,0.0126,0,75.74616953,8.05829565
22/08/2018 21:00,0.0126,0,74.8756487,0
22/08/2018 22:00,0.0126,0,58.02717502,0
22/08/2018 23:00,0,0,22.66842333,0
23/08/2018 00:00,0,0,6.61859085,0
23/08/2018 01:00,0,0,20.286114,0
23/08/2018 02:00,0,0,30.18944852,0
23/08/2018 03:00,0,0,37.50193893,0
23/08/2018 04:00,0,0,43.78686578,0.00000035
23/08/2018 05:00,4.195838333,0,51.57055577,0.046001233
23/08/2018 06:00,4.179179667,0,53.05161255,0.110000167
23/08/2018 07:00,3.362526,9.064546333,52.29450743,0.024001033
23/08/2018 08:00,3.662516,10.673521,54.8543878,0.00000015
23/08/2018 09:00,0,9.388607,52.765233,8.540792367
23/08/2018 10:00,4.695954333,0,51.28607145,132.7641707
23/08/2018 11:00,3.879299667,0,55.21523372,282.9023211
23/08/2018 12:00,4.662494,0,57.23189643,143.0534146
23/08/2018 13:00,0,0,54.32441408,9.010262317
23/08/2018 14:00,0,7.992959667,65.40118207,0
23/08/2018 15:00,0,11.723099,68.3469949,0
23/08/2018 16:00,0.025119,9.809887667,52.38691468,5.54461255
23/08/2018 17:00,0.025119,9.573635,52.6910705,126.2560743
23/08/2018 18:00,0.0126,0,56.49599425,298.7444778
23/08/2018 19:00,0.0126,0,65.43610452,137.9076178
23/08/2018 20:00,0.0126,0,74.87182273,7.613241967
23/08/2018 21:00,0.0126,0,73.16740287,0
23/08/2018 22:00,0.0126,0,56.82476228,0
23/08/2018 23:00,0,0,20.00002613,0
24/08/2018 00:00,0,0,7.8327574,0
24/08/2018 01:00,0,0,19.38609903,0
24/08/2018 02:00,0,0,32.09611255,0
24/08/2018 03:00,0,0,38.3636024,0
24/08/2018 04:00,0,0,49.95061542,0
24/08/2018 05:00,3.779182667,0,52.88514232,0.019000683
24/08/2018 06:00,2.995863333,0,58.11544282,0.089000517
24/08/2018 07:00,5.212491,8.882032333,52.3398511,0.071000567
24/08/2018 08:00,3.162527,10.30171033,51.51274672,0.001000567
24/08/2018 09:00,0,7.683834,50.08857963,8.745504033
24/08/2018 10:00,4.579286667,0,48.02024482,144.3564377
24/08/2018 11:00,3.520973333,0,56.15356933,302.0369924
24/08/2018 12:00,5.362485,0,53.10940412,117.2286113
24/08/2018 13:00,0,0,54.66607882,3.4121466
24/08/2018 14:00,0,8.063906,69.83367075,0
24/08/2018 15:00,0,11.56227767,73.87365242,0
24/08/2018 16:00,0.025119,12.64206967,61.21774092,9.830775883
24/08/2018 17:00,0.050118,9.432867667,56.1035721,143.0314008
24/08/2018 18:00,0.0126,0,62.18649388,299.7732103
24/08/2018 19:00,0.0126,0,75.22602003,118.0084102
24/08/2018 20:00,0.0126,0,77.15257545,5.129809933
24/08/2018 21:00,0.0126,0,71.95614913,0
24/08/2018 22:00,0.0126,0,57.66534378,0
24/08/2018 23:00,0,0,22.78883587,0
25/08/2018 00:00,0,0,7.021099883,0
25/08/2018 01:00,0,0,26.81026578,0
25/08/2018 02:00,0,0,35.03110163,0
25/08/2018 03:00,0,0,43.09859198,0
25/08/2018 04:00,0,0,50.73769582,0.00000035
25/08/2018 05:00,3.445862333,0,54.63597135,0.03900115
25/08/2018 06:00,3.962515,0,56.43435492,0.12
25/08/2018 07:00,3.812523,8.203048667,54.08951662,0.02600095
25/08/2018 08:00,4.062504,13.735404,52.34107805,0
25/08/2018 09:00,0,7.528802,52.47607498,4.996759383
25/08/2018 10:00,5.254274667,0,55.59690023,124.5655414
25/08/2018 11:00,3.904291667,0,52.08024207,304.1776919
25/08/2018 12:00,4.245835333,0,55.4244093,136.7146231
25/08/2018 13:00,0,0,53.6010835,6.223281167
25/08/2018 14:00,0,8.155444667,67.62866665,0
25/08/2018 15:00,0,10.46491767,70.466983,0
25/08/2018 16:00,0.00012,10.875739,55.4885792,9.00308
25/08/2018 17:00,0.00012,9.0837,52.21941188,124.6124776
25/08/2018 18:00,0.0126,0,55.68824123,295.0397638
25/08/2018 19:00,0.0126,0,62.45903948,140.2018375
25/08/2018 20:00,0.0126,0,68.5645892,6.714027067
25/08/2018 21:00,0.0126,0,66.17565232,0
25/08/2018 22:00,0.0126,0,54.53150642,0
25/08/2018 23:00,0,0,22.38266752,0
26/08/2018 00:00,0,0,0,0
26/08/2018 01:00,0,0,0,0
26/08/2018 02:00,0,0,0,0
26/08/2018 03:00,0,0,0,0
26/08/2018 04:00,0,0,0,0.001000883
26/08/2018 05:00,3.262527,0,0,0.060001
26/08/2018 06:00,4.329175667,0,0,0.082000633
26/08/2018 07:00,4.629165667,9.551969333,0,0.037001383
26/08/2018 08:00,4.745827333,11.86468267,0,4.33333E-07
26/08/2018 09:00,0,9.387743667,0,4.949992733
26/08/2018 10:00,4.037625,0,0,117.1494429
26/08/2018 11:00,4.095957333,0,0,302.8273095
26/08/2018 12:00,3.562529,0,0,144.5825518
26/08/2018 13:00,0,0,0,7.160280133
26/08/2018 14:00,0,9.665388667,0,0
26/08/2018 15:00,0,10.20917633,0,0
26/08/2018 16:00,0.00012,9.420162667,0,3.224273033
26/08/2018 17:00,0.025119,7.343944,0,120.5919889
26/08/2018 18:00,0.0126,0,0,312.8686706
26/08/2018 19:00,0.0126,0,0,132.403708
26/08/2018 20:00,0.0126,0,0,6.004479233
26/08/2018 21:00,0.0126,0,0,0
26/08/2018 22:00,0.0126,0,0,0
26/08/2018 23:00,0,0,0,0
27/08/2018 00:00,0,0,9.0919243,0
27/08/2018 01:00,0,0,27.43943167,0
27/08/2018 02:00,0,0,41.6927644,0
27/08/2018 03:00,0,0,49.25108025,0
27/08/2018 04:00,0,0,44.38520998,0
27/08/2018 05:00,4.162509,0,42.6173118,0.049000533
27/08/2018 06:00,3.679195667,0,49.26852788,0.12
27/08/2018 07:00,4.012504,10.75429533,45.7226053,0.0110011
27/08/2018 08:00,3.995837333,10.78231067,48.3960766,0
27/08/2018 09:00,0,7.499642333,55.79024197,6.925709717
27/08/2018 10:00,4.045976333,0,59.23606945,124.9738056
27/08/2018 11:00,5.387596,0,62.22938628,302.4090114
27/08/2018 12:00,3.329190667,0,63.4260564,136.8414718
27/08/2018 13:00,0,0,54.63941713,4.8090331
27/08/2018 14:00,0,7.023933,61.44868087,0
27/08/2018 15:00,0,11.43409233,60.65117777,0
27/08/2018 16:00,0.025119,12.07660733,55.0219199,9.768509367
27/08/2018 17:00,0.050118,8.773725,58.93107287,136.315468
27/08/2018 18:00,0.0126,0,57.13741497,299.4540619
27/08/2018 19:00,0.0126,0,68.22868978,123.8717233
27/08/2018 20:00,0.0126,0,73.56774263,6.57332615
27/08/2018 21:00,0.0126,0,72.13282502,0
27/08/2018 22:00,0.0126,0,58.6216792,0
27/08/2018 23:00,0,0,24.94841125,0
28/08/2018 00:00,0,0,5.811091567,0
28/08/2018 01:00,0,0,19.3269464,0
28/08/2018 02:00,0,0,37.51193435,0
28/08/2018 03:00,0,0,47.67274475,0
28/08/2018 04:00,0,0,51.74376943,0
28/08/2018 05:00,4.179176667,0,53.32772645,0.008001517
28/08/2018 06:00,4.295835333,0,51.89503393,0.09900035
28/08/2018 07:00,3.695853333,9.402755667,54.06443243,0.0730005
28/08/2018 08:00,3.862516,12.170765,56.53523158,8.33333E-08
28/08/2018 09:00,0,8.652753667,57.80939555,5.801443133
28/08/2018 10:00,4.604283667,0,56.23273275,124.7047882
28/08/2018 11:00,3.579308667,0,55.97773365,299.57651
28/08/2018 12:00,4.395835333,0,54.77189657,140.1064368
28/08/2018 13:00,0,0,56.83024623,5.598676633
28/08/2018 14:00,0,6.414813333,69.52451035,0
28/08/2018 15:00,0,10.42646733,68.46033127,0
28/08/2018 16:00,0.075117,11.91495967,53.41942432,11.81414668
28/08/2018 17:00,0.00012,9.306164,49.36359023,121.5201133
28/08/2018 18:00,0.0126,0,45.14568315,286.2131171
28/08/2018 19:00,0.0126,0,59.52578673,147.112132
28/08/2018 20:00,0.0126,0,74.75667402,9.51153065
28/08/2018 21:00,0.0126,0,74.98556588,0
28/08/2018 22:00,0.0126,0,62.28866452,0
28/08/2018 23:00,0,0,23.32467207,0
29/08/2018 00:00,0,0,9.522755267,0
29/08/2018 01:00,0,0,26.99526603,0
29/08/2018 02:00,0,0,39.7144376,0
29/08/2018 03:00,0,0,46.30858577,0
29/08/2018 04:00,0,0,45.35927928,0
29/08/2018 05:00,3.845852333,0,54.58212253,0.0060013
29/08/2018 06:00,4.045842333,0,50.82594353,0.113000117
29/08/2018 07:00,4.479176667,8.155422667,50.02926882,0.063000633
29/08/2018 08:00,3.86251,12.462892,51.02440897,0.0000001
29/08/2018 09:00,0,8.679564333,50.28774762,5.785812267
29/08/2018 10:00,4.754279667,0,52.76940243,123.1047412
29/08/2018 11:00,4.212634,0,48.99858088,301.6396431
29/08/2018 12:00,3.412514,0,52.07107947,138.8621464
29/08/2018 13:00,0,0,52.57024843,6.887061467
29/08/2018 14:00,0,9.186043,65.36950972,0
29/08/2018 15:00,0,10.04010667,75.32031128,0
29/08/2018 16:00,0.025119,10.21023867,62.80023497,8.705579033
29/08/2018 17:00,0.050118,9.417799667,60.13607508,133.5775906
29/08/2018 18:00,0.0126,0,61.46874455,305.1849581
29/08/2018 19:00,0.0126,0,70.8025064,122.6897105
29/08/2018 20:00,0.0126,0,73.06825043,4.731730967
29/08/2018 21:00,0.0126,0,64.88909388,0
29/08/2018 22:00,0.0126,0,54.5611818,0
29/08/2018 23:00,0,0,21.0996848,0
30/08/2018 00:00,0,0,7.8235827,0
30/08/2018 01:00,0,0,26.35776447,0
30/08/2018 02:00,0,0,34.05277805,0
30/08/2018 03:00,0,0,41.16692268,0
30/08/2018 04:00,0,0,46.77461293,2.16667E-07
30/08/2018 05:00,4.295833333,0,57.08671015,0.037001383
30/08/2018 06:00,4.495833333,0,61.0640291,0.095000417
30/08/2018 07:00,4.695838333,10.70930733,58.81951925,0.05100115
30/08/2018 08:00,3.745852333,12.22476167,61.72523057,4.83333E-07
30/08/2018 09:00,0,8.957694667,60.10357235,5.394842783
30/08/2018 10:00,3.512641,0,57.21524707,121.6960728
30/08/2018 11:00,3.954299667,0,55.01857737,300.6577446
30/08/2018 12:00,3.912511,0,51.9402413,141.4970681
30/08/2018 13:00,0,0,53.08691372,8.103597467
30/08/2018 14:00,0,8.26883,61.30452233,0
30/08/2018 15:00,0,9.96599,62.6661651,0
30/08/2018 16:00,0.025119,9.441124,54.55857758,11.68162918
30/08/2018 17:00,0.050118,9.122688667,53.5144115,130.918895
30/08/2018 18:00,0.0126,0,59.08965735,284.1103846
30/08/2018 19:00,0.0126,0,64.38044178,142.8534678
30/08/2018 20:00,0.0126,0,66.41126933,7.925646083
30/08/2018 21:00,0.0126,0,71.13465055,0
30/08/2018 22:00,0.0126,0,57.84807853,0
30/08/2018 23:00,0,0,24.74925363,0
31/08/2018 00:00,0,0,8.991923117,0
31/08/2018 01:00,0,0,27.86360112,0
31/08/2018 02:00,0,0,35.6261115,0
31/08/2018 03:00,0,0,41.42359502,0
31/08/2018 04:00,0,0,47.27861212,4.33333E-07
31/08/2018 05:00,4.245843333,0,51.20304972,0.062000967
31/08/2018 06:00,5.095824333,0,50.0546987,0.097000383
31/08/2018 07:00,3.829180667,7.257226333,45.92869468,0.02600135
31/08/2018 08:00,3.895844333,10.70144733,53.50690218,0
31/08/2018 09:00,0,9.627703667,54.20607165,6.746026483
31/08/2018 10:00,3.745968333,0,51.38690748,130.7780249
31/08/2018 11:00,3.787639,0,50.95691618,303.5367919
31/08/2018 12:00,4.012509,0,54.0427504,128.5972081
31/08/2018 13:00,0,0,54.92192138,5.590761417
31/08/2018 14:00,0,7.634731333,71.3361631,0
31/08/2018 15:00,0,11.00929033,74.67615613,0
31/08/2018 16:00,0.00012,12.68216967,70.678567,7.480062817
31/08/2018 17:00,0.075117,9.135369667,70.35188955,130.0626717
31/08/2018 18:00,0.0126,0,60.13349295,294.0621648
31/08/2018 19:00,0.0126,0,68.22250667,134.9928689
31/08/2018 20:00,0.0126,0,72.37225467,7.9954276
31/08/2018 21:00,0.0126,0,69.0095881,0
31/08/2018 22:00,0.0126,0,57.04218485,0
31/08/2018 23:00,0,0,25.89366538,0
01/09/2018 00:00,0,0,9.497760167,0
01/09/2018 01:00,0,0,26.14193055,0
01/09/2018 02:00,0,0,34.53860438,0
01/09/2018 03:00,0,0,39.28359458,0
01/09/2018 04:00,0,0,43.36419875,0.002000533
01/09/2018 05:00,4.445834333,0,46.87990093,0.0100013
01/09/2018 06:00,4.045844333,0,47.88655117,0.12
01/09/2018 07:00,4.829165667,7.107286333,52.82043182,0.050000283
01/09/2018 08:00,3.445858333,9.964399333,56.69106078,0
01/09/2018 09:00,0,9.114363333,53.9144084,6.75328465
01/09/2018 10:00,4.237619,0,54.9202461,130.710756
01/09/2018 11:00,3.712645,0,61.64189165,293.9671654
01/09/2018 12:00,3.895842333,0,56.63272925,139.0862867
01/09/2018 13:00,0,0,57.8710776,8.971209483
01/09/2018 14:00,0,7.632184333,74.16282763,0
01/09/2018 15:00,0,12.055596,76.20031268,0
01/09/2018 16:00,0.050118,12.76724567,59.35441303,5.48212815
01/09/2018 17:00,0.025119,9.682572667,54.95358027,120.1012278
01/09/2018 18:00,0.0126,0,60.6904116,301.3288601
01/09/2018 19:00,0.0126,0,69.02602347,143.5868617
01/09/2018 20:00,0.0126,0,74.23725188,6.031775533
01/09/2018 21:00,0.0126,0,60.92242577,0
01/09/2018 22:00,0.0126,0,54.02358245,0
01/09/2018 23:00,0,0,25.30141973,0
02/09/2018 00:00,0,0,0,0
02/09/2018 01:00,0,0,0,0
02/09/2018 02:00,0,0,0,0
02/09/2018 03:00,0,0,0,0
02/09/2018 04:00,0,0,0,0.0020005
02/09/2018 05:00,3.545850333,0,0,0.036001333
02/09/2018 06:00,4.145845333,0,0,0.080000667
02/09/2018 07:00,3.362527,8.532947667,0,0.060000833
02/09/2018 08:00,3.962506,10.52915933,0,0.004000017
02/09/2018 09:00,0,8.796121,0,5.605264617
02/09/2018 10:00,3.562645,0,0,123.555177
02/09/2018 11:00,5.129275667,0,0,306.2937741
02/09/2018 12:00,4.929158667,0,0,135.7811347
02/09/2018 13:00,0,0,0,4.887459867
02/09/2018 14:00,0,8.0414,0,0
02/09/2018 15:00,0,11.775479,0,0
02/09/2018 16:00,0.025119,10.75991367,0,3.380546117
02/09/2018 17:00,0.025119,8.622932667,0,113.6674815
02/09/2018 18:00,0.0126,0,0,306.0307085
02/09/2018 19:00,0.0126,0,0,145.3059502
02/09/2018 20:00,0.0126,0,0,7.605867217
02/09/2018 21:00,0.0126,0,0,0
02/09/2018 22:00,0.0126,0,0,0
02/09/2018 23:00,0,0,0,0
03/09/2018 00:00,0,0,8.554421883,0
03/09/2018 01:00,0,0,25.79194222,0
03/09/2018 02:00,0,0,40.59276753,0
03/09/2018 03:00,0,0,45.08858555,0
03/09/2018 04:00,0,0,47.16327618,0
03/09/2018 05:00,4.379173667,0,54.42370995,0.0360012
03/09/2018 06:00,4.162504,0,53.04819735,0.12
03/09/2018 07:00,4.329175667,6.420702667,57.69834997,0.024001583
03/09/2018 08:00,3.06253,9.505995,58.25856893,2.33333E-07
03/09/2018 09:00,0,11.75159933,56.99024053,7.85459715
03/09/2018 10:00,4.145955333,0,56.60273753,130.6945227
03/09/2018 11:00,4.179296667,0,60.56022475,290.8887994
03/09/2018 12:00,4.379172667,0,55.22522875,138.0409862
03/09/2018 13:00,0,0,53.63440797,8.76112915
03/09/2018 14:00,0,8.651259,64.94534345,0
03/09/2018 15:00,0,13.040446,70.80448867,0
03/09/2018 16:00,0.025119,10.043285,55.92858017,10.04185855
03/09/2018 17:00,0.025119,8.273777,51.34608173,147.8454198
03/09/2018 18:00,0.0126,0,49.8046799,298.3540951
03/09/2018 19:00,0.0126,0,63.55595145,114.9170026
03/09/2018 20:00,0.0126,0,71.1000033,6.12907975
03/09/2018 21:00,0.0126,0,68.68591152,0
03/09/2018 22:00,0.0126,0,56.29585557,0
03/09/2018 23:00,0,0,31.59849605,0
04/09/2018 00:00,0,0,8.232763233,0
04/09/2018 01:00,0,0,26.05192967,0
04/09/2018 02:00,0,0,42.25275982,0
04/09/2018 03:00,0,0,48.05274598,0
04/09/2018 04:00,0,0,45.15019918,5.16667E-07
04/09/2018 05:00,4.045846333,0,54.00138523,0.0240016
04/09/2018 06:00,4.329170667,0,60.92993102,0.12
04/09/2018 07:00,3.429189667,8.728651,55.95549898,0.0360003
04/09/2018 08:00,3.529180667,11.72988067,50.82024212,0
04/09/2018 09:00,0,10.35260567,49.80025492,6.230730033
04/09/2018 10:00,4.520955333,0,50.76691953,136.5300065
04/09/2018 11:00,4.83762,0,56.19940903,301.4143271
04/09/2018 12:00,3.995843333,0,59.97440963,124.3434924
04/09/2018 13:00,0,0,55.05941847,7.1053938
04/09/2018 14:00,0,6.523217667,65.86701587,0
04/09/2018 15:00,0,10.74745267,67.6803277,0
04/09/2018 16:00,0.00012,9.766743333,51.20942425,4.152962133
04/09/2018 17:00,0.00012,9.616848333,45.38525127,122.7991075
04/09/2018 18:00,0.0126,0,49.23075398,297.010947
04/09/2018 19:00,0.0126,0,64.94793413,143.1568497
04/09/2018 20:00,0.0126,0,73.18798905,8.0973458
04/09/2018 21:00,0.0126,0,72.59365725,0
04/09/2018 22:00,0.0126,0,62.00049028,0
04/09/2018 23:00,0,0,24.7395775,0
05/09/2018 00:00,0,0,6.9244258,0
05/09/2018 01:00,0,0,19.65277612,0
05/09/2018 02:00,0,0,34.14944507,0
05/09/2018 03:00,0,0,43.66942175,0
05/09/2018 04:00,0,0,50.99018735,0.016000067
05/09/2018 05:00,3.645850333,0,59.83020657,0.06000055
05/09/2018 06:00,5.012491,0,61.45684352,0.035001417
05/09/2018 07:00,3.629181667,7.748807,57.23217585,0.060000933
05/09/2018 08:00,3.662524,11.235641,57.0877304,0.015000233
05/09/2018 09:00,0,7.471439,56.73022655,7.9239795
05/09/2018 10:00,4.395958333,0,54.82522878,130.8774117
05/09/2018 11:00,4.745951333,0,61.3352237,305.3533268
05/09/2018 12:00,3.545851333,0,64.61272123,126.0976746
05/09/2018 13:00,0,0,59.29024413,4.707512183
05/09/2018 14:00,0,8.267995667,64.82618312,0
05/09/2018 15:00,0,12.43901233,63.95367462,0
05/09/2018 16:00,0.025119,11.305692,51.56026555,8.767648917
05/09/2018 17:00,0.025119,8.692740667,55.43275408,129.414592
05/09/2018 18:00,0.0126,0,58.78581628,291.6848663
05/09/2018 19:00,0.0126,0,59.83260937,138.5498542
05/09/2018 20:00,0.0126,0,66.85916623,7.7844814
05/09/2018 21:00,0.0126,0,65.8860805,0
05/09/2018 22:00,0.0126,0,53.94775617,0
05/09/2018 23:00,0,0,20.94533978,0
06/09/2018 00:00,0,0,9.888585817,0
06/09/2018 01:00,0,0,27.07026935,0
06/09/2018 02:00,0,0,39.787764,0
06/09/2018 03:00,0,0,41.84859723,0
06/09/2018 04:00,0,0,46.5516163,0
06/09/2018 05:00,3.979183667,0,54.75812813,0.0250009
06/09/2018 06:00,3.645855333,0,56.6991873,0.09900035
06/09/2018 07:00,4.195834333,8.894426333,50.97051792,0.06200095
06/09/2018 08:00,4.845833333,11.108093,54.36023758,1.66667E-08
06/09/2018 09:00,0,11.19984167,55.31940672,7.46569165
06/09/2018 10:00,3.779294667,0,52.2819115,127.0949593
06/09/2018 11:00,4.095962333,0,53.38773655,304.1834742
06/09/2018 12:00,4.095844333,0,50.77023728,133.7638376
06/09/2018 13:00,0,0,49.27526002,5.05197735
06/09/2018 14:00,0,8.498804,61.37119987,0
06/09/2018 15:00,0,10.66427933,69.85950198,0
06/09/2018 16:00,0.050118,9.307803667,57.36191292,4.01359605
06/09/2018 17:00,0.00012,7.824663333,56.03107688,104.8718227
06/09/2018 18:00,0.0126,0,58.974567,305.2930754
06/09/2018 19:00,0.0126,0,68.9813587,153.4494273
06/09/2018 20:00,0.0126,0,82.8650748,9.931492933
06/09/2018 21:00,0.0126,0,79.09415338,0
06/09/2018 22:00,0.0126,0,62.18292283,0
06/09/2018 23:00,0,0,21.68991753,0
07/09/2018 00:00,0,0,5.673580267,0
07/09/2018 01:00,0,0,19.45693955,0
07/09/2018 02:00,0,0,31.43028477,0
07/09/2018 03:00,0,0,36.6294395,0
07/09/2018 04:00,0,0,44.88945535,0
07/09/2018 05:00,4.245841333,0,50.37946227,0.04600065
07/09/2018 06:00,4.679167667,0,51.59777782,0.12
07/09/2018 07:00,3.579187667,9.341911333,51.7235086,0.01400145
07/09/2018 08:00,4.612494,10.25922833,49.93774162,5.16667E-07
07/09/2018 09:00,0,8.414660333,52.48107647,8.354264467
07/09/2018 10:00,3.745966333,0,54.88691122,130.1713687
07/09/2018 11:00,3.570974333,0,55.71440582,310.2357547
07/09/2018 12:00,4.179177667,0,55.90524055,121.942497
07/09/2018 13:00,0,0,56.51107775,3.373626967
07/09/2018 14:00,0,9.673684,69.44283013,0
07/09/2018 15:00,0,11.14409333,76.75113927,0
07/09/2018 16:00,0.050118,10.36414133,62.28856762,6.785411883
07/09/2018 17:00,0.025119,8.632692667,56.58356838,142.6996371
07/09/2018 18:00,0.0126,0,62.42524522,299.1264956
07/09/2018 19:00,0.0126,0,71.26635067,121.9824438
07/09/2018 20:00,0.0126,0,79.45383423,3.747632267
07/09/2018 21:00,0.0126,0,79.91180512,0
07/09/2018 22:00,0.0126,0,60.78999533,0
07/09/2018 23:00,0,0,22.72508883,0
08/09/2018 00:00,0,0,10.9460851,0
08/09/2018 01:00,0,0,26.11943172,0
08/09/2018 02:00,0,0,38.53859868,0
08/09/2018 03:00,0,0,42.94942227,0
08/09/2018 04:00,0,0,43.83528238,0.00900035
08/09/2018 05:00,3.162525,0,47.10830538,0.077000517
08/09/2018 06:00,3.662521,0,49.07487133,0.09300045
08/09/2018 07:00,5.395813333,10.14180933,48.21835395,0.013001283
08/09/2018 08:00,3.145870333,8.876710333,48.31774068,0.0000005
08/09/2018 09:00,0,8.001277,50.74273723,5.706847333
08/09/2018 10:00,4.604287667,0,54.69773408,135.6041218
08/09/2018 11:00,3.520973333,0,56.18857353,293.8472807
08/09/2018 12:00,5.145817333,0,56.5977379,132.3218533
08/09/2018 13:00,0,0,55.9869097,9.119498967
08/09/2018 14:00,0,8.882851667,62.83368503,0
08/09/2018 15:00,0,11.083228,69.47199817,0
08/09/2018 16:00,0.025119,12.148351,57.10191592,7.23019705
08/09/2018 17:00,0.025119,8.468681,57.85939687,133.9033074
08/09/2018 18:00,0.0126,0,61.09547747,299.8444452
08/09/2018 19:00,0.0126,0,68.73567493,127.3078939
08/09/2018 20:00,0.0126,0,75.54258897,7.488710017
08/09/2018 21:00,0.0126,0,73.22790268,0
08/09/2018 22:00,0.0126,0,58.39240835,0
08/09/2018 23:00,0,0,23.409065,0
09/09/2018 00:00,0,0,0,0
09/09/2018 01:00,0,0,0,0
09/09/2018 02:00,0,0,0,0
09/09/2018 03:00,0,0,0,0
09/09/2018 04:00,0,0,0,2.16667E-07
09/09/2018 05:00,5.329147667,0,0,0.0330014
09/09/2018 06:00,4.262505,0,0,0.071000817
09/09/2018 07:00,3.645852333,8.886124,0,0.06000045
09/09/2018 08:00,3.879184667,11.82487767,0,0.017000233
09/09/2018 09:00,0,9.626815333,0,9.721876583
09/09/2018 10:00,4.012635,0,0,146.1326467
09/09/2018 11:00,4.454284667,0,0,286.7002
09/09/2018 12:00,3.029199667,0,0,126.8927778
09/09/2018 13:00,0,0,0,7.3786825
09/09/2018 14:00,0,8.43866,0,0
09/09/2018 15:00,0,11.79140133,0,0
09/09/2018 16:00,0.050118,9.717674667,0,5.889811983
09/09/2018 17:00,0.025119,8.068088667,0,122.9812241
09/09/2018 18:00,0.0126,0,0,299.7675782
09/09/2018 19:00,0.0126,0,0,142.0224514
09/09/2018 20:00,0.0126,0,0,5.16839415
09/09/2018 21:00,0.0126,0,0,0
09/09/2018 22:00,0.0126,0,0,0
09/09/2018 23:00,0,0,0,0
10/09/2018 00:00,0,0,8.015264967,0
10/09/2018 01:00,0,0,25.33276905,0
10/09/2018 02:00,0,0,34.0461078,0
10/09/2018 03:00,0,0,41.76942548,0
10/09/2018 04:00,0,0,45.84286268,0
10/09/2018 05:00,4.462506,0,48.63504865,0.035000817
10/09/2018 06:00,4.145840333,0,51.24577758,0.109000183
10/09/2018 07:00,3.862515,9.949375333,43.62886008,0.03600135
10/09/2018 08:00,3.445857333,12.24985667,48.0102444,2.33333E-07
10/09/2018 09:00,0,9.719270333,53.3177379,10.51771333
10/09/2018 10:00,3.545974333,0,55.95106455,135.477188
10/09/2018 11:00,4.362623,0,56.82106652,297.0511136
10/09/2018 12:00,4.812492,0,54.07357278,126.909805
10/09/2018 13:00,0,0,57.29107865,5.4960282
10/09/2018 14:00,0,8.424690333,66.85367332,0
10/09/2018 15:00,0,9.657482667,70.96032302,0
10/09/2018 16:00,0.025119,9.457617667,60.0627465,10.30649427
10/09/2018 17:00,0.025119,8.081334,56.06774368,145.6367807
10/09/2018 18:00,0.0126,0,60.8269828,290.7656679
10/09/2018 19:00,0.0126,0,69.83243772,120.1724243
10/09/2018 20:00,0.0126,0,76.56098832,8.534074883
10/09/2018 21:00,0.0126,0,70.56741178,0
10/09/2018 22:00,0.0126,0,58.48009893,0
10/09/2018 23:00,0,0,22.80025058,0
11/09/2018 00:00,0,0,8.6710922,0
11/09/2018 01:00,0,0,24.41110587,0
11/09/2018 02:00,0,0,30.38278537,0
11/09/2018 03:00,0,0,38.89526378,0
11/09/2018 04:00,0,0,45.24069498,0.001000517
11/09/2018 05:00,4.312499,0,50.75854803,0.060001
11/09/2018 06:00,4.579172667,0,54.60544615,0.0840006
11/09/2018 07:00,4.012509,7.674618333,51.87093825,0.036001133
11/09/2018 08:00,3.995842333,11.79634733,53.6419065,0.0000002
11/09/2018 09:00,0,9.436142,56.62272632,8.424909967
11/09/2018 10:00,4.495963333,0,59.00022243,131.4122085
11/09/2018 11:00,3.779295667,0,58.27689715,289.6398003
11/09/2018 12:00,3.462526,0,58.33606387,136.5428341
11/09/2018 13:00,0,0,57.65357455,9.752210867
11/09/2018 14:00,0,7.049038,66.52118407,0
11/09/2018 15:00,0,10.87999467,75.1536519,0
11/09/2018 16:00,0.00012,10.713264,58.1819153,5.8640391
11/09/2018 17:00,0.050118,9.355255667,58.31773077,129.4021884
11/09/2018 18:00,0.0126,0,53.74882605,294.2134639
11/09/2018 19:00,0.0126,0,64.15360897,137.973518
11/09/2018 20:00,0.0126,0,64.6513419,8.034345817
11/09/2018 21:00,0.0126,0,65.19008357,0
11/09/2018 22:00,0.0126,0,55.74976135,0
11/09/2018 23:00,0,0,20.47034652,0
12/09/2018 00:00,0,0,7.746928133,0
12/09/2018 01:00,0,0,22.53193613,0
12/09/2018 02:00,0,0,29.58945073,0
12/09/2018 03:00,0,0,36.27860342,0
12/09/2018 04:00,0,0,46.48594885,0.003000017
12/09/2018 05:00,3.612509,0,54.11238337,0.095
12/09/2018 06:00,4.662501,0,56.57435698,0.085000583
12/09/2018 07:00,3.729194667,9.918606,57.38351352,0.0000015
12/09/2018 08:00,4.562502,9.516061,56.4993957,1.83333E-07
12/09/2018 09:00,0,8.556968333,56.79439185,6.371494217
12/09/2018 10:00,3.537638,0,54.7177377,137.5747691
12/09/2018 11:00,4.795948333,0,55.64106942,308.550623
12/09/2018 12:00,3.762514,0,51.12440583,120.0891104
12/09/2018 13:00,0,0,51.40691313,4.71602665
12/09/2018 14:00,0,7.867028333,65.5911743,0
12/09/2018 15:00,0,10.785881,72.28364753,0
12/09/2018 16:00,0.00012,11.375647,62.03190198,7.22952895
12/09/2018 17:00,0.025119,9.228657,58.44440327,137.0430606
12/09/2018 18:00,0.0126,0,56.90732407,300.3805963
12/09/2018 19:00,0.0126,0,59.95403567,125.2798053
12/09/2018 20:00,0.0126,0,75.6326752,6.838958767
12/09/2018 21:00,0.0126,0,72.20524892,0
12/09/2018 22:00,0.0126,0,64.23691482,0
12/09/2018 23:00,0,0,27.64891942,0
13/09/2018 00:00,0,0,9.560251317,0
13/09/2018 01:00,0,0,26.0010951,0
13/09/2018 02:00,0,0,34.95526647,0
13/09/2018 03:00,0,0,39.4710953,0
13/09/2018 04:00,0,0,43.51328068,0
13/09/2018 05:00,3.145862333,0,50.52147517,1.18333E-06
13/09/2018 06:00,4.112511,0,54.2366208,0.085000583
13/09/2018 07:00,4.729162667,6.976496,56.91993277,0.095000417
13/09/2018 08:00,3.745857333,12.893051,55.50023463,0.0000008
13/09/2018 09:00,0,9.717683667,52.94773875,4.6608093
13/09/2018 10:00,4.520954333,0,54.02356825,132.6972505
13/09/2018 11:00,4.18763,0,55.59355998,294.4084799
13/09/2018 12:00,4.195830333,0,56.92772853,136.4616175
13/09/2018 13:00,0,0,60.5402398,7.730864567
13/09/2018 14:00,0,10.735881,72.57284038,0
13/09/2018 15:00,0,8.912785667,71.4919954,0
13/09/2018 16:00,0.025119,10.91404533,59.35942093,9.0577611
13/09/2018 17:00,0.025119,7.673777,57.21940987,125.2184308
13/09/2018 18:00,0.0126,0,54.9894911,286.04455
13/09/2018 19:00,0.0126,0,63.29702143,148.8794861
13/09/2018 20:00,0.0126,0,70.43616987,8.144313017
13/09/2018 21:00,0.0126,0,67.3883348,0
13/09/2018 22:00,0.0126,0,55.67151052,0
13/09/2018 23:00,0,0,19.60617917,0
14/09/2018 00:00,0,0,8.592745383,0
14/09/2018 01:00,0,0,28.25442763,0
14/09/2018 02:00,0,0,35.64944093,0
14/09/2018 03:00,0,0,43.91692255,0
14/09/2018 04:00,0,0,50.2293544,0
14/09/2018 05:00,2.779199667,0,51.14113228,0.02100155
14/09/2018 06:00,4.545827333,0,54.87734615,0.088000533
14/09/2018 07:00,4.145843333,9.009429333,54.88017517,0.069000267
14/09/2018 08:00,3.045866333,8.801782333,52.88439472,0.003000533
14/09/2018 09:00,0,10.28170433,55.37438738,4.38772975
14/09/2018 10:00,4.33762,0,55.5119025,111.8353288
14/09/2018 11:00,5.370944333,0,51.39691042,305.1838741
14/09/2018 12:00,4.412507,0,53.54274293,147.0175508
14/09/2018 13:00,0,0,52.92108958,6.676316117
14/09/2018 14:00,0,7.755708667,64.3803432,0
14/09/2018 15:00,0,11.40747067,71.4128214,0
14/09/2018 16:00,0.025119,11.06498267,54.48108515,7.690213867
14/09/2018 17:00,0.025119,8.956902333,52.4644113,139.3697516
14/09/2018 18:00,0.0126,0,50.37325885,296.9673148
14/09/2018 19:00,0.0126,0,61.24845193,125.7728637
14/09/2018 20:00,0.0126,0,74.07975535,6.487714567
14/09/2018 21:00,0.0126,0,68.50266088,0
14/09/2018 22:00,0.0126,0,55.38734748,0
14/09/2018 23:00,0,0,24.64684045,0
15/09/2018 00:00,0,0,12.71524192,0
15/09/2018 01:00,0,0,30.05358472,0
15/09/2018 02:00,0,0,39.62026153,0
15/09/2018 03:00,0,0,44.94442265,0
15/09/2018 04:00,0,0,49.86553408,8.33333E-07
15/09/2018 05:00,4.529173667,0,56.5835372,0.083000617
15/09/2018 06:00,4.212511,0,55.4175208,0.098000367
15/09/2018 07:00,3.412522,8.439678333,50.77452352,0.0000014
15/09/2018 08:00,4.245833333,12.13995867,57.08690715,0.0000006
15/09/2018 09:00,0,9.257806667,57.5235737,8.15974375
15/09/2018 10:00,4.370959333,0,55.34107117,131.6205534
15/09/2018 11:00,3.445974333,0,55.99773455,287.514534
15/09/2018 12:00,4.395835333,0,52.83607723,139.9043368
15/09/2018 13:00,0,0,56.82191068,9.798912667
15/09/2018 14:00,0,6.332367333,64.69283935,0
15/09/2018 15:00,0,11.72726067,69.08199083,0
15/09/2018 16:00,0.050118,11.92459567,50.43274653,3.24386215
15/09/2018 17:00,0.025119,7.972878667,47.34524655,117.1975439
15/09/2018 18:00,0.0126,0,51.34234308,314.7765051
15/09/2018 19:00,0.0126,0,58.53787278,134.1832713
15/09/2018 20:00,0.0126,0,68.03100983,5.73085905
15/09/2018 21:00,0.0126,0,66.4102592,0
15/09/2018 22:00,0.0126,0,53.90343615,0
15/09/2018 23:00,0,0,19.82366878,0
16/09/2018 00:00,0,0,0,0
16/09/2018 01:00,0,0,0,0
16/09/2018 02:00,0,0,0,0
16/09/2018 03:00,0,0,0,0
16/09/2018 04:00,0,0,0,0.003000717
16/09/2018 05:00,3.945843333,0,0,0.110000167
16/09/2018 06:00,3.462517,0,0,0.067000883
16/09/2018 07:00,3.945854333,9.404504333,0,0.000002
16/09/2018 08:00,4.595834333,11.25991967,0,0.00000045
16/09/2018 09:00,0,11.56406333,0,6.996156983
16/09/2018 10:00,4.120959333,0,0,134.3231836
16/09/2018 11:00,4.029297667,0,0,300.9209099
16/09/2018 12:00,4.512503,0,0,126.5742555
16/09/2018 13:00,0,0,0,7.402492133
16/09/2018 14:00,0,7.453040667,0,0
16/09/2018 15:00,0,8.528555,0,0
16/09/2018 16:00,0.025119,11.30157533,0,4.520778
16/09/2018 17:00,0.050118,7.987091333,0,120.967112
16/09/2018 18:00,0.0126,0,0,302.0128102
16/09/2018 19:00,0.0126,0,0,140.6983843
16/09/2018 20:00,0.0126,0,0,10.02496327
16/09/2018 21:00,0.0126,0,0,0
16/09/2018 22:00,0.0126,0,0,0
16/09/2018 23:00,0,0,0,0
17/09/2018 00:00,0,0,6.294421567,0
17/09/2018 01:00,0,0,22.0269417,0
17/09/2018 02:00,0,0,31.9069467,0
17/09/2018 03:00,0,0,39.24276597,0
17/09/2018 04:00,0,0,46.65670217,0
17/09/2018 05:00,3.162526,0,52.19563802,0.036000833
17/09/2018 06:00,4.329169667,0,54.41269117,0.12
17/09/2018 07:00,4.479167667,7.142334333,53.9923508,0.03500085
17/09/2018 08:00,3.512527,10.87753067,60.76439085,0
17/09/2018 09:00,0,10.36504267,61.88105722,4.614183817
17/09/2018 10:00,4.212626,0,60.83022663,116.6305029
17/09/2018 11:00,4.345957333,0,56.60190063,305.0686585
17/09/2018 12:00,4.595834333,0,50.72774155,142.8302815
17/09/2018 13:00,0,0,48.10442137,7.35446575
17/09/2018 14:00,0,10.56172233,62.97619015,0
17/09/2018 15:00,0,11.37143433,71.10199055,0
17/09/2018 16:00,0.00012,7.368010667,59.74773792,8.043127967
17/09/2018 17:00,0.050118,9.451067,56.9610667,137.1715499
17/09/2018 18:00,0.0126,0,56.34466703,292.8149291
17/09/2018 19:00,0.0126,0,59.77787243,131.3632563
17/09/2018 20:00,0.0126,0,68.87333473,7.06674195
17/09/2018 21:00,0.0126,0,65.29432415,0
17/09/2018 22:00,0.0126,0,60.79225192,0
17/09/2018 23:00,0,0,26.20933905,0
18/09/2018 00:00,0,0,8.424420883,0
18/09/2018 01:00,0,0,23.60777115,0
18/09/2018 02:00,0,0,36.40444672,0
18/09/2018 03:00,0,0,44.47109097,0
18/09/2018 04:00,0,0,50.2219382,0.0000004
18/09/2018 05:00,4.912496,0,56.97429327,0.06000075
18/09/2018 06:00,3.695848333,0,57.15677943,0.092000467
18/09/2018 07:00,3.162531,9.959309333,53.2219399,0.031001483
18/09/2018 08:00,3.862515,9.395998,51.17357142,5.33333E-07
18/09/2018 09:00,0,9.602716667,47.33023962,7.082241233
18/09/2018 10:00,4.187622,0,46.08607745,138.710686
18/09/2018 11:00,4.420955333,0,48.61941133,297.7907955
18/09/2018 12:00,4.395840333,0,46.1410772,122.6002807
18/09/2018 13:00,0,0,50.1952502,9.087896867
18/09/2018 14:00,0,7.159858333,63.01535155,0
18/09/2018 15:00,0,10.293462,67.07199452,0
18/09/2018 16:00,0.00012,11.54380233,57.03691462,6.668329183
18/09/2018 17:00,0.050118,9.461908333,62.13105387,118.1891126
18/09/2018 18:00,0.0126,0,60.10823368,303.8006093
18/09/2018 19:00,0.0126,0,75.48598393,138.7839229
18/09/2018 20:00,0.0126,0,81.49114905,8.846680883
18/09/2018 21:00,0.0126,0,74.95215817,0
18/09/2018 22:00,0.0126,0,52.71084993,0
18/09/2018 23:00,0,0,19.30891432,0
19/09/2018 00:00,0,0,12.3685782,0
19/09/2018 01:00,0,0,29.10858672,0
19/09/2018 02:00,0,0,39.56610537,0
19/09/2018 03:00,0,0,43.94859087,0
19/09/2018 04:00,0,0,47.84544678,0.002000633
19/09/2018 05:00,4.345832333,0,58.71171737,0.059001017
19/09/2018 06:00,4.612497,0,61.68343293,0.07500075
19/09/2018 07:00,4.679171667,9.080258667,61.27867245,0.052001133
19/09/2018 08:00,3.945849333,10.87245267,63.30688895,0.0000006
19/09/2018 09:00,0,10.60935133,60.54022563,4.340894233
19/09/2018 10:00,3.437639,0,59.36689523,131.636656
19/09/2018 11:00,4.262628,0,58.22773488,301.9453268
19/09/2018 12:00,3.329191667,0,51.88190997,133.3206558
19/09/2018 13:00,0,0,49.62858663,6.652094917
19/09/2018 14:00,0,8.353651,59.98368003,0
19/09/2018 15:00,0,9.698459,62.83700322,0
19/09/2018 16:00,0.00012,9.809231333,50.7169242,4.48192815
19/09/2018 17:00,0.075117,8.512899667,48.28691455,121.0855266
19/09/2018 18:00,0.0126,0,47.0007543,308.6856221
19/09/2018 19:00,0.0126,0,55.65087447,137.440425
19/09/2018 20:00,0.0126,0,68.91167253,4.880016033
19/09/2018 21:00,0.0126,0,66.26840962,0
19/09/2018 22:00,0.0126,0,57.82950362,0
19/09/2018 23:00,0,0,22.48775887,0
20/09/2018 00:00,0,0,8.998593267,0
20/09/2018 01:00,0,0,22.5961076,0
20/09/2018 02:00,0,0,30.96277832,0
20/09/2018 03:00,0,0,41.82858982,0
20/09/2018 04:00,0,0,47.439275,0
20/09/2018 05:00,4.895822333,0,52.99554347,0.039000767
20/09/2018 06:00,4.162507,0,56.23754042,0.12
20/09/2018 07:00,3.345862333,9.288735,61.07417408,0.021001167
20/09/2018 08:00,4.162509,11.028252,62.56855762,3.33333E-07
20/09/2018 09:00,0,9.910120667,57.89106027,8.721210683
20/09/2018 10:00,3.920967333,0,57.66439925,131.142842
20/09/2018 11:00,3.470967333,0,60.47439158,289.4501326
20/09/2018 12:00,4.679172667,0,60.6843907,137.1496855
20/09/2018 13:00,0,0,57.29440142,10.12016035
20/09/2018 14:00,0,7.953837,61.3186792,0
20/09/2018 15:00,0,10.61327,63.62865408,0
20/09/2018 16:00,0.025119,10.42163233,50.1419208,7.754013617
20/09/2018 17:00,0.025119,8.801148,46.56859495,151.3390175
20/09/2018 18:00,0.0126,0,46.08067283,295.5777792
20/09/2018 19:00,0.0126,0,55.0677801,116.2765467
20/09/2018 20:00,0.0126,0,68.58560005,4.559496533
20/09/2018 21:00,0.0126,0,67.59733972,0
20/09/2018 22:00,0.0126,0,55.4036709,0
20/09/2018 23:00,0,0,26.77342443,0
21/09/2018 00:00,0,0,10.11857622,0
21/09/2018 01:00,0,0,24.95776917,0
21/09/2018 02:00,0,0,31.27527775,0
21/09/2018 03:00,0,0,40.9069331,0
21/09/2018 04:00,0,0,47.66119815,0.012000133
21/09/2018 05:00,3.945837333,0,53.5530491,0.067000883
21/09/2018 06:00,4.029178667,0,60.45793425,0.035001417
21/09/2018 07:00,4.062519,8.414552333,52.42093748,0.060000933
21/09/2018 08:00,4.045840333,12.620509,52.60440775,0.013
21/09/2018 09:00,0,8.065405667,55.09189802,7.948858
21/09/2018 10:00,4.754281667,0,56.91189758,132.9032871
21/09/2018 11:00,3.445975333,0,56.01107063,289.4410819
21/09/2018 12:00,4.329176667,0,55.256904,137.599852
21/09/2018 13:00,0,0,57.36274567,6.86344135
21/09/2018 14:00,0,8.970423667,63.72785195,0
21/09/2018 15:00,0,11.14497067,66.55782695,0
21/09/2018 16:00,0.00012,10.28912033,53.80025085,5.28641505
21/09/2018 17:00,0.075117,7.846283,54.55690802,121.5530417
21/09/2018 18:00,0.0126,0,57.94241297,297.2830275
21/09/2018 19:00,0.0126,0,65.28660007,143.6696033
21/09/2018 20:00,0.0126,0,73.79093055,8.2147666
21/09/2018 21:00,0.0126,0,74.07697472,0
21/09/2018 22:00,0.0126,0,59.75242212,0
21/09/2018 23:00,0,0,24.29633085,0
22/09/2018 00:00,0,0,9.5544362,0
22/09/2018 01:00,0,0,27.14944538,0
22/09/2018 02:00,0,0,36.59694215,0
22/09/2018 03:00,0,0,39.8661049,0
22/09/2018 04:00,0,0,39.37087547,0.002000633
22/09/2018 05:00,3.045859333,0,52.14529542,0.053001117
22/09/2018 06:00,4.512499,0,51.34901895,0.095000417
22/09/2018 07:00,4.112513,8.326265,50.96601692,0.034000783
22/09/2018 08:00,5.362485,10.50755767,54.79689098,0
22/09/2018 09:00,0,7.756331,57.45522438,5.942678467
22/09/2018 10:00,3.170983333,0,56.06106483,138.299369
22/09/2018 11:00,4.095960333,0,57.38689767,306.0894069
22/09/2018 12:00,4.362507,0,62.0918978,119.8662375
22/09/2018 13:00,0,0,58.42524823,5.027756883
22/09/2018 14:00,0,7.022989667,66.3445207,0
22/09/2018 15:00,0,9.976788333,65.80033655,0
22/09/2018 16:00,0.00012,13.46206867,53.99024925,6.402494917
22/09/2018 17:00,0.025119,10.87501267,51.22357372,139.1635872
22/09/2018 18:00,0.0126,0,51.73458445,305.555675
22/09/2018 19:00,0.0126,0,62.51093763,120.3923956
22/09/2018 20:00,0.0126,0,68.41168487,5.45777765
22/09/2018 21:00,0.0126,0,70.5335034,0
22/09/2018 22:00,0.0126,0,63.76341622,0
22/09/2018 23:00,0,0,26.25125097,0
23/09/2018 00:00,0,0,0,0
23/09/2018 01:00,0,0,0,0
23/09/2018 02:00,0,0,0,0
23/09/2018 03:00,0,0,0,0
23/09/2018 04:00,0,0,0,0.0000005
23/09/2018 05:00,4.079175667,0,0,0.044000683
23/09/2018 06:00,4.379176667,0,0,0.118000033
23/09/2018 07:00,4.445836333,7.217193333,0,0.019001183
23/09/2018 08:00,4.712494,11.15740167,0,0.0000002
23/09/2018 09:00,0,11.84485967,0,3.318214983
23/09/2018 10:00,3.737635,0,0,110.3449619
23/09/2018 11:00,3.970966333,0,0,306.0834911
23/09/2018 12:00,3.312524,0,0,147.2412164
23/09/2018 13:00,0,0,0,7.2142277
23/09/2018 14:00,0,9.402085333,0,0
23/09/2018 15:00,0,9.704294333,0,0
23/09/2018 16:00,0.050118,10.025851,0,5.395578567
23/09/2018 17:00,0.00012,8.545384667,0,121.1474651
23/09/2018 18:00,0.0126,0,0,296.4436453
23/09/2018 19:00,0.0126,0,0,144.1355007
23/09/2018 20:00,0.0126,0,0,10.00181203
23/09/2018 21:00,0.0126,0,0,0
23/09/2018 22:00,0.0126,0,0,0
23/09/2018 23:00,0,0,0,0
24/09/2018 00:00,0,0,7.675260633,0
24/09/2018 01:00,0,0,22.41110753,0
24/09/2018 02:00,0,0,36.22944448,0
24/09/2018 03:00,0,0,43.22275682,0
24/09/2018 04:00,0,0,50.21185493,0.001000183
24/09/2018 05:00,4.195840333,0,51.70112625,1.68333E-06
24/09/2018 06:00,4.845832333,0,58.16168595,0.094000433
24/09/2018 07:00,3.862518,6.484819333,52.94093728,0.086000333
24/09/2018 08:00,3.912509,9.124351333,51.04440535,1.66667E-08
24/09/2018 09:00,0,10.11927333,51.20357492,7.574992683
24/09/2018 10:00,4.129293667,0,54.42939887,124.2512279
24/09/2018 11:00,3.145974333,0,54.37023283,305.0506907
24/09/2018 12:00,4.545840333,0,61.50856152,135.8035537
24/09/2018 13:00,0,0,57.02857223,3.59116245
24/09/2018 14:00,0,9.136893333,62.44368107,0
24/09/2018 15:00,0,11.440737,64.88866813,0
24/09/2018 16:00,0.00012,9.777710667,54.66275275,5.489182017
24/09/2018 17:00,0.050118,11.12250967,57.2544104,145.2942369
24/09/2018 18:00,0.0126,0,57.24090127,292.8993131
24/09/2018 19:00,0.0126,0,63.13578082,122.4621461
24/09/2018 20:00,0.0126,0,71.71759313,8.386193483
24/09/2018 21:00,0.0126,0,70.70616583,0
24/09/2018 22:00,0.0126,0,66.23732522,0
24/09/2018 23:00,0,0,25.6787521,0
25/09/2018 00:00,0,0,8.26942315,0
25/09/2018 01:00,0,0,24.08110465,0
25/09/2018 02:00,0,0,37.75859677,0
25/09/2018 03:00,0,0,40.4285864,0
25/09/2018 04:00,0,0,45.11385032,0.0000006
25/09/2018 05:00,3.579188667,0,49.03245927,0.0060019
25/09/2018 06:00,4.262507,0,50.35268607,0.107000217
25/09/2018 07:00,4.045844333,8.893564,49.20010998,0.0670005
25/09/2018 08:00,4.262511,9.926614333,54.60023422,0
25/09/2018 09:00,0,8.325459667,49.09773985,8.0810412
25/09/2018 10:00,4.620942333,0,52.46606918,134.8230517
25/09/2018 11:00,3.662637,0,54.04857283,299.9757269
25/09/2018 12:00,4.229176667,0,51.13024413,128.2699091
25/09/2018 13:00,0,0,46.39776592,4.544528083
25/09/2018 14:00,0,8.334771333,58.49119893,0
25/09/2018 15:00,0,11.55999167,66.25950422,0
25/09/2018 16:00,0.025119,10.98986567,56.92774612,6.550046633
25/09/2018 17:00,0.00012,9.737614667,59.96356903,139.3692898
25/09/2018 18:00,0.0126,0,58.73383058,300.836612
25/09/2018 19:00,0.0126,0,66.3590219,122.841292
25/09/2018 20:00,0.0126,0,73.962841,6.73052665
25/09/2018 21:00,0.0126,0,71.7540792,0
25/09/2018 22:00,0.0126,0,60.53566115,0
25/09/2018 23:00,0,0,25.36707705,0
26/09/2018 00:00,0,0,8.31358345,0
26/09/2018 01:00,0,0,24.1560986,0
26/09/2018 02:00,0,0,36.38777148,0
26/09/2018 03:00,0,0,42.19609995,0
26/09/2018 04:00,0,0,50.19836293,0.0000005
26/09/2018 05:00,5.079150667,0,52.754059,0.0150013
26/09/2018 06:00,3.779183667,0,51.82961488,0.12
26/09/2018 07:00,3.545859333,7.807193333,51.90917713,0.050000283
26/09/2018 08:00,3.929182667,10.53924933,49.08607248,0
26/09/2018 09:00,0,9.241139,52.49856677,9.307692067
26/09/2018 10:00,3.620978333,0,55.1635653,146.17655
26/09/2018 11:00,4.362622,0,51.85524162,294.1359972
26/09/2018 12:00,4.295832333,0,51.08607205,118.3906594
26/09/2018 13:00,0,0,51.83357817,6.8866644
26/09/2018 14:00,0,8.080351667,61.00868008,0
26/09/2018 15:00,0,10.753207,66.67366898,0
26/09/2018 16:00,0.025119,9.892593667,58.84691353,8.244174633
26/09/2018 17:00,0.050118,11.00419233,55.6744123,129.618842
26/09/2018 18:00,0.0126,0,54.68149173,295.1410802
26/09/2018 19:00,0.0126,0,65.16518598,135.0491738
26/09/2018 20:00,0.0126,0,77.44788827,8.4091445
26/09/2018 21:00,0.0126,0,74.78455707,0
26/09/2018 22:00,0.0126,0,59.27193237,0
26/09/2018 23:00,0,0,23.95958518,0
27/09/2018 00:00,0,0,8.1194308,0
27/09/2018 01:00,0,0,25.93610335,0
27/09/2018 02:00,0,0,35.96943952,0
27/09/2018 03:00,0,0,43.4719138,0
27/09/2018 04:00,0,0,49.74684767,0.00000025
27/09/2018 05:00,4.712486,0,53.79986932,0.048000683
27/09/2018 06:00,3.629186667,0,53.7341022,0.100000333
27/09/2018 07:00,3.262531,9.172851667,53.17976202,0.03300145
27/09/2018 08:00,4.462497,10.78740167,48.74858142,0.000001
27/09/2018 09:00,0,8.498585,48.81858135,6.84009715
27/09/2018 10:00,4.520954333,0,51.00608478,133.1164859
27/09/2018 11:00,3.579308667,0,54.75691315,294.9002963
27/09/2018 12:00,4.445845333,0,53.48857098,134.9026883
27/09/2018 13:00,0,0,54.07191407,6.824190833
27/09/2018 14:00,0,9.162722667,59.6603513,0
27/09/2018 15:00,0,10.283357,57.83783917,0
27/09/2018 16:00,0.025119,11.485827,48.61525612,5.397706267
27/09/2018 17:00,0.050118,8.215510667,53.39857267,113.9006253
27/09/2018 18:00,0.0126,0,56.591991,300.0937935
27/09/2018 19:00,0.0126,0,65.04578357,146.3702802
27/09/2018 20:00,0.0126,0,74.6310094,10.81421095
27/09/2018 21:00,0.0126,0,78.74314152,0
27/09/2018 22:00,0.0126,0,63.355165,0
27/09/2018 23:00,0,0,21.11859185,0
28/09/2018 00:00,0,0,7.6477637,0
28/09/2018 01:00,0,0,22.6186071,0
28/09/2018 02:00,0,0,29.87528035,0
28/09/2018 03:00,0,0,37.85360495,0
28/09/2018 04:00,0,0,47.24443853,0
28/09/2018 05:00,3.829175667,0,49.11897163,0.016000983
28/09/2018 06:00,3.929180667,0,52.0073654,0.12
28/09/2018 07:00,4.495828333,9.632842667,48.27219155,0.05100055
28/09/2018 08:00,4.712499,13.032943,47.43025348,0
28/09/2018 09:00,0,8.183597,57.31440288,5.894843767
28/09/2018 10:00,3.529308667,0,59.10106447,114.6438622
28/09/2018 11:00,4.120961333,0,56.05273258,307.6929908
28/09/2018 12:00,3.995855333,0,62.05772077,142.729837
28/09/2018 13:00,0,0,63.2360639,5.418933783
28/09/2018 14:00,0,7.495555667,67.61784125,0
28/09/2018 15:00,0,12.81386233,73.10531905,0
28/09/2018 16:00,0.050118,8.039489333,60.2685767,9.71429065
28/09/2018 17:00,0.025119,8.239681333,60.58272682,140.6558315
28/09/2018 18:00,0.0126,0,58.3074722,298.9248277
28/09/2018 19:00,0.0126,0,56.39161655,120.0366421
28/09/2018 20:00,0.0126,0,64.01868078,5.511729283
28/09/2018 21:00,0.0126,0,65.36982652,0
28/09/2018 22:00,0.0126,0,55.52226392,0
28/09/2018 23:00,0,0,22.88251102,0
29/09/2018 00:00,0,0,8.767757883,0
29/09/2018 01:00,0,0,27.14693253,0
29/09/2018 02:00,0,0,34.45860565,0
29/09/2018 03:00,0,0,42.5019273,0
29/09/2018 04:00,0,0,50.0949432,1.66667E-07
29/09/2018 05:00,4.429173667,0,56.56347648,0.02100165
29/09/2018 06:00,4.145842333,0,62.19868397,0.11100015
29/09/2018 07:00,4.3625,7.727983667,55.42117878,0.05100115
29/09/2018 08:00,4.579165667,10.11101,56.11856562,8.83333E-07
29/09/2018 09:00,0,8.884417333,54.26106412,5.793195933
29/09/2018 10:00,4.154293667,0,56.56439483,133.0007398
29/09/2018 11:00,3.279316667,0,60.86272287,307.8871068
29/09/2018 12:00,3.712515,0,58.85605648,126.8032378
29/09/2018 13:00,0,0,55.11357517,3.357393567
29/09/2018 14:00,0,6.097304333,55.14201957,0
29/09/2018 15:00,0,11.308297,61.92450352,0
29/09/2018 16:00,0.00012,12.70967067,54.2835887,7.621293917
29/09/2018 17:00,0.025119,10.19010567,55.97774443,137.3686385
29/09/2018 18:00,0.0126,0,51.87909043,287.5634842
29/09/2018 19:00,0.0126,0,63.10875743,135.3068734
29/09/2018 20:00,0.0126,0,64.4604146,8.73671195
29/09/2018 21:00,0.0126,0,64.85443113,0
29/09/2018 22:00,0.0126,0,55.1859388,0
29/09/2018 23:00,0,0,24.668163,0
30/09/2018 00:00,0,0,0,0
30/09/2018 01:00,0,0,0,0
30/09/2018 02:00,0,0,0,0
30/09/2018 03:00,0,0,0,0
30/09/2018 04:00,0,0,0,1.16667E-07
30/09/2018 05:00,3.479189667,0,0,0.0060015
30/09/2018 06:00,4.562497,0,0,0.11700005
30/09/2018 07:00,4.079176667,8.399531333,0,0.0570003
30/09/2018 08:00,4.045839333,10.108369,0,0
30/09/2018 09:00,0,8.849363333,0,7.175174867
30/09/2018 10:00,4.345958333,0,0,130.5508396
30/09/2018 11:00,3.454313667,0,0,298.5304773
30/09/2018 12:00,4.695832333,0,0,132.4183857
30/09/2018 13:00,0,0,0,6.581978017
30/09/2018 14:00,0,8.460423667,0,0
30/09/2018 15:00,0,11.77233867,0,0
30/09/2018 16:00,0.00012,11.32409933,0,5.512664783
30/09/2018 17:00,0.025119,8.548792,0,117.6959804
30/09/2018 18:00,0.0126,0,0,305.6258576
30/09/2018 19:00,0.0126,0,0,142.1984755
30/09/2018 20:00,0.0126,0,0,5.192353967
30/09/2018 21:00,0.0126,0,0,0
30/09/2018 22:00,0.0126,0,0,0
30/09/2018 23:00,0,0,0,0
01/10/2018 00:00,0,0,7.232755867,0
01/10/2018 01:00,0,0,19.54693887,0
01/10/2018 02:00,0,0,29.43861573,0
01/10/2018 03:00,0,0,35.67360038,0
01/10/2018 04:00,0,0,42.0745336,1.33333E-07
01/10/2018 05:00,4.612497,0,49.29104932,0.05700075
01/10/2018 06:00,3.729184667,0,53.29385742,0.12
01/10/2018 07:00,4.012511,8.777064333,52.04885558,0.0030011
01/10/2018 08:00,4.562504,11.10975967,53.34274202,0
01/10/2018 09:00,0,9.080238667,51.12607208,7.176109417
01/10/2018 10:00,4.004294667,0,49.31357907,116.7074639
01/10/2018 11:00,3.129318667,0,51.43857423,290.0839162
01/10/2018 12:00,4.562499,0,52.15023963,152.9190765
01/10/2018 13:00,0,0,53.27108105,10.04851143
01/10/2018 14:00,0,9.417844667,58.56535622,0
01/10/2018 15:00,0,10.25924933,62.37032808,0
01/10/2018 16:00,0.025119,9.841722333,52.01940942,4.9500641
01/10/2018 17:00,0.050118,7.957873667,51.49523297,131.4562424
01/10/2018 18:00,0.0126,0,56.36706152,287.6917329
01/10/2018 19:00,0.0126,0,67.70335372,140.6800212
01/10/2018 20:00,0.0126,0,77.11274278,12.00140772
01/10/2018 21:00,0.0126,0,75.66457595,0
01/10/2018 22:00,0.0126,0,65.27707008,0
01/10/2018 23:00,0,0,29.3746577,0
02/10/2018 00:00,0,0,5.96025735,0
02/10/2018 01:00,0,0,18.12611108,0
02/10/2018 02:00,0,0,27.66445055,0
02/10/2018 03:00,0,0,33.57110423,0
02/10/2018 04:00,0,0,45.15585953,0.0230006
02/10/2018 05:00,3.995842333,0,49.96646515,0.094000433
02/10/2018 06:00,4.795829333,0,58.4191928,0.06300095
02/10/2018 07:00,4.395836333,7.553132667,59.08150327,1.28333E-06
02/10/2018 08:00,3.845852333,10.920849,59.0043909,0
02/10/2018 09:00,0,7.032169333,57.02356042,5.598277633
02/10/2018 10:00,3.479306667,0,56.01356698,126.144972
02/10/2018 11:00,3.895970333,0,60.34189813,289.8174825
02/10/2018 12:00,4.229170667,0,58.10023267,145.677346
02/10/2018 13:00,0,0,55.36190985,8.20637565
02/10/2018 14:00,0,8.088046667,63.34117643,0
02/10/2018 15:00,0,10.92487967,57.54034948,0
02/10/2018 16:00,0.025119,12.15884333,49.22608615,6.565741333
02/10/2018 17:00,0.025119,9.491752333,48.21356968,135.1690351
02/10/2018 18:00,0.0126,0,51.64732985,305.9671246
02/10/2018 19:00,0.0126,0,59.95660308,122.503556
02/10/2018 20:00,0.0126,0,70.31690637,6.5741248
02/10/2018 21:00,0.0126,0,66.20174293,0
02/10/2018 22:00,0.0126,0,53.0322556,0
02/10/2018 23:00,0,0,22.49449768,0
03/10/2018 00:00,0,0,8.3452454,0
03/10/2018 01:00,0,0,25.67276037,0
03/10/2018 02:00,0,0,35.94443987,0
03/10/2018 03:00,0,0,44.15109112,0
03/10/2018 04:00,0,0,49.94894042,3.83333E-07
03/10/2018 05:00,3.529192667,0,54.87138318,0.0230012
03/10/2018 06:00,4.429169667,0,58.46769662,0.079000683
03/10/2018 07:00,3.845845333,9.354308333,52.3458573,0.070000833
03/10/2018 08:00,4.995818333,10.88239667,54.05857318,0.011000683
03/10/2018 09:00,0,9.613562,55.4177332,8.229860883
03/10/2018 10:00,4.01263,0,57.26189287,132.8293053
03/10/2018 11:00,4.129293667,0,53.16940028,302.7245923
03/10/2018 12:00,3.745856333,0,51.21358417,126.0068766
03/10/2018 13:00,0,0,53.5769208,6.2076463
03/10/2018 14:00,0,7.662149333,62.37451537,0
03/10/2018 15:00,0,9.116054,66.60199532,0
03/10/2018 16:00,0.00012,11.22744467,53.91941538,4.301909617
03/10/2018 17:00,0.00012,8.843714,55.5660686,131.2875406
03/10/2018 18:00,0.0126,0,53.06857105,300.6205123
03/10/2018 19:00,0.0126,0,64.08175433,131.0128747
03/10/2018 20:00,0.0126,0,71.48533242,8.579981783
03/10/2018 21:00,0.0126,0,68.74841745,0
03/10/2018 22:00,0.0126,0,57.9162518,0
03/10/2018 23:00,0,0,19.43025658,0
04/10/2018 00:00,0,0,7.707768367,0
04/10/2018 01:00,0,0,25.82443985,0
04/10/2018 02:00,0,0,38.19943718,0
04/10/2018 03:00,0,0,42.93276355,0
04/10/2018 04:00,0,0,46.41694913,0.00000055
04/10/2018 05:00,3.679186667,0,55.94628877,0.008001867
04/10/2018 06:00,3.612522,0,62.37159577,0.116000067
04/10/2018 07:00,3.679184667,10.15674833,59.11408755,0.060000517
04/10/2018 08:00,3.829174667,11.14486767,55.70772917,0
04/10/2018 09:00,0,8.986997333,55.48856873,7.1208933
04/10/2018 10:00,4.820946333,0,54.69940432,126.9751367
04/10/2018 11:00,4.987616,0,53.93190637,318.2243008
04/10/2018 12:00,4.029177667,0,57.3327366,119.8752266
04/10/2018 13:00,0,0,60.94856793,4.021445417
04/10/2018 14:00,0,6.688219667,64.06951235,0
04/10/2018 15:00,0,10.51912033,57.53951327,0
04/10/2018 16:00,0.025119,9.989245333,48.20276202,4.6067912
04/10/2018 17:00,0.025119,9.483563,51.89191262,126.8882098
04/10/2018 18:00,0.0126,0,53.41074505,301.5570458
04/10/2018 19:00,0.0126,0,66.1260924,135.9230892
04/10/2018 20:00,0.0126,0,69.97658695,6.944381767
04/10/2018 21:00,0.0126,0,64.0225118,0
04/10/2018 22:00,0.0126,0,55.73059505,0
04/10/2018 23:00,0,0,20.93575735,0
05/10/2018 00:00,0,0,13.4327507,0
05/10/2018 01:00,0,0,32.39692717,0
05/10/2018 02:00,0,0,39.30027632,0
05/10/2018 03:00,0,0,48.91691547,0
05/10/2018 04:00,0,0,44.7951114,0
05/10/2018 05:00,4.095840333,0,46.60996728,0.003001383
05/10/2018 06:00,3.412525,0,51.51810303,0.097000383
05/10/2018 07:00,3.962508,7.863841,53.41159293,0.0850002
05/10/2018 08:00,4.7125,9.660066667,60.46939118,0.0000003
05/10/2018 09:00,0,8.38865,58.04189705,7.589294733
05/10/2018 10:00,3.645975333,0,61.80688467,122.4757401
05/10/2018 11:00,4.187626,0,55.37356712,291.7077152
05/10/2018 12:00,4.595834333,0,50.59107695,143.6601855
05/10/2018 13:00,0,0,51.18775098,10.95551297
05/10/2018 14:00,0,9.012823667,65.54367495,0
05/10/2018 15:00,0,10.49165233,63.7545061,0
05/10/2018 16:00,0.00012,11.080801,55.0627526,6.847741917
05/10/2018 17:00,0.075117,10.03765767,54.69107887,121.2115581
05/10/2018 18:00,0.0126,0,54.54900088,299.740194
05/10/2018 19:00,0.0126,0,62.51061713,141.167152
05/10/2018 20:00,0.0126,0,69.7424129,5.817080083
05/10/2018 21:00,0.0126,0,68.2044161,0
05/10/2018 22:00,0.0126,0,59.38051888,0
05/10/2018 23:00,0,0,26.57350257,0
06/10/2018 00:00,0,0,6.94526635,0
06/10/2018 01:00,0,0,22.47860985,0
06/10/2018 02:00,0,0,33.85277162,0
06/10/2018 03:00,0,0,39.56693198,0
06/10/2018 04:00,0,0,44.06119817,0.001000167
06/10/2018 05:00,4.662496,0,53.38380305,0.026001267
06/10/2018 06:00,4.129170667,0,63.06392208,0.0900005
06/10/2018 07:00,3.695851333,9.666915333,58.62459567,0.064000533
06/10/2018 08:00,3.629181667,10.773279,54.56107217,3.33333E-08
06/10/2018 09:00,0,9.432030333,50.33191472,5.794198417
06/10/2018 10:00,4.437627,0,54.23773348,135.2848774
06/10/2018 11:00,4.170964333,0,59.91855583,308.5228709
06/10/2018 12:00,3.912517,0,56.3377331,118.7749126
06/10/2018 13:00,0,0,51.27858823,7.425913933
06/10/2018 14:00,0,8.573611,61.28201037,0
06/10/2018 15:00,0,11.363183,63.9753289,0
06/10/2018 16:00,0.00012,10.360751,54.01858798,6.036076783
06/10/2018 17:00,0.050118,6.749794333,55.880241,119.6741437
06/10/2018 18:00,0.0126,0,56.71148307,304.6628408
06/10/2018 19:00,0.0126,0,64.21618728,139.3874232
06/10/2018 20:00,0.0126,0,79.20615655,5.442015283
06/10/2018 21:00,0.0126,0,76.06866188,0
06/10/2018 22:00,0.0126,0,63.41326692,0
06/10/2018 23:00,0,0,20.49168013,0
07/10/2018 00:00,0,0,0,0
07/10/2018 01:00,0,0,0,0
07/10/2018 02:00,0,0,0,0
07/10/2018 03:00,0,0,0,0
07/10/2018 04:00,0,0,0,0
07/10/2018 05:00,4.262505,0,0,0.028001267
07/10/2018 06:00,3.895850333,0,0,0.110000167
07/10/2018 07:00,3.495858333,7.986263,0,0.042000883
07/10/2018 08:00,3.729182667,11.68979967,0,0
07/10/2018 09:00,0,9.195295667,0,6.09016475
07/10/2018 10:00,4.029297667,0,0,130.3509889
07/10/2018 11:00,3.98763,0,0,304.2637086
07/10/2018 12:00,5.262483,0,0,128.7349232
07/10/2018 13:00,0,0,0,4.598741717
07/10/2018 14:00,0,7.073946,0,0
07/10/2018 15:00,0,11.35727967,0,0
07/10/2018 16:00,0.025119,10.19012767,0,5.00494115
07/10/2018 17:00,0.00012,9.166052,0,148.7412151
07/10/2018 18:00,0.0126,0,0,298.9714434
07/10/2018 19:00,0.0126,0,0,118.6425313
07/10/2018 20:00,0.0126,0,0,5.700457367
07/10/2018 21:00,0.0126,0,0,0
07/10/2018 22:00,0.0126,0,0,0
07/10/2018 23:00,0,0,0,0
08/10/2018 00:00,0,0,8.533593583,0
08/10/2018 01:00,0,0,25.29527355,0
08/10/2018 02:00,0,0,35.4844383,0
08/10/2018 03:00,0,0,42.95359465,0
08/10/2018 04:00,0,0,46.98728415,0.013000333
08/10/2018 05:00,3.545856333,0,55.134455,0.060000583
08/10/2018 06:00,4.245837333,0,56.4821044,0.0540011
08/10/2018 07:00,4.329166667,9.046163,51.7133476,0.05700105
08/10/2018 08:00,3.112527,12.530438,54.01190637,0.00000035
08/10/2018 09:00,0,8.442874667,55.04941008,4.935229117
08/10/2018 10:00,4.904271667,0,55.43273762,155.8945309
08/10/2018 11:00,4.137635,0,54.7102355,302.7814767
08/10/2018 12:00,4.362514,0,52.1527404,106.6797993
08/10/2018 13:00,0,0,52.15608097,5.153294767
08/10/2018 14:00,0,5.749889333,59.6945205,0
08/10/2018 15:00,0,12.160543,63.33366522,0
08/10/2018 16:00,0.00012,10.650853,52.97858863,4.639597733
08/10/2018 17:00,0.050118,8.156279,54.04691543,131.0771752
08/10/2018 18:00,0.0126,0,56.96350108,305.1303923
08/10/2018 19:00,0.0126,0,66.75026408,130.1494255
08/10/2018 20:00,0.0126,0,76.76117372,6.332576567
08/10/2018 21:00,0.0126,0,75.94947287,0
08/10/2018 22:00,0.0126,0,58.74123572,0
08/10/2018 23:00,0,0,21.968672,0
09/10/2018 00:00,0,0,8.104418833,0
09/10/2018 01:00,0,0,23.85693818,0
09/10/2018 02:00,0,0,36.37443737,0
09/10/2018 03:00,0,0,44.08442777,0
09/10/2018 04:00,0,0,46.51028743,1.83333E-07
09/10/2018 05:00,5.112495,0,51.03212953,0.037001017
09/10/2018 06:00,4.045837333,0,52.05135992,0.119000017
09/10/2018 07:00,3.829186667,5.713189667,53.08343543,0.0240006
09/10/2018 08:00,4.062509,10.29007567,56.01773468,0
09/10/2018 09:00,0,8.09875,57.14190357,8.628012383
09/10/2018 10:00,3.987631,0,61.4435639,130.9175898
09/10/2018 11:00,3.71264,0,57.6019069,292.0223828
09/10/2018 12:00,3.86251,0,60.53689088,132.2106199
09/10/2018 13:00,0,0,57.76939947,11.36037797
09/10/2018 14:00,0,9.934411333,69.77032572,0
09/10/2018 15:00,0,12.35620033,67.07448942,0
09/10/2018 16:00,0.025119,11.21411933,50.46441872,10.3452778
09/10/2018 17:00,0.050118,8.657046333,50.56692048,133.3901258
09/10/2018 18:00,0.0126,0,54.40883512,285.1985354
09/10/2018 19:00,0.0126,0,60.60169132,137.4593544
09/10/2018 20:00,0.0126,0,76.78823678,8.971674233
09/10/2018 21:00,0.0126,0,69.46575123,0
09/10/2018 22:00,0.0126,0,51.59619643,0
09/10/2018 23:00,0,0,22.13493182,0
10/10/2018 00:00,0,0,7.0052651,0
10/10/2018 01:00,0,0,24.38860962,0
10/10/2018 02:00,0,0,34.09110873,0
10/10/2018 03:00,0,0,40.16443263,0
10/10/2018 04:00,0,0,46.75877912,6.83333E-07
10/10/2018 05:00,4.645838333,0,53.7183752,0.043001283
10/10/2018 06:00,3.695845333,0,59.31884833,0.12
10/10/2018 07:00,3.862519,7.412176333,55.57275608,0.017001717
10/10/2018 08:00,4.679167667,10.21255067,58.35356277,5.66667E-07
10/10/2018 09:00,0,8.149416333,59.54272643,6.074794083
10/10/2018 10:00,4.454289667,0,60.92105853,113.1139293
10/10/2018 11:00,3.179308667,0,59.72273482,301.156277
10/10/2018 12:00,4.095840333,0,55.64941273,148.7354133
10/10/2018 13:00,0,0,49.88026228,6.152160517
10/10/2018 14:00,0,9.696008,61.21452112,0
10/10/2018 15:00,0,12.24224867,64.64199487,0
10/10/2018 16:00,0.00012,10.813383,49.58192038,11.54046195
10/10/2018 17:00,0.075117,8.533795,51.36607397,150.7046314
10/10/2018 18:00,0.0126,0,53.68523537,291.8662982
10/10/2018 19:00,0.0126,0,66.36017763,114.3135432
10/10/2018 20:00,0.0126,0,75.82441348,6.636457767
10/10/2018 21:00,0.0126,0,65.51000473,0
10/10/2018 22:00,0.0126,0,55.62209757,0
10/10/2018 23:00,0,0,21.8672414,0
11/10/2018 00:00,0,0,8.998585083,0
11/10/2018 01:00,0,0,26.99692533,0
11/10/2018 02:00,0,0,37.5752722,0
11/10/2018 03:00,0,0,42.32025787,0
11/10/2018 04:00,0,0,48.65135282,0.019000167
11/10/2018 05:00,5.479151667,0,58.90962377,0.060000783
11/10/2018 06:00,3.645855333,0,57.70626852,0.052001133
11/10/2018 07:00,3.645852333,8.013929,52.38643695,0.053000717
11/10/2018 08:00,3.945848333,10.193438,54.08523825,0.00000025
11/10/2018 09:00,0,9.916869333,51.36774243,6.941474183
11/10/2018 10:00,4.137624,0,55.78773045,128.588688
11/10/2018 11:00,3.037643,0,54.17606958,293.9755284
11/10/2018 12:00,4.795831333,0,54.3443998,138.2065664
11/10/2018 13:00,0,0,51.46441338,7.387924767
11/10/2018 14:00,0,5.978255667,64.43617803,0
11/10/2018 15:00,0,9.984179333,64.37366515,0
11/10/2018 16:00,0.00012,11.30716867,50.90442465,7.659812917
11/10/2018 17:00,0.00012,11.51317,51.65690813,131.975073
11/10/2018 18:00,0.0126,0,50.23958388,296.7460788
11/10/2018 19:00,0.0126,0,59.69577252,129.8099386
11/10/2018 20:00,0.0126,0,71.22001233,8.698927233
11/10/2018 21:00,0.0126,0,72.38406795,0
11/10/2018 22:00,0.0126,0,59.70917737,0
11/10/2018 23:00,0,0,21.32808618,0
12/10/2018 00:00,0,0,8.0985808,0
12/10/2018 01:00,0,0,24.57276332,0
12/10/2018 02:00,0,0,33.58694143,0
12/10/2018 03:00,0,0,43.42608472,0
12/10/2018 04:00,0,0,51.38044055,1.83333E-07
12/10/2018 05:00,3.895847333,0,59.57096118,0.00600155
12/10/2018 06:00,4.112508,0,60.37152347,0.1020003
12/10/2018 07:00,3.145860333,9.682724667,56.95460197,0.0720008
12/10/2018 08:00,4.179177667,11.73732567,53.48940947,0.0000002
12/10/2018 09:00,0,9.001015,52.4877441,7.995891933
12/10/2018 10:00,5.354272667,0,55.90190382,127.2337872
12/10/2018 11:00,3.379309667,0,53.03274055,293.6582133
12/10/2018 12:00,4.545833333,0,51.30608458,136.3269008
12/10/2018 13:00,0,0,57.19358448,9.5024775
12/10/2018 14:00,0,8.605312667,63.7620161,0
12/10/2018 15:00,0,10.26156833,69.35699328,0
12/10/2018 16:00,0.075117,9.682655667,57.1244129,8.248030283
12/10/2018 17:00,0.00012,8.024754333,53.75690907,137.5012505
12/10/2018 18:00,0.0126,0,52.90599643,297.5167817
12/10/2018 19:00,0.0126,0,67.63951018,125.5831087
12/10/2018 20:00,0.0126,0,72.8538148,5.582176583
12/10/2018 21:00,0.0126,0,64.17342718,0
12/10/2018 22:00,0.0126,0,52.72859262,0
12/10/2018 23:00,0,0,20.87799793,0
13/10/2018 00:00,0,0,6.161095817,0
13/10/2018 01:00,0,0,23.27277443,0
13/10/2018 02:00,0,0,34.85028278,0
13/10/2018 03:00,0,0,41.55610068,0
13/10/2018 04:00,0,0,47.91053832,0.00000005
13/10/2018 05:00,2.829197667,0,50.4561453,0.0010016
13/10/2018 06:00,4.879168667,0,57.62600992,0.0420013
13/10/2018 07:00,3.995847333,8.016295,53.82009663,0.12
13/10/2018 08:00,4.779163667,9.489282333,49.24690658,0.023000533
13/10/2018 09:00,0,10.36429033,46.43024562,7.230324817
13/10/2018 10:00,3.895961333,0,49.17940413,124.9669511
13/10/2018 11:00,4.295954333,0,52.37856813,295.6345293
13/10/2018 12:00,3.962515,0,55.84189937,140.4985341
13/10/2018 13:00,0,0,63.77189928,6.83204795
13/10/2018 14:00,0,7.536404,68.09616922,0
13/10/2018 15:00,0,10.918263,66.29449262,0
13/10/2018 16:00,0.025119,12.71622833,55.23606988,6.933758933
13/10/2018 17:00,0.025119,7.719639333,54.99356797,126.76566
13/10/2018 18:00,0.0126,0,55.46807527,291.1372472
13/10/2018 19:00,0.0126,0,67.7075272,141.1126195
13/10/2018 20:00,0.0126,0,76.82248837,8.449066083
13/10/2018 21:00,0.0126,0,68.91858292,0
13/10/2018 22:00,0.0126,0,52.20994467,0
13/10/2018 23:00,0,0,24.44935115,0
14/10/2018 00:00,0,0,0,0
14/10/2018 01:00,0,0,0,0
14/10/2018 02:00,0,0,0,0
14/10/2018 03:00,0,0,0,0
14/10/2018 04:00,0,0,0,8.33333E-08
14/10/2018 05:00,4.262506,0,0,0.0640005
14/10/2018 06:00,3.695851333,0,0,0.11700005
14/10/2018 07:00,3.812517,9.351906333,0,1.51667E-06
14/10/2018 08:00,4.012511,10.55661033,0,0
14/10/2018 09:00,0,8.916148,0,9.354189417
14/10/2018 10:00,3.362643,0,0,116.6753972
14/10/2018 11:00,5.012607,0,0,281.6243692
14/10/2018 12:00,4.479172667,0,0,158.7389268
14/10/2018 13:00,0,0,0,9.86264855
14/10/2018 14:00,0,8.420498667,0,0
14/10/2018 15:00,0,9.157655667,0,0
14/10/2018 16:00,0.025119,9.720909,0,9.181957567
14/10/2018 17:00,0.025119,10.21262267,0,140.0050134
14/10/2018 18:00,0.0126,0,0,298.8528789
14/10/2018 19:00,0.0126,0,0,122.6809122
14/10/2018 20:00,0.0126,0,0,4.957915783
14/10/2018 21:00,0.0126,0,0,0
14/10/2018 22:00,0.0126,0,0,0
14/10/2018 23:00,0,0,0,0
15/10/2018 00:00,0,0,10.2552501,0
15/10/2018 01:00,0,0,24.74693075,0
15/10/2018 02:00,0,0,36.2252695,0
15/10/2018 03:00,0,0,43.00192483,0
15/10/2018 04:00,0,0,50.04610218,0.00000025
15/10/2018 05:00,4.029175667,0,55.26978708,0.01600155
15/10/2018 06:00,4.562509,0,59.88451258,0.107000217
15/10/2018 07:00,4.462507,6.485765667,55.27326097,0.05900055
15/10/2018 08:00,3.695847333,11.285612,57.76022757,3.66667E-07
15/10/2018 09:00,0,8.732691667,56.47189777,6.36351505
15/10/2018 10:00,3.454307667,0,52.42773295,124.0590934
15/10/2018 11:00,3.670967333,0,54.6652378,291.8172152
15/10/2018 12:00,4.762494,0,56.12106763,147.5359802
15/10/2018 13:00,0,0,56.37191355,6.8943782
15/10/2018 14:00,0,5.850821667,60.99119165,0
15/10/2018 15:00,0,10.59005067,66.25199413,0
15/10/2018 16:00,0.050118,13.562809,52.31108967,4.802111567
15/10/2018 17:00,0.00012,9.534440333,45.8760923,129.1653864
15/10/2018 18:00,0.0126,0,48.84949785,310.7198574
15/10/2018 19:00,0.0126,0,57.25086962,122.3482719
15/10/2018 20:00,0.0126,0,70.0647523,7.939944367
15/10/2018 21:00,0.0126,0,65.2127372,0
15/10/2018 22:00,0.0126,0,55.28108855,0
15/10/2018 23:00,0,0,21.76442635,0
16/10/2018 00:00,0,0,9.115255017,0
16/10/2018 01:00,0,0,23.16027038,0
16/10/2018 02:00,0,0,36.45943793,0
16/10/2018 03:00,0,0,40.99359442,0
16/10/2018 04:00,0,0,43.43587148,0
16/10/2018 05:00,4.262501,0,48.88680732,1.66667E-06
16/10/2018 06:00,4.562501,0,54.05294097,0.083000617
16/10/2018 07:00,3.379194667,7.227244333,52.84717375,0.097000383
16/10/2018 08:00,4.26251,10.11659133,53.06105348,0.0000001
16/10/2018 09:00,0,7.432190333,55.03106047,9.900627833
16/10/2018 10:00,3.379302667,0,58.0035597,132.8926379
16/10/2018 11:00,5.620935333,0,58.42023218,297.2587952
16/10/2018 12:00,3.195862333,0,61.62939548,130.93336
16/10/2018 13:00,0,0,56.6069045,5.8327788
16/10/2018 14:00,0,7.095447667,65.1478399,0
16/10/2018 15:00,0,11.695683,68.3086566,0
16/10/2018 16:00,0.025119,12.56146833,53.54691378,4.294662633
16/10/2018 17:00,0.00012,10.13437933,51.92524607,129.8758429
16/10/2018 18:00,0.0126,0,49.1133471,307.7336902
16/10/2018 19:00,0.0126,0,57.76727628,128.6603737
16/10/2018 20:00,0.0126,0,71.12917322,5.324727933
16/10/2018 21:00,0.0126,0,63.01050502,0
16/10/2018 22:00,0.0126,0,52.26192628,0
16/10/2018 23:00,0,0,24.16282962,0
17/10/2018 00:00,0,0,6.9994282,0
17/10/2018 01:00,0,0,23.10276998,0
17/10/2018 02:00,0,0,30.91611397,0
17/10/2018 03:00,0,0,36.98193022,0
17/10/2018 04:00,0,0,46.01002407,0.003000017
17/10/2018 05:00,3.545852333,0,47.29729427,0.015001467
17/10/2018 06:00,4.262516,0,50.86002415,0.086000567
17/10/2018 07:00,3.495852333,7.918746,53.176931,0.082000633
17/10/2018 08:00,4.062507,9.630064667,55.87607055,0.009000517
17/10/2018 09:00,0,9.523572,53.54441403,6.886395533
17/10/2018 10:00,4.912611,0,55.49106965,149.9860822
17/10/2018 11:00,4.945950333,0,53.67606945,289.2009997
17/10/2018 12:00,3.362521,0,54.42440245,122.2418492
17/10/2018 13:00,0,0,55.39607183,8.104595483
17/10/2018 14:00,0,10.59017067,62.37618258,0
17/10/2018 15:00,0,8.262004333,67.80115078,0
17/10/2018 16:00,0.075117,10.30998167,57.11941247,8.753813067
17/10/2018 17:00,0.025119,10.44996667,60.8394007,123.6646314
17/10/2018 18:00,0.0126,0,55.76415597,295.8260609
17/10/2018 19:00,0.0126,0,67.73725813,140.8982381
17/10/2018 20:00,0.0126,0,72.16093977,7.043395867
17/10/2018 21:00,0.0126,0,64.01724578,0
17/10/2018 22:00,0.0126,0,56.26550808,0
17/10/2018 23:00,0,0,22.9851894,0
18/10/2018 00:00,0,0,10.06774908,0
18/10/2018 01:00,0,0,26.81942377,0
18/10/2018 02:00,0,0,38.22859603,0
18/10/2018 03:00,0,0,39.30193002,0
18/10/2018 04:00,0,0,43.46903578,0.002000367
18/10/2018 05:00,4.595833333,0,52.39988043,0.06500045
18/10/2018 06:00,4.579163667,0,53.85543787,0.089000517
18/10/2018 07:00,3.762526,7.920433667,51.20101462,0.025000717
18/10/2018 08:00,4.145839333,9.892559667,48.48441718,0
18/10/2018 09:00,0,10.79916933,49.44857563,7.964295583
18/10/2018 10:00,3.879285667,0,52.48274197,150.5540652
18/10/2018 11:00,3.729303667,0,54.6877446,288.1551672
18/10/2018 12:00,3.895858333,0,51.71775287,120.2588801
18/10/2018 13:00,0,0,52.6810829,8.956646417
18/10/2018 14:00,0,9.522018333,67.19533543,0
18/10/2018 15:00,0,10.31174233,76.4244785,0
18/10/2018 16:00,0.025119,10.123243,62.46773813,5.652559733
18/10/2018 17:00,0.075117,8.039626333,58.62106785,131.4448093
18/10/2018 18:00,0.0126,0,54.02724307,303.168828
18/10/2018 19:00,0.0126,0,64.62017002,132.4125427
18/10/2018 20:00,0.0126,0,72.49934217,3.770448883
18/10/2018 21:00,0.0126,0,71.95516837,0
18/10/2018 22:00,0.0126,0,52.54751368,0
18/10/2018 23:00,0,0,21.74150022,0
19/10/2018 00:00,0,0,8.016087917,0
19/10/2018 01:00,0,0,21.97193375,0
19/10/2018 02:00,0,0,39.01777557,0
19/10/2018 03:00,0,0,42.0819355,0
19/10/2018 04:00,0,0,52.84060413,0.00000025
19/10/2018 05:00,4.012515,0,57.09488373,0.07100035
19/10/2018 06:00,3.529182667,0,56.90194558,0.109000183
19/10/2018 07:00,4.345844333,7.708974,57.51417977,1.83333E-06
19/10/2018 08:00,4.195842333,11.460597,59.13106355,3.33333E-07
19/10/2018 09:00,0,9.98589,60.63856743,13.66546128
19/10/2018 10:00,4.004290667,0,59.56857473,156.5398942
19/10/2018 11:00,4.512628,0,58.68190493,287.0280331
19/10/2018 12:00,4.012506,0,57.86773582,114.2827635
19/10/2018 13:00,0,0,57.6210652,4.896047167
19/10/2018 14:00,0,9.849516333,61.42118227,0
19/10/2018 15:00,0,8.006945333,66.32782305,0
19/10/2018 16:00,0.025119,10.16923033,52.66108255,8.4718134
19/10/2018 17:00,0.050118,9.186894333,48.76025248,145.0895007
19/10/2018 18:00,0.0126,0,48.04384535,291.5960991
19/10/2018 19:00,0.0126,0,64.75936295,124.9162947
19/10/2018 20:00,0.0126,0,73.49091832,8.041792833
19/10/2018 21:00,0.0126,0,67.16215673,0
19/10/2018 22:00,0.0126,0,52.3210076,0
19/10/2018 23:00,0,0,25.43917778,0
20/10/2018 00:00,0,0,9.79441765,0
20/10/2018 01:00,0,0,24.85360335,0
20/10/2018 02:00,0,0,34.22611282,0
20/10/2018 03:00,0,0,42.36776663,0
20/10/2018 04:00,0,0,45.28453878,0.00000025
20/10/2018 05:00,3.462531,0,48.51820905,0.0780007
20/10/2018 06:00,4.162506,0,55.74418178,0.1020003
20/10/2018 07:00,4.112509,7.603856,52.45852208,1.73333E-06
20/10/2018 08:00,4.179175667,10.16916833,55.53107252,8.33333E-08
20/10/2018 09:00,0,8.697013333,54.26108125,6.38765895
20/10/2018 10:00,3.91263,0,56.12690798,131.4241233
20/10/2018 11:00,4.512622,0,56.54773775,294.563546
20/10/2018 12:00,4.295834333,0,57.31939593,134.3161151
20/10/2018 13:00,0,0,60.41189718,8.1671932
20/10/2018 14:00,0,10.59272267,65.1336761,0
20/10/2018 15:00,0,10.46734367,65.18532668,0
20/10/2018 16:00,0.00012,10.848312,52.97191373,9.074128017
20/10/2018 17:00,0.050118,8.427062333,52.91690583,119.2226792
20/10/2018 18:00,0.0126,0,46.98924845,288.7938818
20/10/2018 19:00,0.0126,0,60.78626682,151.6646134
20/10/2018 20:00,0.0126,0,69.62942345,8.26252815
20/10/2018 21:00,0.0126,0,68.98883365,0
20/10/2018 22:00,0.0126,0,59.55367017,0
20/10/2018 23:00,0,0,24.89875227,0
21/10/2018 00:00,0,0,0,0
21/10/2018 01:00,0,0,0,0
21/10/2018 02:00,0,0,0,0
21/10/2018 03:00,0,0,0,0
21/10/2018 04:00,0,0,0,4.83333E-07
21/10/2018 05:00,3.762516,0,0,0.077000567
21/10/2018 06:00,4.695832333,0,0,0.103000283
21/10/2018 07:00,3.412526,10.461106,0,0.00300195
21/10/2018 08:00,3.695854333,13.06140533,0,6.16667E-07
21/10/2018 09:00,0,9.181920333,0,4.809760217
21/10/2018 10:00,4.654286667,0,0,128.6669229
21/10/2018 11:00,4.587613,0,0,297.7086268
21/10/2018 12:00,3.829179667,0,0,135.5203087
21/10/2018 13:00,0,0,0,7.441745033
21/10/2018 14:00,0,8.252120333,0,0
21/10/2018 15:00,0,9.546589333,0,0
21/10/2018 16:00,0.050118,7.879519333,0,5.691942517
21/10/2018 17:00,0.00012,8.211097,0,122.9553292
21/10/2018 18:00,0.0126,0,0,304.9822923
21/10/2018 19:00,0.0126,0,0,133.9683375
21/10/2018 20:00,0.0126,0,0,6.799980883
21/10/2018 21:00,0.0126,0,0,0
21/10/2018 22:00,0.0126,0,0,0
21/10/2018 23:00,0,0,0,0
22/10/2018 00:00,0,0,9.2044329,0
22/10/2018 01:00,0,0,24.1152759,0
22/10/2018 02:00,0,0,37.48193018,0
22/10/2018 03:00,0,0,46.70524637,0
22/10/2018 04:00,0,0,51.06302007,0
22/10/2018 05:00,3.795857333,0,52.72646462,0.0320011
22/10/2018 06:00,4.845827333,0,55.65851285,0.08700055
22/10/2018 07:00,3.495856333,10.23687133,51.02218303,0.060001
22/10/2018 08:00,3.879185667,12.03369633,51.06357053,0.0030008
22/10/2018 09:00,0,8.815402667,53.3552398,7.5423267
22/10/2018 10:00,4.420949333,0,51.54857897,135.3592374
22/10/2018 11:00,4.045960333,0,45.23608743,314.9299362
22/10/2018 12:00,4.129172667,0,50.73024065,116.5036289
22/10/2018 13:00,0,0,52.58274788,2.482662817
22/10/2018 14:00,0,6.117428333,57.84368648,0
22/10/2018 15:00,0,10.720777,63.58115937,0
22/10/2018 16:00,0.050118,10.50754067,49.74275482,7.074794017
22/10/2018 17:00,0.025119,7.91874,55.81190245,138.4123057
22/10/2018 18:00,0.0126,0,57.1366531,302.3167761
22/10/2018 19:00,0.0126,0,66.89984417,123.9325266
22/10/2018 20:00,0.0126,0,77.2792406,4.801177683
22/10/2018 21:00,0.0126,0,74.52955853,0
22/10/2018 22:00,0.0126,0,56.04084728,0
22/10/2018 23:00,0,0,22.72534988,0
23/10/2018 00:00,0,0,11.75025152,0
23/10/2018 01:00,0,0,30.28275602,0
23/10/2018 02:00,0,0,40.22193182,0
23/10/2018 03:00,0,0,51.95107423,0
23/10/2018 04:00,0,0,57.85792973,2.16667E-07
23/10/2018 05:00,4.312502,0,60.75670558,0.080000167
23/10/2018 06:00,3.362526,0,55.1611978,0.0960004
23/10/2018 07:00,4.429175667,8.554527333,53.17726822,0.005001383
23/10/2018 08:00,4.295835333,10.603159,52.66357593,0
23/10/2018 09:00,0,7.624716333,55.59107017,5.46642855
23/10/2018 10:00,3.837637,0,54.15690617,125.2729774
23/10/2018 11:00,4.587617,0,52.26607448,298.0053266
23/10/2018 12:00,3.812515,0,50.61107335,140.3036195
23/10/2018 13:00,0,0,51.89108048,8.144782417
23/10/2018 14:00,0,7.935332667,65.99449905,0
23/10/2018 15:00,0,11.74157133,64.40033058,0
23/10/2018 16:00,0.025119,11.523276,51.0427552,8.659944267
23/10/2018 17:00,0.025119,8.501242,52.52275,128.01769
23/10/2018 18:00,0.0126,0,53.92908247,301.9525431
23/10/2018 19:00,0.0126,0,65.39660625,131.3540413
23/10/2018 20:00,0.0126,0,72.13367598,5.800980667
23/10/2018 21:00,0.0126,0,69.01208732,0
23/10/2018 22:00,0.0126,0,52.2976089,0
23/10/2018 23:00,0,0,20.66842695,0
24/10/2018 00:00,0,0,9.261928767,0
24/10/2018 01:00,0,0,26.36776902,0
24/10/2018 02:00,0,0,37.03193258,0
24/10/2018 03:00,0,0,42.3785853,0
24/10/2018 04:00,0,0,50.8522661,2.66667E-07
24/10/2018 05:00,3.612516,0,54.92513967,0.040001
24/10/2018 06:00,5.129157667,0,55.17470342,0.12
24/10/2018 07:00,4.962493,6.989004,51.6266068,0.022001033
24/10/2018 08:00,3.845851333,10.27757867,53.21357678,0
24/10/2018 09:00,0,8.107178333,50.86357912,4.527959733
24/10/2018 10:00,3.429311667,0,51.78691235,133.1808198
24/10/2018 11:00,4.012622,0,51.23774438,302.9927601
24/10/2018 12:00,3.645856333,0,52.57607832,128.2544068
24/10/2018 13:00,0,0,58.89773947,5.949125033
24/10/2018 14:00,0,8.649537333,72.27032458,0
24/10/2018 15:00,0,13.080387,70.78615957,0
24/10/2018 16:00,0.025119,9.746762333,57.62940992,9.221411917
24/10/2018 17:00,0.025119,10.52740567,55.6127356,138.344123
24/10/2018 18:00,0.0126,0,53.05765993,286.2110016
24/10/2018 19:00,0.0126,0,62.79917155,134.5544716
24/10/2018 20:00,0.0126,0,68.27248527,7.3557341
24/10/2018 21:00,0.0126,0,62.42174438,0
24/10/2018 22:00,0.0126,0,47.79896088,0
24/10/2018 23:00,0,0,20.14527622,0
25/10/2018 00:00,0,0,8.607752833,0
25/10/2018 01:00,0,0,23.17610545,0
25/10/2018 02:00,0,0,34.80278158,0
25/10/2018 03:00,0,0,36.08610482,0
25/10/2018 04:00,0,0,42.76162058,0.00000035
25/10/2018 05:00,4.179173667,0,48.28081523,0.06300095
25/10/2018 06:00,4.379159667,0,52.90518678,0.10500025
25/10/2018 07:00,3.845856333,7.388043667,53.34967327,0.0120008
25/10/2018 08:00,3.929180667,11.45477467,52.87439583,0
25/10/2018 09:00,0,8.342928667,51.32106725,7.729464233
25/10/2018 10:00,4.404287667,0,48.36191698,142.7522506
25/10/2018 11:00,4.445959333,0,42.31525627,295.910147
25/10/2018 12:00,3.479189667,0,47.8277377,124.8288607
25/10/2018 13:00,0,0,50.28941785,5.714893183
25/10/2018 14:00,0,8.923671,65.46867865,0
25/10/2018 15:00,0,10.76152633,71.79032985,0
25/10/2018 16:00,0.025119,10.57673133,61.54357887,4.060096717
25/10/2018 17:00,0.00012,8.777844667,62.20106575,127.0809449
25/10/2018 18:00,0.0126,0,63.15773213,300.6919121
25/10/2018 19:00,0.0126,0,73.85584462,137.7246343
25/10/2018 20:00,0.0126,0,78.78750262,5.316946833
25/10/2018 21:00,0.0126,0,74.49522213,0
25/10/2018 22:00,0.0126,0,65.86808842,0
25/10/2018 23:00,0,0,32.74339927,0
26/10/2018 00:00,0,0,8.206087817,0
26/10/2018 01:00,0,0,24.55942798,0
26/10/2018 02:00,0,0,36.3052795,0
26/10/2018 03:00,0,0,42.37360123,0
26/10/2018 04:00,0,0,47.72303518,0
26/10/2018 05:00,4.062517,0,49.67588538,0.0620009
26/10/2018 06:00,5.195820333,0,52.72961243,0.118000033
26/10/2018 07:00,3.212528,7.433058667,54.06009783,0.00100115
26/10/2018 08:00,3.479189667,10.60240267,58.14188968,0
26/10/2018 09:00,0,7.686422,58.26272552,6.011992667
26/10/2018 10:00,3.654300667,0,55.76856628,126.4058268
26/10/2018 11:00,4.929282667,0,53.77357182,299.3432106
26/10/2018 12:00,4.079170667,0,55.7585665,139.5842772
26/10/2018 13:00,0,0,56.4844009,5.238971983
26/10/2018 14:00,0,8.668026667,62.32617265,0
26/10/2018 15:00,0,11.76887233,61.29783205,0
26/10/2018 16:00,0.050118,11.61128033,51.53608347,9.456896533
26/10/2018 17:00,0.025119,9.234482333,51.9260741,143.3104153
26/10/2018 18:00,0.0126,0,53.48558347,304.0781425
26/10/2018 19:00,0.0126,0,64.5766115,116.3185588
26/10/2018 20:00,0.0126,0,74.2340768,3.49023795
26/10/2018 21:00,0.0126,0,73.45265827,0
26/10/2018 22:00,0.0126,0,61.32251628,0
26/10/2018 23:00,0,0,26.48016457,0
27/10/2018 00:00,0,0,7.491928483,0
27/10/2018 01:00,0,0,19.5494453,0
27/10/2018 02:00,0,0,29.31444927,0
27/10/2018 03:00,0,0,41.7835882,0
27/10/2018 04:00,0,0,43.29853835,0.03000065
27/10/2018 05:00,3.862511,0,47.35440015,0.060001
27/10/2018 06:00,4.395836333,0,52.25120318,0.058001033
27/10/2018 07:00,4.295844333,5.867398333,53.05959698,0.039001
27/10/2018 08:00,3.095864333,9.829869667,55.3877323,0.00000015
27/10/2018 09:00,0,9.240274667,52.55357558,6.668060483
27/10/2018 10:00,4.86261,0,57.79773393,117.096295
27/10/2018 11:00,3.920958333,0,60.58939205,291.4895155
27/10/2018 12:00,4.229182667,0,57.7068933,151.0077624
27/10/2018 13:00,0,0,54.0769086,8.729457533
27/10/2018 14:00,0,8.321292,64.91616973,0
27/10/2018 15:00,0,13.03986767,69.14615755,0
27/10/2018 16:00,0.00012,11.98149133,54.13274793,7.523728283
27/10/2018 17:00,0.025119,8.820155667,55.65024193,142.2516178
27/10/2018 18:00,0.0126,0,52.69866932,295.1024971
27/10/2018 19:00,0.0126,0,65.39961222,126.3346927
27/10/2018 20:00,0.0126,0,80.80572488,3.903896133
27/10/2018 21:00,0.0126,0,70.1851613,0
27/10/2018 22:00,0.0126,0,53.11168157,0
27/10/2018 23:00,0,0,20.90683873,0
28/10/2018 00:00,0,0,0,0
28/10/2018 01:00,0,0,0,0
28/10/2018 02:00,0,0,0,0
28/10/2018 03:00,0,0,0,0
28/10/2018 04:00,0,0,0,1.66667E-08
28/10/2018 05:00,4.679158667,0,0,0.004001883
28/10/2018 06:00,4.062505,0,0,0.1080002
28/10/2018 07:00,3.662522,7.618648,0,0.0680001
28/10/2018 08:00,3.762505,10.65914133,0,0
28/10/2018 09:00,0,10.688388,0,12.53227965
28/10/2018 10:00,4.329300667,0,0,139.9664052
28/10/2018 11:00,4.037635,0,0,281.8765035
28/10/2018 12:00,4.079182667,0,0,138.14869
28/10/2018 13:00,0,0,0,4.81781355
28/10/2018 14:00,0,7.264851333,0,0
28/10/2018 15:00,0,10.29674033,0,0
28/10/2018 16:00,0.050118,10.10659033,0,5.66859415
28/10/2018 17:00,0.025119,10.22272167,0,130.1143249
28/10/2018 18:00,0.0126,0,0,310.362204
28/10/2018 19:00,0.0126,0,0,127.0035908
28/10/2018 20:00,0.0126,0,0,4.943012817
28/10/2018 21:00,0.0126,0,0,0
28/10/2018 22:00,0.0126,0,0,0
28/10/2018 23:00,0,0,0,0
29/10/2018 00:00,0,0,7.381930633,0
29/10/2018 01:00,0,0,19.38361915,0
29/10/2018 02:00,0,0,26.63196105,0
29/10/2018 03:00,0,0,39.91860078,0
29/10/2018 04:00,0,0,45.47669277,5.83333E-07
29/10/2018 05:00,4.162508,0,53.50129272,0.064000933
29/10/2018 06:00,4.112506,0,59.02284833,0.116000067
29/10/2018 07:00,4.512501,8.813736,57.46491823,0.000002
29/10/2018 08:00,3.962513,10.00759367,56.47022433,0.0000009
29/10/2018 09:00,0,9.145168667,54.05856403,4.08304505
29/10/2018 10:00,4.479294667,0,57.62271798,108.403382
29/10/2018 11:00,3.562639,0,57.5835603,301.8293775
29/10/2018 12:00,3.895844333,0,54.9769004,151.6100123
29/10/2018 13:00,0,0,51.39024742,9.939411583
29/10/2018 14:00,0,8.587977667,60.01618415,0
29/10/2018 15:00,0,11.84144333,68.73282808,0
29/10/2018 16:00,0.00012,9.787471667,59.024406,9.752010333
29/10/2018 17:00,0.00012,7.997136333,53.29524625,142.2233358
29/10/2018 18:00,0.0126,0,48.47402415,293.2448486
29/10/2018 19:00,0.0126,0,59.71911735,122.7317753
29/10/2018 20:00,0.0126,0,64.47410225,7.149746317
29/10/2018 21:00,0.0126,0,70.11873427,0
29/10/2018 22:00,0.0126,0,55.89941775,0
29/10/2018 23:00,0,0,24.51765912,0
30/10/2018 00:00,0,0,9.183590883,0
30/10/2018 01:00,0,0,23.13110225,0
30/10/2018 02:00,0,0,34.04777903,0
30/10/2018 03:00,0,0,37.39693573,0
30/10/2018 04:00,0,0,36.79362328,0.00000055
30/10/2018 05:00,3.629178667,0,43.5885681,0.054000683
30/10/2018 06:00,4.162506,0,49.05645348,0.074000767
30/10/2018 07:00,3.962515,7.002313333,54.98768843,0.0570009
30/10/2018 08:00,4.412507,9.85081,57.3994057,0
30/10/2018 09:00,0,9.575303667,55.42023943,7.229995567
30/10/2018 10:00,3.995968333,0,54.45439735,123.7943918
30/10/2018 11:00,4.587616,0,55.82189405,296.6280798
30/10/2018 12:00,3.862518,0,55.89689088,137.2815299
30/10/2018 13:00,0,0,56.64024225,10.10365533
30/10/2018 14:00,0,8.307009333,69.12116697,0
30/10/2018 15:00,0,10.67490967,70.18449322,0
30/10/2018 16:00,0.050118,14.245306,58.9185733,4.247692517
30/10/2018 17:00,0.025119,7.163044667,56.69439977,122.3399069
30/10/2018 18:00,0.0126,0,59.13315872,309.45254
30/10/2018 19:00,0.0126,0,69.49549897,131.9169174
30/10/2018 20:00,0.0126,0,67.6782682,6.91706025
30/10/2018 21:00,0.0126,0,69.34473802,0
30/10/2018 22:00,0.0126,0,55.21893765,0
30/10/2018 23:00,0,0,19.92742608,0
31/10/2018 00:00,0,0,7.210263367,0
31/10/2018 01:00,0,0,27.3594372,0
31/10/2018 02:00,0,0,36.75610687,0
31/10/2018 03:00,0,0,45.39109273,0
31/10/2018 04:00,0,0,45.94128607,2.66667E-07
31/10/2018 05:00,3.795841333,0,49.67797925,0.006001783
31/10/2018 06:00,3.895845333,0,53.81920087,0.112000133
31/10/2018 07:00,4.079182667,8.366254,50.59602795,0.067000367
31/10/2018 08:00,4.195850333,9.967522667,50.15357662,0
31/10/2018 09:00,0,8.744683333,48.47524683,8.347679033
31/10/2018 10:00,3.737636,0,44.49691817,122.4466122
31/10/2018 11:00,4.704286667,0,45.30608748,296.7957109
31/10/2018 12:00,4.229165667,0,51.60608087,141.4507677
31/10/2018 13:00,0,0,57.37857392,5.973414767
31/10/2018 14:00,0,7.578072667,70.535331,0
31/10/2018 15:00,0,10.213324,74.36949077,0
31/10/2018 16:00,0.00012,11.56890633,64.10273935,7.458909817
31/10/2018 17:00,0.050118,9.938372,61.92772848,130.1637189
31/10/2018 18:00,0.0126,0,61.52331417,290.3272845
31/10/2018 19:00,0.0126,0,71.51250017,138.8014174
31/10/2018 20:00,0.0126,0,75.83650177,8.636665333
31/10/2018 21:00,0.0126,0,71.59106955,0
31/10/2018 22:00,0.0126,0,63.5495016,0
31/10/2018 23:00,0,0,25.10125125,0
01/11/2018 00:00,0,0,6.812757217,0
01/11/2018 01:00,0,0,22.49527625,0
01/11/2018 02:00,0,0,37.66194135,0
01/11/2018 03:00,0,0,43.36526313,0
01/11/2018 04:00,0,0,46.12969797,3.33333E-07
01/11/2018 05:00,4.845832333,0,46.70473558,0.0740003
01/11/2018 06:00,3.212528,0,51.11668925,0.0900005
01/11/2018 07:00,4.162509,10.23842,52.46759822,0.019001467
01/11/2018 08:00,4.545836333,8.724204333,57.32772468,0.00000005
01/11/2018 09:00,0,9.122911667,54.9910586,7.01957855
01/11/2018 10:00,3.670966333,0,47.74524602,138.7657678
01/11/2018 11:00,4.070959333,0,46.23608512,304.054226
01/11/2018 12:00,4.129176667,0,56.91772977,120.1633409
01/11/2018 13:00,0,0,60.90523833,6.20611
01/11/2018 14:00,0,6.698984,68.200339,0
01/11/2018 15:00,0,12.55143733,68.67783012,0
01/11/2018 16:00,0.025119,10.81235367,60.1402415,8.731929283
01/11/2018 17:00,0.025119,7.969624333,62.99188902,133.2880776
01/11/2018 18:00,0.0126,0,63.01832085,295.8945638
01/11/2018 19:00,0.0126,0,69.49719687,132.1273862
01/11/2018 20:00,0.0126,0,70.55768647,7.077324767
01/11/2018 21:00,0.0126,0,64.64858547,0
01/11/2018 22:00,0.0126,0,55.20768707,0
01/11/2018 23:00,0,0,21.67394417,0
02/11/2018 00:00,0,0,10.38191958,0
02/11/2018 01:00,0,0,24.49193333,0
02/11/2018 02:00,0,0,31.2252736,0
02/11/2018 03:00,0,0,33.72860885,0
02/11/2018 04:00,0,0,41.17187665,0
02/11/2018 05:00,3.512515,0,50.13521782,0.0290007
02/11/2018 06:00,6.129138667,0,55.38510652,0.077000717
02/11/2018 07:00,4.679160667,8.700402667,56.51192985,0.061000583
02/11/2018 08:00,3.229189667,11.69134133,58.37606323,0.013000017
02/11/2018 09:00,0,7.484564333,57.48857042,10.17524442
02/11/2018 10:00,2.654327667,0,53.01941142,137.6071887
02/11/2018 11:00,4.037636,0,51.44357995,286.949066
02/11/2018 12:00,4.395840333,0,53.09274255,133.6929247
02/11/2018 13:00,0,0,52.04275552,8.1516327
02/11/2018 14:00,0,6.474131,64.18034413,0
02/11/2018 15:00,0,12.575482,67.83032677,0
02/11/2018 16:00,0.025119,10.68503967,59.24273788,7.70019695
02/11/2018 17:00,0.025119,9.126914333,60.1510651,127.8504067
02/11/2018 18:00,0.0126,0,60.91848998,299.8676104
02/11/2018 19:00,0.0126,0,72.9864322,133.1745072
02/11/2018 20:00,0.0126,0,80.66824177,7.184361183
02/11/2018 21:00,0.0126,0,76.05407355,0
02/11/2018 22:00,0.0126,0,58.28750907,0
02/11/2018 23:00,0,0,24.47450432,0
03/11/2018 00:00,0,0,8.7660872,0
03/11/2018 01:00,0,0,20.06943995,0
03/11/2018 02:00,0,0,30.0727821,0
03/11/2018 03:00,0,0,36.6402666,0
03/11/2018 04:00,0,0,38.1407916,6.66667E-07
03/11/2018 05:00,4.062508,0,48.38156035,0.0420013
03/11/2018 06:00,4.11251,0,55.29352602,0.092000467
03/11/2018 07:00,3.945844333,8.240366667,54.73892828,0.050000783
03/11/2018 08:00,4.145840333,11.27385033,60.27355668,0.00000015
03/11/2018 09:00,0,9.401833333,62.9177233,8.346945433
03/11/2018 10:00,4.287627,0,58.84189623,130.6039899
03/11/2018 11:00,4.320957333,0,56.45939297,293.5799133
03/11/2018 12:00,3.762521,0,54.66605413,138.0330693
03/11/2018 13:00,0,0,51.02107645,6.207311033
03/11/2018 14:00,0,7.016352,59.48034502,0
03/11/2018 15:00,0,10.25012067,60.19450158,0
03/11/2018 16:00,0.050118,11.123336,48.07775423,8.307826283
03/11/2018 17:00,0.00012,9.417803667,50.39191083,121.196275
03/11/2018 18:00,0.0126,0,52.84640687,298.741679
03/11/2018 19:00,0.0126,0,61.84693022,142.3107336
03/11/2018 20:00,0.0126,0,68.71469703,6.98850875
03/11/2018 21:00,0.0126,0,68.34932567,0
03/11/2018 22:00,0.0126,0,58.14867392,0
03/11/2018 23:00,0,0,24.51174065,0
04/11/2018 00:00,0,0,0,0
04/11/2018 01:00,0,0,0,0
04/11/2018 02:00,0,0,0,0
04/11/2018 03:00,0,0,0,0
04/11/2018 04:00,0,0,0,0
04/11/2018 05:00,5.145823333,0,0,0.101000167
04/11/2018 06:00,3.595855333,0,0,0.082000633
04/11/2018 07:00,4.145840333,7.51387,0,1.51667E-06
04/11/2018 08:00,4.012511,12.165401,0,0
04/11/2018 09:00,0,8.422007333,0,8.698464117
04/11/2018 10:00,3.595972333,0,0,123.1723282
04/11/2018 11:00,4.754283667,0,0,296.4016299
04/11/2018 12:00,3.362523,0,0,142.6664312
04/11/2018 13:00,0,0,0,5.1609461
04/11/2018 14:00,0,7.853888,0,0
04/11/2018 15:00,0,10.95738967,0,0
04/11/2018 16:00,0.050118,9.61592,0,7.4594746
04/11/2018 17:00,0.025119,9.677794667,0,124.5975419
04/11/2018 18:00,0.0126,0,0,297.9948303
04/11/2018 19:00,0.0126,0,0,138.7149358
04/11/2018 20:00,0.0126,0,0,7.299415567
04/11/2018 21:00,0.0126,0,0,0
04/11/2018 22:00,0.0126,0,0,0
04/11/2018 23:00,0,0,0,0
05/11/2018 00:00,0,0,6.75025895,0
05/11/2018 01:00,0,0,17.5169348,0
05/11/2018 02:00,0,0,28.42361595,0
05/11/2018 03:00,0,0,36.13192897,0
05/11/2018 04:00,0,0,42.73035728,0.00000025
05/11/2018 05:00,4.429177667,0,52.82937925,0.0610004
05/11/2018 06:00,3.879180667,0,63.18701108,0.10500025
05/11/2018 07:00,3.879178667,8.473777,61.67216718,0.015000933
05/11/2018 08:00,4.01251,10.44247367,58.69772527,0
05/11/2018 09:00,0,7.62378,53.90274073,6.50460755
05/11/2018 10:00,4.362622,0,54.92606472,124.2650562
05/11/2018 11:00,4.104295667,0,54.71606595,302.9738585
05/11/2018 12:00,3.995842333,0,56.68939435,136.9062023
05/11/2018 13:00,0,0,55.31774505,4.66141155
05/11/2018 14:00,0,7.973040667,61.54117815,0
05/11/2018 15:00,0,10.61659333,65.79532808,0
05/11/2018 16:00,0.00012,11.91389233,53.83192087,5.739247133
05/11/2018 17:00,0.025119,9.120270667,47.73442022,137.8246386
05/11/2018 18:00,0.0126,0,45.1947527,307.3421062
05/11/2018 19:00,0.0126,0,58.900361,121.6893127
05/11/2018 20:00,0.0126,0,72.50448953,2.397246383
05/11/2018 21:00,0.0126,0,69.70440113,0
05/11/2018 22:00,0.0126,0,56.1248459,0
05/11/2018 23:00,0,0,22.4215185,0
06/11/2018 00:00,0,0,9.058598083,0
06/11/2018 01:00,0,0,24.36110988,0
06/11/2018 02:00,0,0,33.03194042,0
06/11/2018 03:00,0,0,41.51608978,0
06/11/2018 04:00,0,0,50.08468658,0
06/11/2018 05:00,3.412518,0,54.49346847,0.064000333
06/11/2018 06:00,3.979176667,0,55.95644263,0.1140001
06/11/2018 07:00,4.179177667,9.713354,55.60884898,0.0020016
06/11/2018 08:00,3.695855333,11.80237767,56.63106793,1.16667E-07
06/11/2018 09:00,0,8.310501667,52.89441422,5.6844295
06/11/2018 10:00,5.354270667,0,47.97275643,127.5994088
06/11/2018 11:00,4.704283667,0,53.76191457,313.8630882
06/11/2018 12:00,3.312526,0,55.57940647,125.2448958
06/11/2018 13:00,0,0,52.49858193,4.262066967
06/11/2018 14:00,0,7.706364,66.58116117,0
06/11/2018 15:00,0,8.720069667,66.75448915,0
06/11/2018 16:00,0.00012,9.551722333,53.53525207,9.401230167
06/11/2018 17:00,0.050118,10.406037,57.76607482,141.1196843
06/11/2018 18:00,0.0126,0,58.7204964,297.8712944
06/11/2018 19:00,0.0126,0,67.34010758,122.6168122
06/11/2018 20:00,0.0126,0,75.22457993,6.02024135
06/11/2018 21:00,0.0126,0,66.35275242,0
06/11/2018 22:00,0.0126,0,60.53847782,0
06/11/2018 23:00,0,0,24.7744089,0
07/11/2018 00:00,0,0,8.166086483,0
07/11/2018 01:00,0,0,26.46775915,0
07/11/2018 02:00,0,0,39.86609518,0
07/11/2018 03:00,0,0,50.800236,0
07/11/2018 04:00,0,0,58.18100612,0
07/11/2018 05:00,3.929180667,0,59.33828408,0.002001317
07/11/2018 06:00,3.495855333,0,59.08977148,0.068000867
07/11/2018 07:00,4.195832333,8.400345667,52.12510262,0.088000367
07/11/2018 08:00,4.379176667,14.612676,48.24857802,0.0220001
07/11/2018 09:00,0,8.614483333,46.26608122,6.481327833
07/11/2018 10:00,4.137632,0,47.31441665,125.7698382
07/11/2018 11:00,4.395954333,0,47.365253,308.1866542
07/11/2018 12:00,4.079177667,0,48.6710827,128.9698235
07/11/2018 13:00,0,0,50.986911,4.740111683
07/11/2018 14:00,0,6.814038,59.63534335,0
07/11/2018 15:00,0,11.83636833,62.42533125,0
07/11/2018 16:00,0.075117,9.178585,54.15941512,8.934962833
07/11/2018 17:00,0.00012,7.219735333,55.6035739,131.2155545
07/11/2018 18:00,0.0126,0,56.2927445,300.0309785
07/11/2018 19:00,0.0126,0,64.68510157,129.2511576
07/11/2018 20:00,0.0126,0,68.90809458,5.644780767
07/11/2018 21:00,0.0126,0,68.71698523,0
07/11/2018 22:00,0.0126,0,58.31116998,0
07/11/2018 23:00,0,0,22.17508768,0
08/11/2018 00:00,0,0,8.186923267,0
08/11/2018 01:00,0,0,18.49111695,0
08/11/2018 02:00,0,0,23.28779843,0
08/11/2018 03:00,0,0,34.5652725,0
08/11/2018 04:00,0,0,43.76545258,0
08/11/2018 05:00,4.112512,0,52.37796973,0.0160015
08/11/2018 06:00,3.145861333,0,55.53394527,0.11100015
08/11/2018 07:00,3.845846333,6.624005,53.05351355,0.053000733
08/11/2018 08:00,4.929151667,9.995776,53.11439965,3.33333E-08
08/11/2018 09:00,0,9.652764667,51.5827365,5.730660417
08/11/2018 10:00,4.095967333,0,54.63522882,145.3526314
08/11/2018 11:00,4.070964333,0,54.58023287,300.5866275
08/11/2018 12:00,4.462504,0,56.85856825,118.1755939
08/11/2018 13:00,0,0,59.42274015,5.543727283
08/11/2018 14:00,0,7.01899,69.69283777,0
08/11/2018 15:00,0,10.71248567,68.57448832,0
08/11/2018 16:00,0.025119,12.110491,59.26357452,7.91699465
08/11/2018 17:00,0.00012,9.884339333,61.6235637,144.0640155
08/11/2018 18:00,0.0126,0,57.9814866,297.5480123
08/11/2018 19:00,0.0126,0,67.42335378,117.3648463
08/11/2018 20:00,0.0126,0,76.2665842,8.987376817
08/11/2018 21:00,0.0126,0,72.75656923,0
08/11/2018 22:00,0.0126,0,55.44192537,0
08/11/2018 23:00,0,0,20.42808553,0
09/11/2018 00:00,0,0,8.087768617,0
09/11/2018 01:00,0,0,23.55528555,0
09/11/2018 02:00,0,0,35.68944123,0
09/11/2018 03:00,0,0,44.93942272,0
09/11/2018 04:00,0,0,49.59594562,4.16667E-07
09/11/2018 05:00,4.445834333,0,57.83129603,0.053000783
09/11/2018 06:00,4.145846333,0,59.18927613,0.112000133
09/11/2018 07:00,3.245856333,7.346331,55.98877092,0.015001483
09/11/2018 08:00,3.729185667,10.66166533,57.10523472,0
09/11/2018 09:00,0,9.136055,55.53439742,6.582115267
09/11/2018 10:00,5.129277667,0,53.43607287,122.6449118
09/11/2018 11:00,3.429305667,0,53.9044075,296.5017458
09/11/2018 12:00,4.462504,0,54.60190085,143.6482851
09/11/2018 13:00,0,0,52.31774268,8.291664533
09/11/2018 14:00,0,7.370495667,63.60700605,0
09/11/2018 15:00,0,11.73394333,64.3203307,0
09/11/2018 16:00,0.075117,10.95741367,48.46526168,8.0262938
09/11/2018 17:00,0.025119,8.507094333,46.08442113,136.0482859
09/11/2018 18:00,0.0126,0,51.20207707,298.7539953
09/11/2018 19:00,0.0126,0,65.15151277,128.1332107
09/11/2018 20:00,0.0126,0,79.46890532,5.6846953
09/11/2018 21:00,0.0126,0,75.82615498,0
09/11/2018 22:00,0.0126,0,60.8511732,0
09/11/2018 23:00,0,0,25.15532968,0
10/11/2018 00:00,0,0,8.686101983,0
10/11/2018 01:00,0,0,24.59027283,0
10/11/2018 02:00,0,0,36.87526952,0
10/11/2018 03:00,0,0,48.20025425,0
10/11/2018 04:00,0,0,55.36526947,0.00000025
10/11/2018 05:00,4.929157667,0,58.51921853,0.054000767
10/11/2018 06:00,4.079175667,0,60.3080314,0.115000083
10/11/2018 07:00,3.745839333,7.92604,57.77717925,0.01900075
10/11/2018 08:00,4.262509,8.919501333,56.3369013,0
10/11/2018 09:00,0,8.615351667,56.59440228,6.940813433
10/11/2018 10:00,4.362637,0,59.38022543,137.7697526
10/11/2018 11:00,3.662642,0,59.47689568,296.1188292
10/11/2018 12:00,3.545849333,0,56.05523627,130.8116215
10/11/2018 13:00,0,0,54.11691312,5.1224279
10/11/2018 14:00,0,7.624579333,61.23701787,0
10/11/2018 15:00,0,11.59904533,60.12450228,0
10/11/2018 16:00,0.050118,13.885377,43.0452651,6.925576183
10/11/2018 17:00,0.050118,8.288741,46.8685884,142.9369971
10/11/2018 18:00,0.0126,0,50.65775845,296.3466293
10/11/2018 19:00,0.0126,0,62.56329298,123.3781823
10/11/2018 20:00,0.0126,0,73.35516542,6.2079133
10/11/2018 21:00,0.0126,0,74.77356182,0
10/11/2018 22:00,0.0126,0,67.02707762,0
10/11/2018 23:00,0,0,25.29625885,0
11/11/2018 00:00,0,0,0,0
11/11/2018 01:00,0,0,0,0
11/11/2018 02:00,0,0,0,0
11/11/2018 03:00,0,0,0,0
11/11/2018 04:00,0,0,0,0
11/11/2018 05:00,4.112504,0,0,0.02300125
11/11/2018 06:00,4.129176667,0,0,0.119000017
11/11/2018 07:00,3.729187667,8.211932333,0,0.038000767
11/11/2018 08:00,4.879162667,9.759114333,0,0
11/11/2018 09:00,0,6.925675667,0,8.2990453
11/11/2018 10:00,3.729302667,0,0,131.9584825
11/11/2018 11:00,4.387625,0,0,286.8822845
11/11/2018 12:00,3.695848333,0,0,136.5754549
11/11/2018 13:00,0,0,0,11.33795927
11/11/2018 14:00,0,8.91122,0,0
11/11/2018 15:00,0,12.89141933,0,0
11/11/2018 16:00,0.025119,10.93489567,0,9.761460717
11/11/2018 17:00,0.00012,8.331214,0,129.1836415
11/11/2018 18:00,0.0126,0,0,294.0873124
11/11/2018 19:00,0.0126,0,0,135.562789
11/11/2018 20:00,0.0126,0,0,6.185657333
11/11/2018 21:00,0.0126,0,0,0
11/11/2018 22:00,0.0126,0,0,0
11/11/2018 23:00,0,0,0,0
12/11/2018 00:00,0,0,8.486089167,0
12/11/2018 01:00,0,0,25.70609992,0
12/11/2018 02:00,0,0,34.53694143,0
12/11/2018 03:00,0,0,36.1302697,0
12/11/2018 04:00,0,0,37.57229248,1.83333E-07
12/11/2018 05:00,3.862518,0,44.68155962,0.066000367
12/11/2018 06:00,4.262514,0,49.80377617,0.0960004
12/11/2018 07:00,4.062503,8.904495333,46.8305999,0.0180014
12/11/2018 08:00,3.345850333,14.18351433,47.73190808,0.00000055
12/11/2018 09:00,0,6.916499,53.6810671,6.207308817
12/11/2018 10:00,4.837619,0,52.58357163,126.7849389
12/11/2018 11:00,4.129290667,0,55.30939998,306.6692409
12/11/2018 12:00,4.112514,0,60.74522515,132.1673235
12/11/2018 13:00,0,0,62.77522832,5.536012383
12/11/2018 14:00,0,6.619789333,68.2420036,0
12/11/2018 15:00,0,10.33339,71.11948492,0
12/11/2018 16:00,0.025119,10.045851,59.72940755,8.119778833
12/11/2018 17:00,0.050118,9.675989,62.02939645,141.7341346
12/11/2018 18:00,0.0126,0,59.23814697,299.1220615
12/11/2018 19:00,0.0126,0,62.8147676,121.5401743
12/11/2018 20:00,0.0126,0,69.62565957,5.24729695
12/11/2018 21:00,0.0126,0,65.9801729,0
12/11/2018 22:00,0.0126,0,49.5902047,0
12/11/2018 23:00,0,0,23.0845103,0
13/11/2018 00:00,0,0,9.221916783,0
13/11/2018 01:00,0,0,27.83525825,0
13/11/2018 02:00,0,0,37.57276592,0
13/11/2018 03:00,0,0,50.77024405,0
13/11/2018 04:00,0,0,55.3414348,1.83333E-07
13/11/2018 05:00,4.112509,0,59.30603727,0.024001533
13/11/2018 06:00,5.029155667,0,60.38960653,0.12
13/11/2018 07:00,3.479191667,8.191304,60.96700957,0.0360014
13/11/2018 08:00,4.295848333,10.41937533,58.77355847,4.33333E-07
13/11/2018 09:00,0,7.967016333,61.84605488,12.72772812
13/11/2018 10:00,3.829298667,0,62.19272237,140.6449513
13/11/2018 11:00,3.454303667,0,59.67773072,282.8667856
13/11/2018 12:00,4.4625,0,50.98691288,131.3804034
13/11/2018 13:00,0,0,48.66525102,7.402558633
13/11/2018 14:00,0,6.568912,57.75952363,0
13/11/2018 15:00,0,11.59986567,60.05617315,0
13/11/2018 16:00,0.025119,12.54385633,49.2244249,6.367448733
13/11/2018 17:00,0.00012,8.399378333,50.81774922,121.5134002
13/11/2018 18:00,0.0126,0,49.73192588,290.7193338
13/11/2018 19:00,0.0126,0,61.13128137,149.9342683
13/11/2018 20:00,0.0126,0,68.94034173,6.948860717
13/11/2018 21:00,0.0126,0,67.49017167,0
13/11/2018 22:00,0.0126,0,58.64567015,0
13/11/2018 23:00,0,0,23.6787433,0
14/11/2018 00:00,0,0,9.717753883,0
14/11/2018 01:00,0,0,22.59611247,0
14/11/2018 02:00,0,0,30.33111785,0
14/11/2018 03:00,0,0,38.15942892,0
14/11/2018 04:00,0,0,47.59402877,0
14/11/2018 05:00,4.412501,0,50.82521033,0.040000767
14/11/2018 06:00,3.595855333,0,57.55501718,0.119000017
14/11/2018 07:00,4.129181667,7.670366667,58.30850438,0.021001283
14/11/2018 08:00,4.379166667,9.809336333,60.57689598,5.16667E-07
14/11/2018 09:00,0,7.410576667,60.25440092,9.408945367
14/11/2018 10:00,4.337624,0,59.50689797,135.0185059
14/11/2018 11:00,3.379303667,0,51.88357217,294.4668318
14/11/2018 12:00,4.429174667,0,49.14524512,132.8885663
14/11/2018 13:00,0,0,52.72191885,5.57426115
14/11/2018 14:00,0,7.946229,65.43617895,0
14/11/2018 15:00,0,9.870168667,65.53783622,0
14/11/2018 16:00,0.025119,12.42470967,51.75525058,6.1785915
14/11/2018 17:00,0.00012,10.638282,49.69274543,115.0740312
14/11/2018 18:00,0.0126,0,48.10025,297.1931627
14/11/2018 19:00,0.0126,0,60.46652017,152.2083304
14/11/2018 20:00,0.0126,0,71.46433742,5.387731383
14/11/2018 21:00,0.0126,0,71.1260769,0
14/11/2018 22:00,0.0126,0,63.47866517,0
14/11/2018 23:00,0,0,27.08208263,0
15/11/2018 00:00,0,0,7.293594667,0
15/11/2018 01:00,0,0,22.69193788,0
15/11/2018 02:00,0,0,30.88361367,0
15/11/2018 03:00,0,0,41.50943223,0
15/11/2018 04:00,0,0,45.73753352,6.66667E-08
15/11/2018 05:00,4.212512,0,50.83671345,0.008001617
15/11/2018 06:00,3.912511,0,55.99044152,0.098000367
15/11/2018 07:00,3.712521,8.847001333,54.72501567,0.074000333
15/11/2018 08:00,4.612496,10.25574,53.62856957,0.0000001
15/11/2018 09:00,0,8.553879,57.47439463,7.746496117
15/11/2018 10:00,4.454291667,0,56.99106753,119.355883
15/11/2018 11:00,4.020962333,0,54.78441205,295.9539788
15/11/2018 12:00,3.712514,0,54.17607612,145.1420794
15/11/2018 13:00,0,0,51.33108938,8.3859931
15/11/2018 14:00,0,7.432208333,60.99117868,0
15/11/2018 15:00,0,10.53908133,69.04948143,0
15/11/2018 16:00,0.025119,10.88229667,56.5102463,8.267979383
15/11/2018 17:00,0.025119,9.914381333,52.03858263,129.6636392
15/11/2018 18:00,0.0126,0,57.43006907,300.361061
15/11/2018 19:00,0.0126,0,68.72650735,132.2400925
15/11/2018 20:00,0.0126,0,74.02899995,4.78661175
15/11/2018 21:00,0.0126,0,75.18307447,0
15/11/2018 22:00,0.0126,0,65.79067983,0
15/11/2018 23:00,0,0,23.09801162,0
16/11/2018 00:00,0,0,8.992756083,0
16/11/2018 01:00,0,0,29.20026172,0
16/11/2018 02:00,0,0,44.15276003,0
16/11/2018 03:00,0,0,47.14775197,0
16/11/2018 04:00,0,0,46.78428045,0
16/11/2018 05:00,5.66248,0,49.56005663,0.062000717
16/11/2018 06:00,3.995848333,0,53.99711223,0.1020003
16/11/2018 07:00,3.612517,8.185309667,49.01977993,0.01700085
16/11/2018 08:00,3.66252,10.89994667,46.09358858,0
16/11/2018 09:00,0,9.54619,46.49358295,7.472678
16/11/2018 10:00,4.412621,0,48.70690795,121.9522599
16/11/2018 11:00,3.587637,0,53.00024043,288.0138669
16/11/2018 12:00,3.679185667,0,51.30523943,148.5959832
16/11/2018 13:00,0,0,55.31940467,9.260659633
16/11/2018 14:00,0,6.976406,63.7903323,0
16/11/2018 15:00,0,12.37972167,63.77781965,0
16/11/2018 16:00,0.050118,9.468345,52.11774185,8.713495683
16/11/2018 17:00,0.025119,8.469567333,53.54856607,151.4605274
16/11/2018 18:00,0.0126,0,53.04515785,289.0290826
16/11/2018 19:00,0.0126,0,67.62776577,119.3456976
16/11/2018 20:00,0.0126,0,77.36933958,7.340028033
16/11/2018 21:00,0.0126,0,68.4349928,0
16/11/2018 22:00,0.0126,0,55.18828173,0
16/11/2018 23:00,0,0,24.466752,0
17/11/2018 00:00,0,0,11.302748,0
17/11/2018 01:00,0,0,27.6994163,0
17/11/2018 02:00,0,0,33.77193832,0
17/11/2018 03:00,0,0,38.25442883,0
17/11/2018 04:00,0,0,37.91770787,0.03200005
17/11/2018 05:00,4.062509,0,45.84604747,0.1030002
17/11/2018 06:00,3.779180667,0,50.70362128,0.04500125
17/11/2018 07:00,4.029177667,7.627271333,51.7004267,1.51667E-06
17/11/2018 08:00,4.379175667,11.79803,52.96690262,4.66667E-07
17/11/2018 09:00,0,9.428717,51.76273953,7.230196317
17/11/2018 10:00,4.029297667,0,52.55607845,110.7668137
17/11/2018 11:00,4.029297667,0,53.9827424,299.0399947
17/11/2018 12:00,4.279171667,0,56.03357475,152.8399763
17/11/2018 13:00,0,0,61.77857305,6.605530267
17/11/2018 14:00,0,8.072124333,65.24534227,0
17/11/2018 15:00,0,10.81984467,66.4178234,0
17/11/2018 16:00,0.025119,9.023402,56.59357637,3.1006761
17/11/2018 17:00,0.075117,9.612716667,59.7885686,120.075692
17/11/2018 18:00,0.0126,0,55.63783287,305.0839242
17/11/2018 19:00,0.0126,0,64.27969402,139.9053034
17/11/2018 20:00,0.0126,0,75.94466965,8.0054319
17/11/2018 21:00,0.0126,0,73.12582923,0
17/11/2018 22:00,0.0126,0,62.0291766,0
17/11/2018 23:00,0,0,24.05043598,0
18/11/2018 00:00,0,0,0,0
18/11/2018 01:00,0,0,0,0
18/11/2018 02:00,0,0,0,0
18/11/2018 03:00,0,0,0,0
18/11/2018 04:00,0,0,0,1.66667E-07
18/11/2018 05:00,3.579186667,0,0,0.017001717
18/11/2018 06:00,4.145843333,0,0,0.12
18/11/2018 07:00,4.145839333,7.943792,0,0.043000717
18/11/2018 08:00,4.312504,9.169375333,0,0
18/11/2018 09:00,0,8.820288667,0,7.0662097
18/11/2018 10:00,5.020952333,0,0,123.0705445
18/11/2018 11:00,3.529304667,0,0,299.9300275
18/11/2018 12:00,3.929176667,0,0,138.8886352
18/11/2018 13:00,0,0,0,7.425247517
18/11/2018 14:00,0,7.848813,0,0
18/11/2018 15:00,0,11.80806,0,0
18/11/2018 16:00,0.00012,12.94711667,0,6.363244117
18/11/2018 17:00,0.025119,7.553834,0,121.5333075
18/11/2018 18:00,0.0126,0,0,294.5842305
18/11/2018 19:00,0.0126,0,0,145.8121703
18/11/2018 20:00,0.0126,0,0,6.924980233
18/11/2018 21:00,0.0126,0,0,0
18/11/2018 22:00,0.0126,0,0,0
18/11/2018 23:00,0,0,0,0
19/11/2018 00:00,0,0,9.105259633,0
19/11/2018 01:00,0,0,26.1269381,0
19/11/2018 02:00,0,0,37.99693207,0
19/11/2018 03:00,0,0,44.53525493,0
19/11/2018 04:00,0,0,49.04819922,0.00000015
19/11/2018 05:00,3.729172667,0,50.78164357,0.047001117
19/11/2018 06:00,3.462513,0,55.52695242,0.098000367
19/11/2018 07:00,3.529193667,7.916247,58.49292957,0.035001017
19/11/2018 08:00,4.395842333,10.52932733,55.71856888,1.83333E-07
19/11/2018 09:00,0,9.241115,56.16439833,7.987106583
19/11/2018 10:00,4.604293667,0,57.98856662,124.438488
19/11/2018 11:00,4.587617,0,62.90022862,301.3038265
19/11/2018 12:00,4.329175667,0,61.79689338,133.6570021
19/11/2018 13:00,0,0,55.00275307,8.510528667
19/11/2018 14:00,0,9.227659667,62.43368863,0
19/11/2018 15:00,0,9.842494667,57.31702103,0
19/11/2018 16:00,0.025119,11.16243767,49.05109087,8.669881233
19/11/2018 17:00,0.025119,8.501968333,49.88274005,141.9955845
19/11/2018 18:00,0.0126,0,50.293573,285.1867037
19/11/2018 19:00,0.0126,0,60.01185713,130.1375201
19/11/2018 20:00,0.0126,0,71.937244,9.690807983
19/11/2018 21:00,0.0126,0,70.46532047,0
19/11/2018 22:00,0.0126,0,59.06766617,0
19/11/2018 23:00,0,0,23.29299987,0
20/11/2018 00:00,0,0,9.054440983,0
20/11/2018 01:00,0,0,24.3586128,0
20/11/2018 02:00,0,0,31.4744484,0
20/11/2018 03:00,0,0,39.36192567,0
20/11/2018 04:00,0,0,47.4079439,3.83333E-07
20/11/2018 05:00,3.995843333,0,56.14986885,0.0810006
20/11/2018 06:00,4.912495,0,54.97636257,0.1020003
20/11/2018 07:00,3.962511,6.692340333,49.2934414,0.00000115
20/11/2018 08:00,3.929179667,10.42914733,51.14273777,0
20/11/2018 09:00,0,7.288966,51.66606908,6.824261683
20/11/2018 10:00,3.312644,0,53.89189785,141.3593643
20/11/2018 11:00,4.479293667,0,50.49024158,303.3281765
20/11/2018 12:00,4.045841333,0,48.11858193,116.3271932
20/11/2018 13:00,0,0,46.3919222,4.747160183
20/11/2018 14:00,0,8.77113,63.16283957,0
20/11/2018 15:00,0,11.83398533,68.57199028,0
20/11/2018 16:00,0.050118,11.100704,56.25774213,8.4566443
20/11/2018 17:00,0.00012,10.32747967,52.75774017,130.884838
20/11/2018 18:00,0.0126,0,59.96231052,296.4588965
20/11/2018 19:00,0.0126,0,70.46059485,131.976537
20/11/2018 20:00,0.0126,0,75.58283095,6.683689233
20/11/2018 21:00,0.0126,0,71.82465522,0
20/11/2018 22:00,0.0126,0,58.71042675,0
20/11/2018 23:00,0,0,22.55991288,0
21/11/2018 00:00,0,0,12.40440593,0
21/11/2018 01:00,0,0,31.04358935,0
21/11/2018 02:00,0,0,38.65027267,0
21/11/2018 03:00,0,0,41.1019317,0
21/11/2018 04:00,0,0,48.43844338,6.66667E-07
21/11/2018 05:00,3.962512,0,55.97513377,0.100000333
21/11/2018 06:00,4.895823333,0,57.99802282,0.080000667
21/11/2018 07:00,4.295842333,7.252980667,54.50659818,1.38333E-06
21/11/2018 08:00,4.212517,13.2652,51.86773892,0
21/11/2018 09:00,0,8.120453667,49.39274228,7.56614535
21/11/2018 10:00,3.379303667,0,51.46523868,125.7176277
21/11/2018 11:00,3.995960333,0,54.90273392,301.1949268
21/11/2018 12:00,3.895849333,0,55.21523042,130.9318232
21/11/2018 13:00,0,0,58.1210691,10.03401345
21/11/2018 14:00,0,7.795450667,67.357003,0
21/11/2018 15:00,0,9.600159667,67.67866413,0
21/11/2018 16:00,0.025119,11.19409033,55.98857192,8.2991846
21/11/2018 17:00,0.025119,8.257199333,53.3719024,136.8783886
21/11/2018 18:00,0.0126,0,52.32491618,301.3507762
21/11/2018 19:00,0.0126,0,65.60793507,125.9561287
21/11/2018 20:00,0.0126,0,66.1008448,5.01339395
21/11/2018 21:00,0.0126,0,62.7358356,0
21/11/2018 22:00,0.0126,0,55.40584095,0
21/11/2018 23:00,0,0,17.88767242,0
22/11/2018 00:00,0,0,7.88359015,0
22/11/2018 01:00,0,0,23.91359552,0
22/11/2018 02:00,0,0,33.00777258,0
22/11/2018 03:00,0,0,39.15775543,0
22/11/2018 04:00,0,0,42.78060943,0
22/11/2018 05:00,4.16251,0,48.206793,0.033000633
22/11/2018 06:00,3.595858333,0,54.0071924,0.12
22/11/2018 07:00,3.762519,7.717136333,52.8603498,0.02700155
22/11/2018 08:00,4.579159667,9.450102667,56.08189585,0.0000004
22/11/2018 09:00,0,6.984002,59.74355408,7.480728767
22/11/2018 10:00,4.054293667,0,55.2477248,135.3379556
22/11/2018 11:00,4.337628,0,55.29272687,303.0031242
22/11/2018 12:00,4.145839333,0,51.32107295,126.2330601
22/11/2018 13:00,0,0,48.12775072,5.138261067
22/11/2018 14:00,0,10.63436033,58.76368132,0
22/11/2018 15:00,0,11.548219,63.89699803,0
22/11/2018 16:00,0.00012,8.519360333,55.48941592,7.76092815
22/11/2018 17:00,0.050118,11.605593,57.26023863,163.4436445
22/11/2018 18:00,0.0126,0,53.60449608,303.5212934
22/11/2018 19:00,0.0126,0,61.00636008,96.69827015
22/11/2018 20:00,0.0126,0,72.11383883,3.591429133
22/11/2018 21:00,0.0126,0,65.59991053,0
22/11/2018 22:00,0.0126,0,51.63235312,0
22/11/2018 23:00,0,0,20.45259135,0
23/11/2018 00:00,0,0,6.98774945,0
23/11/2018 01:00,0,0,21.50693673,0
23/11/2018 02:00,0,0,36.22361118,0
23/11/2018 03:00,0,0,45.81275707,0
23/11/2018 04:00,0,0,54.92727132,2.16667E-07
23/11/2018 05:00,4.16251,0,61.89095135,0.04100085
23/11/2018 06:00,4.112504,0,63.10051687,0.12
23/11/2018 07:00,4.945830333,8.172986667,63.17708592,0.024001067
23/11/2018 08:00,3.66252,10.98746767,60.97188803,3.16667E-07
23/11/2018 09:00,0,9.387764667,54.86856817,4.497100867
23/11/2018 10:00,4.320956333,0,52.24107015,137.091673
23/11/2018 11:00,3.479307667,0,54.50523867,302.4433924
23/11/2018 12:00,3.979178667,0,52.92941677,125.5008271
23/11/2018 13:00,0,0,51.55526135,6.67598045
23/11/2018 14:00,0,8.801169,55.28286497,0
23/11/2018 15:00,0,9.694093333,53.11034013,0
23/11/2018 16:00,0.025119,11.518126,46.3819166,7.372412867
23/11/2018 17:00,0.00012,7.659669333,48.58940552,124.3240103
23/11/2018 18:00,0.0126,0,43.26492492,295.5238305
23/11/2018 19:00,0.0126,0,61.05202718,140.8332864
23/11/2018 20:00,0.0126,0,74.24090812,7.4178629
23/11/2018 21:00,0.0126,0,73.57973527,0
23/11/2018 22:00,0.0126,0,61.69733227,0
23/11/2018 23:00,0,0,18.9779366,0
24/11/2018 00:00,0,0,13.67108477,0
24/11/2018 01:00,0,0,34.41942348,0
24/11/2018 02:00,0,0,45.11193045,0
24/11/2018 03:00,0,0,49.10774673,0
24/11/2018 04:00,0,0,49.2884381,0.0000003
24/11/2018 05:00,3.362516,0,54.32645263,0.005001567
24/11/2018 06:00,4.279178667,0,49.34287162,0.109000183
24/11/2018 07:00,4.429174667,7.004756333,51.22844122,0.0660009
24/11/2018 08:00,4.579169667,13.093018,53.10024015,1.01667E-06
24/11/2018 09:00,0,8.964453333,52.48523867,6.48831045
24/11/2018 10:00,3.887631,0,48.31857847,118.928972
24/11/2018 11:00,3.820962333,0,46.77358542,301.0537599
24/11/2018 12:00,4.279175667,0,48.70357963,140.9923529
24/11/2018 13:00,0,0,50.29025543,6.895447
24/11/2018 14:00,0,7.422130333,57.58619143,0
24/11/2018 15:00,0,10.46733867,63.30032772,0
24/11/2018 16:00,0.050118,12.02476067,57.59357173,7.511262
24/11/2018 17:00,0.00012,7.192298333,57.67440692,144.2438495
24/11/2018 18:00,0.0126,0,55.63774543,293.3805972
24/11/2018 19:00,0.0126,0,66.89176977,121.5165417
24/11/2018 20:00,0.0126,0,67.80701198,7.940941167
24/11/2018 21:00,0.0126,0,67.39015587,0
24/11/2018 22:00,0.0126,0,59.94116472,0
24/11/2018 23:00,0,0,25.15617058,0
25/11/2018 00:00,0,0,0,0
25/11/2018 01:00,0,0,0,0
25/11/2018 02:00,0,0,0,0
25/11/2018 03:00,0,0,0,0
25/11/2018 04:00,0,0,0,2.16667E-07
25/11/2018 05:00,4.229169667,0,0,0.027001333
25/11/2018 06:00,3.495853333,0,0,0.0900005
25/11/2018 07:00,4.06251,7.984693333,0,0.063000583
25/11/2018 08:00,4.162514,10.39258767,0,0.0000004
25/11/2018 09:00,0,7.911088,0,7.8547309
25/11/2018 10:00,4.079285667,0,0,145.1220645
25/11/2018 11:00,4.920952333,0,0,294.7690471
25/11/2018 12:00,3.712522,0,0,119.6086614
25/11/2018 13:00,0,0,0,6.488511017
25/11/2018 14:00,0,8.686944333,0,0
25/11/2018 15:00,0,12.88439767,0,0
25/11/2018 16:00,0.025119,10.660968,0,6.324731483
25/11/2018 17:00,0.00012,7.841394,0,143.0920329
25/11/2018 18:00,0.0126,0,0,297.5816951
25/11/2018 19:00,0.0126,0,0,122.4792278
25/11/2018 20:00,0.0126,0,0,7.129808633
25/11/2018 21:00,0.0126,0,0,0
25/11/2018 22:00,0.0126,0,0,0
25/11/2018 23:00,0,0,0,0
26/11/2018 00:00,0,0,12.21026405,0
26/11/2018 01:00,0,0,32.13693143,0
26/11/2018 02:00,0,0,43.10192983,0
26/11/2018 03:00,0,0,42.95359993,0
26/11/2018 04:00,0,0,44.78720603,0
26/11/2018 05:00,4.712495,0,50.27454913,0.016001017
26/11/2018 06:00,3.829176667,0,53.88179163,0.113000117
26/11/2018 07:00,3.445860333,7.248037667,52.20451993,0.0540008
26/11/2018 08:00,3.562522,10.10504267,48.52691395,4.33333E-07
26/11/2018 09:00,0,9.662737667,48.55107443,6.667728767
26/11/2018 10:00,4.237626,0,48.41440597,116.9804827
26/11/2018 11:00,4.537623,0,47.76191158,301.5296761
26/11/2018 12:00,4.312505,0,53.085236,144.3397995
26/11/2018 13:00,0,0,55.34440483,5.512593317
26/11/2018 14:00,0,10.05180633,61.4786812,0
26/11/2018 15:00,0,11.10490167,61.41534403,0
26/11/2018 16:00,0.025119,9.835069667,49.58192483,7.113172633
26/11/2018 17:00,0.025119,8.366962333,53.32690905,124.2036552
26/11/2018 18:00,0.0126,0,58.05207123,299.1670955
26/11/2018 19:00,0.0126,0,65.15676583,135.8168518
26/11/2018 20:00,0.0126,0,74.32915398,9.112326917
26/11/2018 21:00,0.0126,0,75.71071622,0
26/11/2018 22:00,0.0126,0,59.36641855,0
26/11/2018 23:00,0,0,24.92008323,0
27/11/2018 00:00,0,0,10.806914,0
27/11/2018 01:00,0,0,30.45275535,0
27/11/2018 02:00,0,0,40.5544298,0
27/11/2018 03:00,0,0,46.85025538,0
27/11/2018 04:00,0,0,53.099023,0.01300025
27/11/2018 05:00,3.862508,0,53.78205102,0.00800165
27/11/2018 06:00,4.395842333,0,52.95478887,0.094000433
27/11/2018 07:00,3.762512,7.16893,49.59185637,0.082000633
27/11/2018 08:00,3.645855333,12.01973367,51.54107483,5.83333E-07
27/11/2018 09:00,0,8.797124333,52.69690772,8.76139855
27/11/2018 10:00,4.795955333,0,53.4127385,146.4832373
27/11/2018 11:00,4.137626,0,50.27607557,292.0173136
27/11/2018 12:00,4.01251,0,55.33023155,124.2545441
27/11/2018 13:00,0,0,53.62857417,5.949732317
27/11/2018 14:00,0,9.069456333,58.59118118,0
27/11/2018 15:00,0,10.01254867,61.4978228,0
27/11/2018 16:00,0.050118,10.77246767,54.2010681,6.10539915
27/11/2018 17:00,0.025119,8.811788333,52.86023443,124.6647271
27/11/2018 18:00,0.0126,0,52.64407305,301.6038771
27/11/2018 19:00,0.0126,0,61.08279602,137.8308762
27/11/2018 20:00,0.0126,0,70.43392745,6.660281767
27/11/2018 21:00,0.0126,0,72.1719037,0
27/11/2018 22:00,0.0126,0,59.25359167,0
27/11/2018 23:00,0,0,21.56567193,0
28/11/2018 00:00,0,0,7.221095167,0
28/11/2018 01:00,0,0,19.89193837,0
28/11/2018 02:00,0,0,32.92277388,0
28/11/2018 03:00,0,0,38.91609777,0
28/11/2018 04:00,0,0,42.2466215,0.0010001
28/11/2018 05:00,4.329176667,0,45.03131393,0.060000833
28/11/2018 06:00,4.329168667,0,49.9496057,0.083000617
28/11/2018 07:00,4.062512,8.244675333,52.46343008,0.042000467
28/11/2018 08:00,3.245857333,10.74644333,52.42607012,0
28/11/2018 09:00,0,8.700243667,56.60273328,4.903227067
28/11/2018 10:00,3.795974333,0,54.17190522,131.7967015
28/11/2018 11:00,4.712617,0,54.64023903,289.006817
28/11/2018 12:00,4.162502,0,51.282746,140.7501361
28/11/2018 13:00,0,0,51.36775385,8.908812617
28/11/2018 14:00,0,7.676412,67.20366902,0
28/11/2018 15:00,0,11.79902133,73.62113577,0
28/11/2018 16:00,0.00012,11.27484167,59.85689075,7.261726467
28/11/2018 17:00,0.050118,8.111277,53.59856325,142.8257366
28/11/2018 18:00,0.0126,0,56.73531967,304.5475589
28/11/2018 19:00,0.0126,0,68.42276538,114.1254589
28/11/2018 20:00,0.0126,0,80.69200168,6.87116225
28/11/2018 21:00,0.0126,0,70.73457448,0
28/11/2018 22:00,0.0126,0,54.7548478,0
28/11/2018 23:00,0,0,19.5231783,0
29/11/2018 00:00,0,0,9.73775435,0
29/11/2018 01:00,0,0,23.90110142,0
29/11/2018 02:00,0,0,38.34527255,0
29/11/2018 03:00,0,0,42.92359687,0
29/11/2018 04:00,0,0,46.76877907,0
29/11/2018 05:00,4.145846333,0,51.66730248,0.018000667
29/11/2018 06:00,4.062507,0,58.6100224,0.1080002
29/11/2018 07:00,4.295839333,7.400636667,55.43759683,0.054000233
29/11/2018 08:00,3.629182667,9.274219333,52.91024043,0
29/11/2018 09:00,0,10.07437533,54.31107535,6.691605483
29/11/2018 10:00,3.879299667,0,52.75190963,120.5848399
29/11/2018 11:00,3.779301667,0,49.6694139,291.4715477
29/11/2018 12:00,4.895829333,0,48.18691,145.5367795
29/11/2018 13:00,0,0,49.02441093,9.831906883
29/11/2018 14:00,0,7.425582667,63.14283647,0
29/11/2018 15:00,0,9.774099333,65.04865703,0
29/11/2018 16:00,0.00012,12.915407,53.5619115,9.666659067
29/11/2018 17:00,0.00012,9.311971333,56.23773608,135.7925712
29/11/2018 18:00,0.0126,0,59.52456677,294.576247
29/11/2018 19:00,0.0126,0,65.00136392,130.9603063
29/11/2018 20:00,0.0126,0,73.74717533,5.934166633
29/11/2018 21:00,0.0126,0,74.58415015,0
29/11/2018 22:00,0.0126,0,60.7087564,0
29/11/2018 23:00,0,0,22.08399527,0
30/11/2018 00:00,0,0,7.938600083,0
30/11/2018 01:00,0,0,23.09361287,0
30/11/2018 02:00,0,0,33.49610577,0
30/11/2018 03:00,0,0,38.96610078,0
30/11/2018 04:00,0,0,42.96279743,0.012000333
30/11/2018 05:00,3.512523,0,51.02987625,0.073000733
30/11/2018 06:00,4.745835333,0,52.28044213,0.08100065
30/11/2018 07:00,4.795831333,8.175513667,57.40092367,0.017001333
30/11/2018 08:00,4.245840333,10.98390133,51.84107783,1.33333E-07
30/11/2018 09:00,0,7.288226667,55.433575,6.793396933
30/11/2018 10:00,3.670969333,0,54.25774285,145.0587329
30/11/2018 11:00,4.462623,0,51.18023775,297.0041469
30/11/2018 12:00,3.179186667,0,49.21440935,120.3192044
30/11/2018 13:00,0,0,52.59691512,5.995291817
30/11/2018 14:00,0,8.622040333,67.06117323,0
30/11/2018 15:00,0,12.60378433,75.02448038,0
30/11/2018 16:00,0.050118,9.400141667,59.51774417,4.520976433
30/11/2018 17:00,0.025119,9.156004,52.74358142,123.1500763
30/11/2018 18:00,0.0126,0,52.7226653,307.7564239
30/11/2018 19:00,0.0126,0,61.91077022,133.9119046
30/11/2018 20:00,0.0126,0,69.64816518,9.126881017
30/11/2018 21:00,0.0126,0,72.645327,0
30/11/2018 22:00,0.0126,0,61.62265877,0
30/11/2018 23:00,0,0,26.74740248,0
01/12/2018 00:00,0,0,9.353580067,0
01/12/2018 01:00,0,0,25.52859792,0
01/12/2018 02:00,0,0,30.48278038,0
01/12/2018 03:00,0,0,36.91359775,0
01/12/2018 04:00,0,0,48.17860695,0.00000035
01/12/2018 05:00,4.4125,0,54.30404747,0.04400125
01/12/2018 06:00,3.262526,0,58.45701397,0.088000533
01/12/2018 07:00,3.56252,8.552920667,54.9945906,0.048001117
01/12/2018 08:00,3.979172667,9.79595,54.21606635,0
01/12/2018 09:00,0,8.551262,49.34940393,9.533679817
01/12/2018 10:00,3.837631,0,45.718574,151.1778616
01/12/2018 11:00,4.804291667,0,49.88357287,291.7968
01/12/2018 12:00,4.779166667,0,50.69524195,117.4313169
01/12/2018 13:00,0,0,52.89691787,5.075002167
01/12/2018 14:00,0,8.212996667,67.53617777,0
01/12/2018 15:00,0,10.32984367,75.99948085,0
01/12/2018 16:00,0.00012,10.630741,61.7160703,9.173643183
01/12/2018 17:00,0.050118,9.510054667,56.08107488,142.5090286
01/12/2018 18:00,0.0126,0,52.94441555,298.42743
01/12/2018 19:00,0.0126,0,63.80860883,118.6433929
01/12/2018 20:00,0.0126,0,70.50958848,6.2458953
01/12/2018 21:00,0.0126,0,67.30382687,0
01/12/2018 22:00,0.0126,0,61.21066752,0
01/12/2018 23:00,0,0,24.78550242,0
02/12/2018 00:00,0,0,0,0
02/12/2018 01:00,0,0,0,0
02/12/2018 02:00,0,0,0,0
02/12/2018 03:00,0,0,0,0
02/12/2018 04:00,0,0,0,0.00000035
02/12/2018 05:00,3.912509,0,0,0.0000017
02/12/2018 06:00,4.412507,0,0,0.055001083
02/12/2018 07:00,3.345853333,7.260402667,0,0.110000167
02/12/2018 08:00,3.795854333,11.46153333,0,0.015000683
02/12/2018 09:00,0,9.007093333,0,8.089095633
02/12/2018 10:00,5.070948333,0,0,134.7178698
02/12/2018 11:00,4.095961333,0,0,303.131059
02/12/2018 12:00,4.029173667,0,0,127.194804
02/12/2018 13:00,0,0,0,2.271908383
02/12/2018 14:00,0,9.203641,0,0
02/12/2018 15:00,0,9.177590667,0,0
02/12/2018 16:00,0.025119,9.712653667,0,8.54199355
02/12/2018 17:00,0.00012,10.87988867,0,125.8503561
02/12/2018 18:00,0.0126,0,0,296.3653626
02/12/2018 19:00,0.0126,0,0,139.3469079
02/12/2018 20:00,0.0126,0,0,4.78621305
02/12/2018 21:00,0.0126,0,0,0
02/12/2018 22:00,0.0126,0,0,0
02/12/2018 23:00,0,0,0,0
03/12/2018 00:00,0,0,7.656933467,0
03/12/2018 01:00,0,0,25.10194375,0
03/12/2018 02:00,0,0,30.12611043,0
03/12/2018 03:00,0,0,45.42774987,0
03/12/2018 04:00,0,0,57.4674343,0.0000005
03/12/2018 05:00,2.945869333,0,59.51262407,0.0490007
03/12/2018 06:00,5.045829333,0,56.69920957,0.118000033
03/12/2018 07:00,5.095823333,7.204816333,53.89859932,0.020000833
03/12/2018 08:00,4.179169667,11.03390833,57.09023403,0
03/12/2018 09:00,0,8.580375667,57.16273142,7.026699967
03/12/2018 10:00,3.695969333,0,54.56023903,134.2041736
03/12/2018 11:00,3.73763,0,53.6327383,290.7335333
03/12/2018 12:00,3.962516,0,57.82106058,136.6557346
03/12/2018 13:00,0,0,52.88440657,5.386993917
03/12/2018 14:00,0,7.978016667,61.10951115,0
03/12/2018 15:00,0,8.407743667,67.62115988,0
03/12/2018 16:00,0.00012,13.15214067,52.12108687,4.833112867
03/12/2018 17:00,0.025119,9.547601667,51.7919132,132.1925732
03/12/2018 18:00,0.0126,0,51.48358345,309.5098723
03/12/2018 19:00,0.0126,0,61.35510643,125.2788755
03/12/2018 20:00,0.0126,0,73.05492107,3.615442483
03/12/2018 21:00,0.0126,0,68.17974505,0
03/12/2018 22:00,0.0126,0,55.50009227,0
03/12/2018 23:00,0,0,19.83292358,0
04/12/2018 00:00,0,0,8.209419367,0
04/12/2018 01:00,0,0,23.7802613,0
04/12/2018 02:00,0,0,30.62444382,0
04/12/2018 03:00,0,0,37.55026717,0
04/12/2018 04:00,0,0,41.16079022,0.0000006
04/12/2018 05:00,4.612503,0,45.25030717,0.059000517
04/12/2018 06:00,3.56253,0,53.6793575,0.115000083
04/12/2018 07:00,4.262505,7.156486,58.90592405,0.006001367
04/12/2018 08:00,3.829184667,12.99883333,55.98439648,0
04/12/2018 09:00,0,9.796002,53.14022798,5.51332615
04/12/2018 10:00,3.762633,0,49.68273597,136.463215
04/12/2018 11:00,3.870968333,0,51.57190128,299.8121439
04/12/2018 12:00,4.712485,0,52.36773257,124.2703108
04/12/2018 13:00,0,0,52.44441095,9.619631067
04/12/2018 14:00,0,7.906375,61.46701478,0
04/12/2018 15:00,0,10.94730867,63.86116422,0
04/12/2018 16:00,0.050118,8.806795333,48.73025848,11.21356495
04/12/2018 17:00,0.025119,8.626077,50.16024862,156.5112813
04/12/2018 18:00,0.0126,0,52.85474883,289.6465664
04/12/2018 19:00,0.0126,0,69.66410302,114.1305647
04/12/2018 20:00,0.0126,0,79.28357367,5.223011567
04/12/2018 21:00,0.0126,0,74.48631103,0
04/12/2018 22:00,0.0126,0,61.34301615,0
04/12/2018 23:00,0,0,24.24826512,0
05/12/2018 00:00,0,0,8.062748817,0
05/12/2018 01:00,0,0,21.88359708,0
05/12/2018 02:00,0,0,30.30278275,0
05/12/2018 03:00,0,0,34.9877792,0
05/12/2018 04:00,0,0,41.60879202,0.029000117
05/12/2018 05:00,4.512501,0,50.76314807,0.06700075
05/12/2018 06:00,5.395826333,0,58.01510452,0.061000983
05/12/2018 07:00,3.945851333,7.976276,56.90443047,0.023001183
05/12/2018 08:00,2.912532,10.50668233,55.08357005,0
05/12/2018 09:00,0,7.357923667,53.17691385,9.627479133
05/12/2018 10:00,3.629300667,0,56.42940363,138.430756
05/12/2018 11:00,3.987627,0,54.92940442,295.8070963
05/12/2018 12:00,4.279168667,0,56.98689973,126.1131074
05/12/2018 13:00,0,0,54.24191333,6.5347439
05/12/2018 14:00,0,8.722028333,69.59283463,0
05/12/2018 15:00,0,11.505644,69.91366395,0
05/12/2018 16:00,0.00012,10.20908433,59.86108255,5.473346083
05/12/2018 17:00,0.025119,10.15771567,58.52273035,128.4728075
05/12/2018 18:00,0.0126,0,59.61047652,300.5926283
05/12/2018 19:00,0.0126,0,69.40500115,136.1157367
05/12/2018 20:00,0.0126,0,79.23482723,5.7152292
05/12/2018 21:00,0.0126,0,71.0362466,0
05/12/2018 22:00,0.0126,0,55.31732998,0
05/12/2018 23:00,0,0,22.7867519,0
06/12/2018 00:00,0,0,9.1219176,0
06/12/2018 01:00,0,0,30.54692358,0
06/12/2018 02:00,0,0,36.20777435,0
06/12/2018 03:00,0,0,42.81942738,0
06/12/2018 04:00,0,0,46.42253415,0.00000025
06/12/2018 05:00,4.029172667,0,48.62347445,0.062000967
06/12/2018 06:00,4.779166667,0,49.05704418,0.118000033
06/12/2018 07:00,4.212513,8.347820667,48.57043648,0.009001667
06/12/2018 08:00,3.329189667,10.493382,48.76774403,0.00000015
06/12/2018 09:00,0,9.711842333,54.05856373,5.129013267
06/12/2018 10:00,3.729303667,0,55.05022792,132.5836859
06/12/2018 11:00,3.729304667,0,58.00022668,308.1474913
06/12/2018 12:00,4.829157667,0,59.92689613,121.7438434
06/12/2018 13:00,0,0,60.0060735,5.1614083
06/12/2018 14:00,0,9.420334667,64.12950745,0
06/12/2018 15:00,0,10.76407133,66.17115573,0
06/12/2018 16:00,0.025119,9.205016667,55.48607675,7.760992033
06/12/2018 17:00,0.025119,8.425387667,50.90191233,127.5082731
06/12/2018 18:00,0.0126,0,49.94891868,291.5654169
06/12/2018 19:00,0.0126,0,59.08760443,139.9524237
06/12/2018 20:00,0.0126,0,72.91026393,10.43110067
06/12/2018 21:00,0.0126,0,73.60415622,0
06/12/2018 22:00,0.0126,0,58.01608798,0
06/12/2018 23:00,0,0,18.45476442,0
07/12/2018 00:00,0,0,8.255249467,0
07/12/2018 01:00,0,0,26.68193255,0
07/12/2018 02:00,0,0,37.52277615,0
07/12/2018 03:00,0,0,43.84109427,0
07/12/2018 04:00,0,0,45.22745248,1.83333E-07
07/12/2018 05:00,4.829163667,0,52.84696023,0.003001683
07/12/2018 06:00,3.945842333,0,51.91168943,0.110000167
07/12/2018 07:00,4.16251,6.701487,51.67459907,0.080000367
07/12/2018 08:00,3.295855333,11.54398833,56.57106255,1.83333E-07
07/12/2018 09:00,0,9.412804667,60.36605565,5.105661917
07/12/2018 10:00,4.545949333,0,59.2885569,128.541789
07/12/2018 11:00,3.845970333,0,57.80772387,297.3554633
07/12/2018 12:00,4.012517,0,51.99107467,137.1638573
07/12/2018 13:00,0,0,53.62108625,8.619898367
07/12/2018 14:00,0,8.753582,60.80034585,0
07/12/2018 15:00,0,11.08903933,61.14533813,0
07/12/2018 16:00,0.050118,10.74157133,47.30692438,8.339563817
07/12/2018 17:00,0.00012,7.59626,44.58358678,129.3019428
07/12/2018 18:00,0.0126,0,53.96873513,302.042143
07/12/2018 19:00,0.0126,0,67.48842065,128.1708385
07/12/2018 20:00,0.0126,0,71.90832613,5.942007667
07/12/2018 21:00,0.0126,0,67.69124303,0
07/12/2018 22:00,0.0126,0,55.37868257,0
07/12/2018 23:00,0,0,21.59475843,0
08/12/2018 00:00,0,0,12.22275235,0
08/12/2018 01:00,0,0,26.90609713,0
08/12/2018 02:00,0,0,37.35443515,0
08/12/2018 03:00,0,0,49.68024383,0
08/12/2018 04:00,0,0,53.5838462,0.0010005
08/12/2018 05:00,4.545831333,0,55.07503575,0.0300015
08/12/2018 06:00,3.112533,0,51.95385728,0.09300045
08/12/2018 07:00,4.645834333,9.036024,50.44359917,0.058000917
08/12/2018 08:00,3.629188667,10.97409533,46.94691138,1.83333E-07
08/12/2018 09:00,0,7.579614333,44.17524198,8.994624917
08/12/2018 10:00,3.770957333,0,44.81691015,132.5952032
08/12/2018 11:00,4.304297667,0,50.23357435,291.8560651
08/12/2018 12:00,4.629165667,0,53.57856437,133.5725883
08/12/2018 13:00,0,0,55.88440918,8.3860603
08/12/2018 14:00,0,9.213499,62.92618293,0
08/12/2018 15:00,0,9.197643667,59.20700662,0
08/12/2018 16:00,0.025119,10.768414,49.05192313,5.824662917
08/12/2018 17:00,0.025119,8.402046333,52.3719054,123.7449583
08/12/2018 18:00,0.0126,0,51.82640737,305.1727752
08/12/2018 19:00,0.0126,0,64.43625845,133.3426729
08/12/2018 20:00,0.0126,0,72.45366175,7.933027617
08/12/2018 21:00,0.0126,0,68.48958213,0
08/12/2018 22:00,0.0126,0,51.15484058,0
08/12/2018 23:00,0,0,18.1456702,0
09/12/2018 00:00,0,0,0,0
09/12/2018 01:00,0,0,0,0
09/12/2018 02:00,0,0,0,0
09/12/2018 03:00,0,0,0,0
09/12/2018 04:00,0,0,0,0
09/12/2018 05:00,4.729158667,0,0,0.033000783
09/12/2018 06:00,3.029192667,0,0,0.12
09/12/2018 07:00,4.945833333,7.625676667,0,0.0310007
09/12/2018 08:00,3.595854333,11.310692,0,0
09/12/2018 09:00,0,9.35852,0,8.581974417
09/12/2018 10:00,4.679287667,0,0,130.8405556
09/12/2018 11:00,3.770967333,0,0,301.8181925
09/12/2018 12:00,3.912513,0,0,128.7607853
09/12/2018 13:00,0,0,0,5.106661333
09/12/2018 14:00,0,5.993157667,0,0
09/12/2018 15:00,0,11.38135133,0,0
09/12/2018 16:00,0.025119,10.97409633,0,4.222645217
09/12/2018 17:00,0.00012,9.272742667,0,130.1377253
09/12/2018 18:00,0.0126,0,0,300.2702796
09/12/2018 19:00,0.0126,0,0,135.7436003
09/12/2018 20:00,0.0126,0,0,7.53805755
09/12/2018 21:00,0.0126,0,0,0
09/12/2018 22:00,0.0126,0,0,0
09/12/2018 23:00,0,0,0,0
10/12/2018 00:00,0,0,7.42026135,0
10/12/2018 01:00,0,0,24.04026955,0
10/12/2018 02:00,0,0,35.46610322,0
10/12/2018 03:00,0,0,40.9102547,0
10/12/2018 04:00,0,0,43.90936265,0.016000117
10/12/2018 05:00,3.895844333,0,53.04213808,0.060000667
10/12/2018 06:00,4.029182667,0,58.23136215,0.067000883
10/12/2018 07:00,3.979174667,7.564791333,58.03926205,0.037000683
10/12/2018 08:00,4.312502,9.799153333,56.31189918,0
10/12/2018 09:00,0,7.922715667,54.16357003,11.86822615
10/12/2018 10:00,4.445955333,0,50.83941288,118.6118632
10/12/2018 11:00,4.095964333,0,55.17523692,290.6770491
10/12/2018 12:00,3.879184667,0,54.09023665,149.3366645
10/12/2018 13:00,0,0,54.07857193,6.40242855
10/12/2018 14:00,0,8.627092333,64.6128384,0
10/12/2018 15:00,0,11.14419833,64.13033393,0
10/12/2018 16:00,0.025119,10.70821,52.34857903,5.9380451
10/12/2018 17:00,0.025119,10.07923533,49.90857283,131.5027249
10/12/2018 18:00,0.0126,0,50.59809057,308.1296243
10/12/2018 19:00,0.0126,0,59.51910102,125.7512877
10/12/2018 20:00,0.0126,0,70.32191447,6.082709483
10/12/2018 21:00,0.0126,0,67.0456652,0
10/12/2018 22:00,0.0126,0,53.55443857,0
10/12/2018 23:00,0,0,21.66415637,0
11/12/2018 00:00,0,0,9.69608335,0
11/12/2018 01:00,0,0,24.18776622,0
11/12/2018 02:00,0,0,32.44778062,0
11/12/2018 03:00,0,0,38.65526605,0
11/12/2018 04:00,0,0,44.02444618,0.0000001
11/12/2018 05:00,3.779175667,0,45.80055388,0.0000017
11/12/2018 06:00,3.329191667,0,50.19736067,0.089000517
11/12/2018 07:00,5.579152667,8.368828,43.80019462,0.0990001
11/12/2018 08:00,4.062513,11.203189,54.4852299,3.33333E-07
11/12/2018 09:00,0,10.92910133,50.53274067,7.332115567
11/12/2018 10:00,4.220958333,0,49.80441178,131.3674187
11/12/2018 11:00,3.604304667,0,52.18107572,302.0926095
11/12/2018 12:00,4.062512,0,55.78440255,127.1090597
11/12/2018 13:00,0,0,58.83940948,5.629743667
11/12/2018 14:00,0,5.839842333,71.92449943,0
11/12/2018 15:00,0,11.16662533,74.90782202,0
11/12/2018 16:00,0.050118,10.86401033,59.77524368,4.762466917
11/12/2018 17:00,0.00012,7.708798,53.791073,117.409749
11/12/2018 18:00,0.0126,0,55.170064,308.0897906
11/12/2018 19:00,0.0126,0,67.72567275,138.9332991
11/12/2018 20:00,0.0126,0,75.66133525,7.2300609
11/12/2018 21:00,0.0126,0,68.67791693,0
11/12/2018 22:00,0.0126,0,56.45684422,0
11/12/2018 23:00,0,0,23.3180776,0
12/12/2018 00:00,0,0,8.287758683,0
12/12/2018 01:00,0,0,25.24692988,0
12/12/2018 02:00,0,0,32.50194807,0
12/12/2018 03:00,0,0,41.1585933,0
12/12/2018 04:00,0,0,42.94853437,3.66667E-07
12/12/2018 05:00,4.429163667,0,49.55254468,0.062000967
12/12/2018 06:00,4.129180667,0,52.58361495,0.12
12/12/2018 07:00,4.245837333,8.067076333,50.48751885,0.005001517
12/12/2018 08:00,3.66252,12.20644933,47.8835838,0.0000003
12/12/2018 09:00,0,8.452007333,47.11691943,9.127143167
12/12/2018 10:00,3.604307667,0,52.75107137,127.6381896
12/12/2018 11:00,4.229295667,0,50.89857483,291.8110994
12/12/2018 12:00,4.312504,0,51.80690253,139.1063004
12/12/2018 13:00,0,0,56.67273222,6.527295917
12/12/2018 14:00,0,6.934744333,65.25866857,0
12/12/2018 15:00,0,10.50416533,65.53948842,0
12/12/2018 16:00,0.025119,10.73394533,54.84356458,5.528030567
12/12/2018 17:00,0.050118,8.562064333,55.58106627,125.9219924
12/12/2018 18:00,0.0126,0,50.2560863,293.7941313
12/12/2018 19:00,0.0126,0,65.28376872,143.3918648
12/12/2018 20:00,0.0126,0,78.70791392,6.339961817
12/12/2018 21:00,0.0126,0,74.52364697,0
12/12/2018 22:00,0.0126,0,60.36675317,0
12/12/2018 23:00,0,0,24.8272503,0
13/12/2018 00:00,0,0,7.0244208,0
13/12/2018 01:00,0,0,22.55276952,0
13/12/2018 02:00,0,0,34.51193717,0
13/12/2018 03:00,0,0,42.10359517,0
13/12/2018 04:00,0,0,49.51503472,0.00000065
13/12/2018 05:00,4.029180667,0,53.96289168,0.059001017
13/12/2018 06:00,4.179176667,0,53.7277711,0.12
13/12/2018 07:00,4.112506,6.623300667,52.56767513,0.00100115
13/12/2018 08:00,4.212499,12.14975667,56.89189303,0
13/12/2018 09:00,0,7.717137333,55.46773403,7.713826567
13/12/2018 10:00,4.16263,0,52.36440825,134.7109543
13/12/2018 11:00,3.679310667,0,49.31190877,285.0551855
13/12/2018 12:00,4.212507,0,52.26523793,138.3368187
13/12/2018 13:00,0,0,54.19774303,9.408610217
13/12/2018 14:00,0,7.480393667,62.3803466,0
13/12/2018 15:00,0,10.74736267,63.64199945,0
13/12/2018 16:00,0.025119,11.86899233,50.38942227,5.894908733
13/12/2018 17:00,0.075117,9.321044,50.10857185,118.3990602
13/12/2018 18:00,0.0126,0,49.09982362,294.4204308
13/12/2018 19:00,0.0126,0,66.47750545,146.906716
13/12/2018 20:00,0.0126,0,80.07149163,9.893444117
13/12/2018 21:00,0.0126,0,74.93965123,0
13/12/2018 22:00,0.0126,0,58.4863448,0
13/12/2018 23:00,0,0,21.75251007,0
14/12/2018 00:00,0,0,9.538580983,0
14/12/2018 01:00,0,0,29.62359675,0
14/12/2018 02:00,0,0,41.10860338,0
14/12/2018 03:00,0,0,41.6427665,0
14/12/2018 04:00,0,0,48.33770177,0.00000015
14/12/2018 05:00,3.629191667,0,58.15163405,0.046001083
14/12/2018 06:00,4.095838333,0,58.09194545,0.106000233
14/12/2018 07:00,3.962518,8.358777,50.56976687,0.0280013
14/12/2018 08:00,3.729180667,9.863339,48.04857365,1.66667E-07
14/12/2018 09:00,0,7.861284,51.76774093,6.69953215
14/12/2018 10:00,4.037626,0,58.59189837,124.3760276
14/12/2018 11:00,4.679278667,0,56.63439638,300.1302594
14/12/2018 12:00,4.529173667,0,55.20273698,137.780801
14/12/2018 13:00,0,0,60.36690587,5.535806483
14/12/2018 14:00,0,10.53996067,72.2361614,0
14/12/2018 15:00,0,9.766746333,70.01115112,0
14/12/2018 16:00,0.00012,10.56006867,55.04190992,6.347678433
14/12/2018 17:00,0.025119,8.761151,51.84691453,124.1406282
14/12/2018 18:00,0.0126,0,48.3080952,305.3684592
14/12/2018 19:00,0.0126,0,63.09960512,134.6772018
14/12/2018 20:00,0.0126,0,72.47550038,6.71442665
14/12/2018 21:00,0.0126,0,65.25107472,0
14/12/2018 22:00,0.0126,0,53.75618603,0
14/12/2018 23:00,0,0,21.68292595,0
15/12/2018 00:00,0,0,5.27359225,0
15/12/2018 01:00,0,0,20.67943608,0
15/12/2018 02:00,0,0,28.89277923,0
15/12/2018 03:00,0,0,37.01275768,0
15/12/2018 04:00,0,0,48.12235408,0
15/12/2018 05:00,3.61252,0,56.6390355,1.31667E-06
15/12/2018 06:00,4.662503,0,57.51302487,0.080000667
15/12/2018 07:00,3.712512,7.329742333,53.99018155,0.0940001
15/12/2018 08:00,4.212508,10.28659033,54.89439535,0.010000433
15/12/2018 09:00,0,10.975823,53.41940335,6.973010367
15/12/2018 10:00,4.495959333,0,55.11440502,129.2655877
15/12/2018 11:00,4.045960333,0,58.25107425,300.602461
15/12/2018 12:00,3.895845333,0,56.95024437,131.8738038
15/12/2018 13:00,0,0,57.27441387,6.760794867
15/12/2018 14:00,0,7.163886,68.22867325,0
15/12/2018 15:00,0,9.965888,63.15700005,0
15/12/2018 16:00,0.050118,12.390545,50.44275032,5.043395033
15/12/2018 17:00,0.00012,8.236215,49.87857463,133.4738224
15/12/2018 18:00,0.0126,0,52.58632498,308.486358
15/12/2018 19:00,0.0126,0,63.15284997,125.583876
15/12/2018 20:00,0.0126,0,69.65959828,4.739044583
15/12/2018 21:00,0.0126,0,73.58714392,0
15/12/2018 22:00,0.0126,0,63.44640807,0
15/12/2018 23:00,0,0,23.75916788,0
16/12/2018 00:00,0,0,0,0
16/12/2018 01:00,0,0,0,0
16/12/2018 02:00,0,0,0,0
16/12/2018 03:00,0,0,0,0
16/12/2018 04:00,0,0,0,4.33333E-07
16/12/2018 05:00,4.679162667,0,0,0.028001367
16/12/2018 06:00,3.879182667,0,0,0.085000583
16/12/2018 07:00,4.029178667,8.329628333,0,0.062000483
16/12/2018 08:00,4.512502,11.16732767,0,0.005000067
16/12/2018 09:00,0,9.271137,0,6.370228833
16/12/2018 10:00,3.712637,0,0,131.6953909
16/12/2018 11:00,3.837633,0,0,297.3366951
16/12/2018 12:00,4.012511,0,0,133.6385898
16/12/2018 13:00,0,0,0,6.348611783
16/12/2018 14:00,0,7.738845,0,0
16/12/2018 15:00,0,9.725924,0,0
16/12/2018 16:00,0.025119,9.872530667,0,6.222814633
16/12/2018 17:00,0.00012,10.13006567,0,135.5499708
16/12/2018 18:00,0.0126,0,0,307.4015077
16/12/2018 19:00,0.0126,0,0,124.599627
16/12/2018 20:00,0.0126,0,0,3.9430136
16/12/2018 21:00,0.0126,0,0,0
16/12/2018 22:00,0.0126,0,0,0
16/12/2018 23:00,0,0,0,0
17/12/2018 00:00,0,0,9.659424933,0
17/12/2018 01:00,0,0,26.99193125,0
17/12/2018 02:00,0,0,40.172767,0
17/12/2018 03:00,0,0,45.79608345,0
17/12/2018 04:00,0,0,49.30327165,0
17/12/2018 05:00,4.045846333,0,55.34236353,0.0370009
17/12/2018 06:00,3.695852333,0,58.18259717,0.12
17/12/2018 07:00,3.745849333,8.877899667,51.61543288,0.023001267
17/12/2018 08:00,4.829164667,9.984134333,51.24940382,0
17/12/2018 09:00,0,9.964309333,51.48691005,7.573595667
17/12/2018 10:00,3.812632,0,52.9010753,135.3825186
17/12/2018 11:00,4.404291667,0,50.88523843,292.2304647
17/12/2018 12:00,4.129170667,0,52.98689392,131.0356052
17/12/2018 13:00,0,0,57.99772885,9.135927267
17/12/2018 14:00,0,7.721986333,66.20700133,0
17/12/2018 15:00,0,10.975682,63.79032692,0
17/12/2018 16:00,0.025119,10.24769767,46.84775872,5.591560383
17/12/2018 17:00,0.00012,8.043741,49.76691548,134.5323375
17/12/2018 18:00,0.0126,0,51.56833573,294.9451812
17/12/2018 19:00,0.0126,0,68.33084362,134.0135896
17/12/2018 20:00,0.0126,0,76.50207323,6.0209771
17/12/2018 21:00,0.0126,0,68.2015912,0
17/12/2018 22:00,0.0126,0,51.51220148,0
17/12/2018 23:00,0,0,18.68575863,0
18/12/2018 00:00,0,0,12.0235845,0
18/12/2018 01:00,0,0,27.18359315,0
18/12/2018 02:00,0,0,36.44027152,0
18/12/2018 03:00,0,0,42.59442383,0
18/12/2018 04:00,0,0,44.72861545,0.0010005
18/12/2018 05:00,4.345836333,0,52.51771945,0.000002
18/12/2018 06:00,4.412503,0,59.62459023,0.067000883
18/12/2018 07:00,3.545853333,8.219463333,54.40951322,0.10000005
18/12/2018 08:00,4.312511,9.845094667,54.20773522,0.014000083
18/12/2018 09:00,0,8.587865667,55.63273372,5.942343617
18/12/2018 10:00,3.837638,0,50.76940657,130.4620831
18/12/2018 11:00,4.512618,0,54.9860644,306.4248899
18/12/2018 12:00,3.645849333,0,47.66607275,128.6405928
18/12/2018 13:00,0,0,47.1885842,5.731262117
18/12/2018 14:00,0,9.296887333,59.67451257,0
18/12/2018 15:00,0,10.17505067,61.5228351,0
18/12/2018 16:00,0.050118,10.88650333,53.77025412,4.276244217
18/12/2018 17:00,0.025119,9.559472333,55.93774637,122.07533
18/12/2018 18:00,0.0126,0,54.44817613,295.752264
18/12/2018 19:00,0.0126,0,67.48052128,146.0174871
18/12/2018 20:00,0.0126,0,73.93208628,7.744693083
18/12/2018 21:00,0.0126,0,67.88599617,0
18/12/2018 22:00,0.0126,0,57.17392252,0
18/12/2018 23:00,0,0,23.69776755,0
19/12/2018 00:00,0,0,10.50359612,0
19/12/2018 01:00,0,0,25.95527092,0
19/12/2018 02:00,0,0,34.53526807,0
19/12/2018 03:00,0,0,35.95858692,0
19/12/2018 04:00,0,0,38.95961477,8.83333E-07
19/12/2018 05:00,4.612495,0,45.60922807,0.058001033
19/12/2018 06:00,3.545854333,0,53.32560888,0.047001217
19/12/2018 07:00,4.395835333,8.704478333,57.60059135,0.060000983
19/12/2018 08:00,3.945844333,10.575703,56.65523105,0.015000133
19/12/2018 09:00,0,9.737765667,52.96273905,5.769576367
19/12/2018 10:00,3.279311667,0,54.70773547,120.1451079
19/12/2018 11:00,4.654286667,0,53.41023488,291.3809493
19/12/2018 12:00,4.229179667,0,51.73524612,148.3410028
19/12/2018 13:00,0,0,49.77775825,10.65082533
19/12/2018 14:00,0,7.765573667,60.43785055,0
19/12/2018 15:00,0,10.26997667,64.2911717,0
19/12/2018 16:00,0.025119,10.380756,55.43608473,8.74569475
19/12/2018 17:00,0.00012,8.653657,55.71773812,114.6319019
19/12/2018 18:00,0.0126,0,57.01282982,296.2888788
19/12/2018 19:00,0.0126,0,68.74260687,149.6347914
19/12/2018 20:00,0.0126,0,73.47832063,6.293389767
19/12/2018 21:00,0.0126,0,69.0076628,0
19/12/2018 22:00,0.0126,0,60.5471757,0
19/12/2018 23:00,0,0,24.44033125,0
20/12/2018 00:00,0,0,7.449430933,0
20/12/2018 01:00,0,0,25.8702702,0
20/12/2018 02:00,0,0,38.44276758,0
20/12/2018 03:00,0,0,46.05358375,0
20/12/2018 04:00,0,0,52.53170025,0
20/12/2018 05:00,3.562512,0,58.24653655,0.033001017
20/12/2018 06:00,3.995844333,0,62.0745068,0.08100065
20/12/2018 07:00,4.295837333,6.721558,62.73424603,0.060000533
20/12/2018 08:00,4.512505,13.75950767,59.81273413,0.007000483
20/12/2018 09:00,0,8.809656333,57.27939998,10.28414543
20/12/2018 10:00,3.612636,0,55.64773535,143.1309826
20/12/2018 11:00,4.195962333,0,58.58023185,288.768315
20/12/2018 12:00,4.462511,0,54.34190248,128.2005872
20/12/2018 13:00,0,0,52.11024437,5.270642
20/12/2018 14:00,0,8.266265,56.96452692,0
20/12/2018 15:00,0,9.744295333,59.86617313,0
20/12/2018 16:00,0.025119,9.913283,50.0652568,6.7699122
20/12/2018 17:00,0.025119,8.800003667,51.10691225,128.3657793
20/12/2018 18:00,0.0126,0,49.78849345,309.197206
20/12/2018 19:00,0.0126,0,60.90177553,128.9276427
20/12/2018 20:00,0.0126,0,64.74242915,1.902510433
20/12/2018 21:00,0.0126,0,68.00775505,0
20/12/2018 22:00,0.0126,0,54.85876002,0
20/12/2018 23:00,0,0,21.37917153,0
21/12/2018 00:00,0,0,9.338588517,0
21/12/2018 01:00,0,0,23.19443365,0
21/12/2018 02:00,0,0,35.87276528,0
21/12/2018 03:00,0,0,41.09442422,0
21/12/2018 04:00,0,0,40.54145082,0.023000417
21/12/2018 05:00,3.862512,0,49.8037089,0.061000983
21/12/2018 06:00,3.862514,0,50.58086328,0.067000883
21/12/2018 07:00,3.995843333,9.459378333,52.14077242,0.02900085
21/12/2018 08:00,4.379171667,12.08728367,56.89189865,0
21/12/2018 09:00,0,9.635139667,59.4585664,10.04152593
21/12/2018 10:00,3.295978333,0,59.8143968,126.436958
21/12/2018 11:00,5.129274667,0,56.58274087,290.0434655
21/12/2018 12:00,4.062516,0,56.14107215,141.4024691
21/12/2018 13:00,0,0,58.35441248,7.370832183
21/12/2018 14:00,0,6.913175667,67.61951737,0
21/12/2018 15:00,0,9.065285667,74.07865898,0
21/12/2018 16:00,0.050118,10.55406633,65.05273808,8.190813117
21/12/2018 17:00,0.050118,8.741867333,56.99357078,135.5119561
21/12/2018 18:00,0.0126,0,58.45207673,293.2741309
21/12/2018 19:00,0.0126,0,69.67685498,131.9443365
21/12/2018 20:00,0.0126,0,73.95842,6.503610767
21/12/2018 21:00,0.0126,0,70.08857988,0
21/12/2018 22:00,0.0126,0,54.96752048,0
21/12/2018 23:00,0,0,21.83167765,0
22/12/2018 00:00,0,0,8.16109015,0
22/12/2018 01:00,0,0,28.56359538,0
22/12/2018 02:00,0,0,42.70691763,0
22/12/2018 03:00,0,0,47.15107863,0
22/12/2018 04:00,0,0,50.04760858,0.00000005
22/12/2018 05:00,4.112513,0,57.16120683,0.02600135
22/12/2018 06:00,3.845849333,0,57.5076954,0.074000767
22/12/2018 07:00,4.229173667,6.333205667,57.03684328,0.065000367
22/12/2018 08:00,4.329167667,10.90891033,56.28273402,0.017000033
22/12/2018 09:00,0,8.653549,53.41607125,6.754612433
22/12/2018 10:00,4.729288667,0,49.98441472,134.9358053
22/12/2018 11:00,3.404307667,0,53.09440608,303.9509752
22/12/2018 12:00,4.012507,0,53.79690062,124.9772119
22/12/2018 13:00,0,0,50.72608645,4.153632467
22/12/2018 14:00,0,8.708681,59.54535767,0
22/12/2018 15:00,0,11.73906633,62.95866947,0
22/12/2018 16:00,0.00012,10.42188733,48.48526417,4.059492083
22/12/2018 17:00,0.025119,8.916853333,49.65691778,122.5491598
22/12/2018 18:00,0.0126,0,50.58684037,313.2854048
22/12/2018 19:00,0.0126,0,64.05336727,128.919677
22/12/2018 20:00,0.0126,0,73.70291788,5.514159917
22/12/2018 21:00,0.0126,0,72.10148915,0
22/12/2018 22:00,0.0126,0,59.67906713,0
22/12/2018 23:00,0,0,20.79424563,0
23/12/2018 00:00,0,0,0,0
23/12/2018 01:00,0,0,0,0
23/12/2018 02:00,0,0,0,0
23/12/2018 03:00,0,0,0,0
23/12/2018 04:00,0,0,0,1.83333E-07
23/12/2018 05:00,3.962516,0,0,0.018001167
23/12/2018 06:00,4.695839333,0,0,0.12
23/12/2018 07:00,4.812501,8.151313,0,0.042000717
23/12/2018 08:00,3.629185667,9.656785333,0,0.00000025
23/12/2018 09:00,0,10.25533067,0,5.567414967
23/12/2018 10:00,3.404302667,0,0,143.2728837
23/12/2018 11:00,4.037625,0,0,301.6776258
23/12/2018 12:00,4.095838333,0,0,119.5931618
23/12/2018 13:00,0,0,0,5.005015267
23/12/2018 14:00,0,8.749391333,0,0
23/12/2018 15:00,0,10.400751,0,0
23/12/2018 16:00,0.050118,9.992516667,0,7.706641033
23/12/2018 17:00,0.00012,9.195961,0,127.4893682
23/12/2018 18:00,0.0126,0,0,296.428646
23/12/2018 19:00,0.0126,0,0,137.5947018
23/12/2018 20:00,0.0126,0,0,6.966695567
23/12/2018 21:00,0.0126,0,0,0
23/12/2018 22:00,0.0126,0,0,0
23/12/2018 23:00,0,0,0,0
24/12/2018 00:00,0,0,9.876087683,0
24/12/2018 01:00,0,0,21.16360447,0
24/12/2018 02:00,0,0,29.65028443,0
24/12/2018 03:00,0,0,40.46692652,0
24/12/2018 04:00,0,0,44.50886822,4.33333E-07
24/12/2018 05:00,4.579168667,0,53.59621862,0.038001117
24/12/2018 06:00,3.979179667,0,50.4905294,0.077000717
24/12/2018 07:00,4.395835333,7.215529667,46.57403458,0.0600006
24/12/2018 08:00,3.195857333,10.66404133,57.21440422,0.005000017
24/12/2018 09:00,0,8.996098,62.06772427,4.825530617
24/12/2018 10:00,4.304291667,0,63.09939463,132.5169743
24/12/2018 11:00,5.095941333,0,62.4210586,311.5423053
24/12/2018 12:00,3.112533,0,58.34939095,122.0081416
24/12/2018 13:00,0,0,54.99941207,4.403025267
24/12/2018 14:00,0,7.988844,64.358668,0
24/12/2018 15:00,0,10.98664233,65.43533257,0
24/12/2018 16:00,0.00012,11.20150233,53.6935834,5.910945517
24/12/2018 17:00,0.025119,8.540332667,53.12607393,147.2739497
24/12/2018 18:00,0.0126,0,49.16716025,304.0524916
24/12/2018 19:00,0.0126,0,58.7305204,115.6067774
24/12/2018 20:00,0.0126,0,67.67166577,3.79492885
24/12/2018 21:00,0.0126,0,65.18390877,0
24/12/2018 22:00,0.0126,0,56.03034707,0
24/12/2018 23:00,0,0,28.40372742,0
25/12/2018 00:00,0,0,9.515259267,0
25/12/2018 01:00,0,0,24.02694658,0
25/12/2018 02:00,0,0,35.11443975,0
25/12/2018 03:00,0,0,44.30026037,0
25/12/2018 04:00,0,0,47.37886625,0.00000045
25/12/2018 05:00,3.629185667,0,52.46355477,0.02300155
25/12/2018 06:00,3.312518,0,53.1391943,0.110000167
25/12/2018 07:00,4.529169667,9.39848,53.3729289,0.04800065
25/12/2018 08:00,4.195847333,10.23976767,54.65023548,0
25/12/2018 09:00,0,7.440607667,59.36605835,5.409609667
25/12/2018 10:00,3.870968333,0,58.35273322,112.8514809
25/12/2018 11:00,3.962627,0,49.4035768,297.1776476
25/12/2018 12:00,5.162491,0,47.01358595,152.9158276
25/12/2018 13:00,0,0,52.3694207,8.065474467
25/12/2018 14:00,0,6.578229667,64.59368085,0
25/12/2018 15:00,0,11.168274,65.88282895,0
25/12/2018 16:00,0.00012,12.18728567,51.46691672,6.918262567
25/12/2018 17:00,0.025119,8.807789667,56.53439962,140.6808
25/12/2018 18:00,0.0126,0,54.92572685,296.8974131
25/12/2018 19:00,0.0126,0,63.79276417,124.5302431
25/12/2018 20:00,0.0126,0,73.84099012,6.347144017
25/12/2018 21:00,0.0126,0,69.89833148,0
25/12/2018 22:00,0.0126,0,58.55016132,0
25/12/2018 23:00,0,0,23.49442603,0
26/12/2018 00:00,0,0,8.58275825,0
26/12/2018 01:00,0,0,23.84943582,0
26/12/2018 02:00,0,0,30.74528077,0
26/12/2018 03:00,0,0,41.57443102,0
26/12/2018 04:00,0,0,44.28995233,1.83333E-07
26/12/2018 05:00,3.479195667,0,45.35491037,0.047001033
26/12/2018 06:00,4.545831333,0,50.90772148,0.11100015
26/12/2018 07:00,3.362527,7.364630333,58.18043027,0.0270006
26/12/2018 08:00,4.412501,14.21517,61.64772647,0
26/12/2018 09:00,0,8.712668667,63.49605925,8.994564
26/12/2018 10:00,4.020961333,0,58.1143986,131.9966224
26/12/2018 11:00,4.729288667,0,56.59857035,291.4511325
26/12/2018 12:00,4.112502,0,55.14357088,136.4429871
26/12/2018 13:00,0,0,55.2027513,6.730460383
26/12/2018 14:00,0,7.798852,68.19033398,0
26/12/2018 15:00,0,10.55001067,70.25698498,0
26/12/2018 16:00,0.00012,10.03430533,54.87440853,7.362049383
26/12/2018 17:00,0.025119,7.662199333,58.05773028,139.3294382
26/12/2018 18:00,0.0126,0,58.47965542,297.992712
26/12/2018 19:00,0.0126,0,68.12718405,125.0906255
26/12/2018 20:00,0.0126,0,73.9741751,6.106559683
26/12/2018 21:00,0.0126,0,69.79422925,0
26/12/2018 22:00,0.0126,0,57.29383537,0
26/12/2018 23:00,0,0,21.72125735,0
27/12/2018 00:00,0,0,10.08859172,0
27/12/2018 01:00,0,0,28.06609622,0
27/12/2018 02:00,0,0,34.83110952,0
27/12/2018 03:00,0,0,36.47194153,0
27/12/2018 04:00,0,0,41.65255018,0.0000005
27/12/2018 05:00,3.412526,0,50.44714407,0.029000933
27/12/2018 06:00,4.412502,0,54.79436532,0.094000433
27/12/2018 07:00,3.395854333,7.902189333,53.65176677,0.0570005
27/12/2018 08:00,4.16251,10.173285,52.47857637,1.66667E-08
27/12/2018 09:00,0,9.152815667,51.67274182,8.353591833
27/12/2018 10:00,5.395933333,0,54.3002373,123.4661556
27/12/2018 11:00,3.095989333,0,50.76524542,301.8587765
27/12/2018 12:00,4.762493,0,53.59440825,135.8694899
27/12/2018 13:00,0,0,60.76606935,6.059294667
27/12/2018 14:00,0,7.598887,68.27867563,0
27/12/2018 15:00,0,12.20381033,72.39531468,0
27/12/2018 16:00,0.025119,9.857531667,57.01107215,4.474213267
27/12/2018 17:00,0.025119,8.712774667,56.91106967,117.5080838
27/12/2018 18:00,0.0126,0,56.8558254,309.0357406
27/12/2018 19:00,0.0126,0,67.78359773,138.3371874
27/12/2018 20:00,0.0126,0,77.8371625,5.855529867
27/12/2018 21:00,0.0126,0,73.17322705,0
27/12/2018 22:00,0.0126,0,65.11100542,0
27/12/2018 23:00,0,0,26.96898305,0
28/12/2018 00:00,0,0,6.214423217,0
28/12/2018 01:00,0,0,20.94193787,0
28/12/2018 02:00,0,0,36.8952687,0
28/12/2018 03:00,0,0,44.1294221,0
28/12/2018 04:00,0,0,48.37218922,4.83333E-07
28/12/2018 05:00,3.96252,0,52.60178888,0.06100055
28/12/2018 06:00,4.745833333,0,52.55036663,0.11700005
28/12/2018 07:00,4.245837333,5.394188,52.67185498,0.003000817
28/12/2018 08:00,4.262504,11.07145333,50.52107885,0
28/12/2018 09:00,0,10.81505667,52.99857593,3.49822825
28/12/2018 10:00,3.745968333,0,53.74273913,138.8526528
28/12/2018 11:00,3.229308667,0,52.80690693,299.4928278
28/12/2018 12:00,4.395838333,0,55.05023847,124.3088249
28/12/2018 13:00,0,0,57.55774397,9.704843183
28/12/2018 14:00,0,7.065587667,64.53034227,0
28/12/2018 15:00,0,11.77886633,63.78283323,0
28/12/2018 16:00,0.075117,10.36742767,53.70358278,5.096646067
28/12/2018 17:00,0.025119,9.275381667,56.36190085,128.1711865
28/12/2018 18:00,0.0126,0,58.65448375,310.7663222
28/12/2018 19:00,0.0126,0,66.50477325,128.1084426
28/12/2018 20:00,0.0126,0,73.45474948,5.496761483
28/12/2018 21:00,0.0126,0,69.97806872,0
28/12/2018 22:00,0.0126,0,60.38917038,0
28/12/2018 23:00,0,0,26.44858438,0
29/12/2018 00:00,0,0,11.33359575,0
29/12/2018 01:00,0,0,24.15778213,0
29/12/2018 02:00,0,0,30.31361907,0
29/12/2018 03:00,0,0,41.33442628,0
29/12/2018 04:00,0,0,43.81104098,0.0000002
29/12/2018 05:00,4.329170667,0,49.06080702,0.005001817
29/12/2018 06:00,4.095843333,0,57.2071972,0.094000433
29/12/2018 07:00,3.979177667,6.967175333,56.77018603,0.081000417
29/12/2018 08:00,3.245854333,10.87990767,57.89273425,0.0000001
29/12/2018 09:00,0,8.903732,58.54523505,8.347281117
29/12/2018 10:00,4.495948333,0,60.24356067,124.5759293
29/12/2018 11:00,4.287629,0,57.02272802,300.1177609
29/12/2018 12:00,4.179185667,0,53.20607507,136.4371981
29/12/2018 13:00,0,0,57.20690698,6.7856077
29/12/2018 14:00,0,10.56429033,61.97283413,0
29/12/2018 15:00,0,10.205769,62.44198673,0
29/12/2018 16:00,0.075117,9.752631667,50.5344188,10.5709943
29/12/2018 17:00,0.00012,8.384482333,50.5077476,144.1606336
29/12/2018 18:00,0.0126,0,56.23407475,285.9448873
29/12/2018 19:00,0.0126,0,72.03466742,130.5517732
29/12/2018 20:00,0.0126,0,77.11300082,6.003808667
29/12/2018 21:00,0.0126,0,68.07083418,0
29/12/2018 22:00,0.0126,0,54.16825742,0
29/12/2018 23:00,0,0,20.32242672,0
30/12/2018 00:00,0,0,0,0
30/12/2018 01:00,0,0,0,0
30/12/2018 02:00,0,0,0,0
30/12/2018 03:00,0,0,0,0
30/12/2018 04:00,0,0,0,3.83333E-07
30/12/2018 05:00,3.912516,0,0,0.070000833
30/12/2018 06:00,5.01249,0,0,0.109000183
30/12/2018 07:00,4.295842333,7.117227333,0,0.005001917
30/12/2018 08:00,3.195867333,9.855875,0,2.66667E-07
30/12/2018 09:00,0,7.865431667,0,6.315876683
30/12/2018 10:00,4.237623,0,0,142.9792309
30/12/2018 11:00,4.479284667,0,0,304.9457262
30/12/2018 12:00,3.479185667,0,0,114.6607622
30/12/2018 13:00,0,0,0,6.1910777
30/12/2018 14:00,0,9.013647,0,0
30/12/2018 15:00,0,11.97973867,0,0
30/12/2018 16:00,0.00012,10.73499467,0,6.2690471
30/12/2018 17:00,0.075117,8.31118,0,140.1348525
30/12/2018 18:00,0.0126,0,0,293.0802155
30/12/2018 19:00,0.0126,0,0,131.674587
30/12/2018 20:00,0.0126,0,0,6.573727267
30/12/2018 21:00,0.0126,0,0,0
30/12/2018 22:00,0.0126,0,0,0
30/12/2018 23:00,0,0,0,0
31/12/2018 00:00,0,0,6.8402615,0
31/12/2018 01:00,0,0,18.67610605,0
31/12/2018 02:00,0,0,33.74193525,0
31/12/2018 03:00,0,0,42.17442353,0
31/12/2018 04:00,0,0,45.66686572,8.66667E-07
31/12/2018 05:00,3.579188667,0,51.58063897,0.00300195
31/12/2018 06:00,3.829180667,0,54.31760557,0.0900005
31/12/2018 07:00,4.395833333,7.572997667,52.96260057,0.087000217
31/12/2018 08:00,4.162508,10.10499167,51.73190915,5.66667E-07
31/12/2018 09:00,0,8.890206667,52.08524122,10.34687672
31/12/2018 10:00,4.479290667,0,51.46607303,140.071649
31/12/2018 11:00,3.570975333,0,50.68607423,293.4525121
31/12/2018 12:00,4.595832333,0,53.5902332,126.6682541
31/12/2018 13:00,0,0,58.74023042,5.450724933
31/12/2018 14:00,0,8.553714,66.04117302,0
31/12/2018 15:00,0,12.68209067,68.52614508,0
31/12/2018 16:00,0.025119,11.46739067,54.55024385,11.29937475
31/12/2018 17:00,0.050118,6.968148667,57.74606592,134.6912038
31/12/2018 18:00,0.0126,0,54.14741032,291.6411157
31/12/2018 19:00,0.0126,0,63.34886268,133.1954582
31/12/2018 20:00,0.0126,0,70.32725965,5.9410786
31/12/2018 21:00,0.0126,0,64.10792085,0
31/12/2018 22:00,0.0126,0,58.25927178,0
31/12/2018 23:00,0,0,28.56857685,0
