{"working_days_AP": {"Monday": false, "Tuesday": false, "Wednesday": false, "Thursday": false, "Friday": false, "Saturday": false, "Sunday": false}, "revenues_AP": {"agroprocessing monthly revenues": {"weekly revenues * 4": 80.0, "monthly revenues": 200.0}}, "agroprocessing_dict": {"mill": {"fuel": "electric", "crop_processed_per_run": 20.0, "throughput": 20.0, "crop_processed_per_fuel": 4.0, "usage_time": 120.0, "time_window": [[12, 22]], "crop_processed_per_day": {"January": 0.14285714285714285, "February": 0.2857142857142857, "March": 0.42857142857142855, "April": 0.14285714285714285, "May": 0.2857142857142857, "June": 0.42857142857142855, "July": 0.14285714285714285, "August": 0.2857142857142857, "September": 0.42857142857142855, "October": 0.14285714285714285, "November": 0.2857142857142857, "December": 0.42857142857142855}}}}